2025-10-12 08:58:25,778 [INFO] Activator:176 - 


2025-10-12 08:58:25,785 [INFO] Activator:177 - !SESSION log4j initialized
2025-10-12 08:58:30,238 [INFO] LogOutputStream:77 - [STDOUT_REDIRECT] 
2025-10-12 08:58:32,126 [INFO] ApplicationProperties:184 - Using Application install path: C:\ST\STM32CubeIDE_1.15.1\STM32CubeIDE\plugins\com.st.stm32cube.common.mx_6.15.0.202507011659
2025-10-12 08:58:32,140 [INFO] DbMcusXml:78 - Set database path to: C:\ST\STM32CubeIDE_1.15.1\STM32CubeIDE\plugins\com.st.stm32cube.common.mx_6.15.0.202507011659\\db\/mcu/
2025-10-12 08:58:32,141 [INFO] ApiDb:274 - Set plugin database path to: C:\ST\STM32CubeIDE_1.15.1\STM32CubeIDE\plugins\com.st.stm32cube.common.mx_6.15.0.202507011659\\db\/plugins/boardmanager/
2025-10-12 08:58:32,141 [WARN] ApiDb:259 - Overriding images path with different value:  => C:\ST\STM32CubeIDE_1.15.1\STM32CubeIDE\plugins\com.st.stm32cube.common.mx_6.15.0.202507011659\\db\/plugins/mcufinder/images/
2025-10-12 08:58:32,151 [INFO] ApiDb:250 - Set database path to: C:\Users\lucas\.stmcufinder\plugins\mcufinder//mcu/
2025-10-12 08:58:32,153 [INFO] DbMcusAds:125 - Set database path to: C:\Users\lucas\.stmcufinder\plugins\mcufinder//mcu/
2025-10-12 08:58:32,154 [INFO] CrossReferenceDbSqlite:203 - Set database path to: C:\Users\lucas\.stmcufinder\plugins\mcufinder//mcu/cs/
2025-10-12 08:58:32,249 [INFO] RulesReader:64 - Compatibility file has been processed (317 Rules)
2025-10-12 08:58:32,316 [INFO] DbMcusXml:78 - Set database path to: C:\ST\STM32CubeIDE_1.15.1\STM32CubeIDE\plugins\com.st.stm32cube.common.mx_6.15.0.202507011659\\db\/mcu/
2025-10-12 08:58:32,316 [INFO] ApiDb:274 - Set plugin database path to: C:\ST\STM32CubeIDE_1.15.1\STM32CubeIDE\plugins\com.st.stm32cube.common.mx_6.15.0.202507011659\\db\/plugins/boardmanager/
2025-10-12 08:58:32,316 [INFO] ApiDb:261 - Set plugin images path to: C:\ST\STM32CubeIDE_1.15.1\STM32CubeIDE\plugins\com.st.stm32cube.common.mx_6.15.0.202507011659\\db\/plugins/mcufinder/images/
2025-10-12 08:58:32,316 [WARN] DbFile:41 - Overriding database path with different value: C:\Users\lucas\.stmcufinder\plugins\mcufinder/ => C:\Users\lucas\.stmcufinder\plugins\mcufinder
2025-10-12 08:58:32,316 [INFO] ApiDb:250 - Set database path to: C:\Users\lucas\.stmcufinder\plugins\mcufinder//mcu/
2025-10-12 08:58:32,316 [WARN] DbFile:41 - Overriding database path with different value: C:\Users\lucas\.stmcufinder\plugins\mcufinder/ => C:\Users\lucas\.stmcufinder\plugins\mcufinder
2025-10-12 08:58:32,316 [INFO] DbMcusAds:125 - Set database path to: C:\Users\lucas\.stmcufinder\plugins\mcufinder//mcu/
2025-10-12 08:58:32,316 [WARN] DbFile:41 - Overriding database path with different value: C:\Users\lucas\.stmcufinder\plugins\mcufinder/ => C:\Users\lucas\.stmcufinder\plugins\mcufinder
2025-10-12 08:58:32,317 [WARN] DbFile:41 - Overriding database path with different value: C:\Users\lucas\.stmcufinder\plugins\mcufinder/ => C:\Users\lucas\.stmcufinder\plugins\mcufinder
2025-10-12 08:58:32,317 [INFO] CrossReferenceDbSqlite:203 - Set database path to: C:\Users\lucas\.stmcufinder\plugins\mcufinder//mcu/cs/
2025-10-12 08:58:32,376 [INFO] MainPanel:274 - HeapMemory: 268435456
2025-10-12 08:58:32,458 [INFO] DbMcusXml:78 - Set database path to: C:\ST\STM32CubeIDE_1.15.1\STM32CubeIDE\plugins\com.st.stm32cube.common.mx_6.15.0.202507011659\\db\/mcu/
2025-10-12 08:58:32,458 [INFO] ApiDb:274 - Set plugin database path to: C:\ST\STM32CubeIDE_1.15.1\STM32CubeIDE\plugins\com.st.stm32cube.common.mx_6.15.0.202507011659\\db\/plugins/boardmanager/
2025-10-12 08:58:32,458 [INFO] ApiDb:261 - Set plugin images path to: C:\ST\STM32CubeIDE_1.15.1\STM32CubeIDE\plugins\com.st.stm32cube.common.mx_6.15.0.202507011659\\db\/plugins/mcufinder/images/
2025-10-12 08:58:32,458 [WARN] DbFile:41 - Overriding database path with different value: C:\Users\lucas\.stmcufinder\plugins\mcufinder/ => C:\Users\lucas\.stmcufinder\plugins\mcufinder
2025-10-12 08:58:32,458 [INFO] ApiDb:250 - Set database path to: C:\Users\lucas\.stmcufinder\plugins\mcufinder//mcu/
2025-10-12 08:58:32,458 [WARN] DbFile:41 - Overriding database path with different value: C:\Users\lucas\.stmcufinder\plugins\mcufinder/ => C:\Users\lucas\.stmcufinder\plugins\mcufinder
2025-10-12 08:58:32,458 [INFO] DbMcusAds:125 - Set database path to: C:\Users\lucas\.stmcufinder\plugins\mcufinder//mcu/
2025-10-12 08:58:32,458 [WARN] DbFile:41 - Overriding database path with different value: C:\Users\lucas\.stmcufinder\plugins\mcufinder/ => C:\Users\lucas\.stmcufinder\plugins\mcufinder
2025-10-12 08:58:32,458 [WARN] DbFile:41 - Overriding database path with different value: C:\Users\lucas\.stmcufinder\plugins\mcufinder/ => C:\Users\lucas\.stmcufinder\plugins\mcufinder
2025-10-12 08:58:32,459 [INFO] CrossReferenceDbSqlite:203 - Set database path to: C:\Users\lucas\.stmcufinder\plugins\mcufinder//mcu/cs/
2025-10-12 08:58:32,472 [INFO] ApplicationProperties:184 - Using Application install path: C:\ST\STM32CubeIDE_1.15.1\STM32CubeIDE\plugins\com.st.stm32cube.common.mx_6.15.0.202507011659
2025-10-12 08:58:32,473 [INFO] PluginManage:196 - Search for loadable plugins [exclusion list=, ]
2025-10-12 08:58:32,474 [INFO] PluginManage:310 - Check plugin analytics
2025-10-12 08:58:32,604 [INFO] AnalyticsPlugin:253 - Accepted Software Licenses: 
2025-10-12 08:58:32,604 [INFO] AnalyticsPlugin:255 - Accepted CMSIS Pack Licenses: 
2025-10-12 08:58:32,604 [INFO] AnalyticsPlugin:257 - Accepted Firmware Licenses: 
2025-10-12 08:58:32,606 [INFO] PluginManage:359 - Loaded plugin analytics (category:tool,tabindex:-1)
2025-10-12 08:58:32,606 [INFO] PluginManage:310 - Check plugin cadmodel
2025-10-12 08:58:32,616 [INFO] CADModel:105 - Init CAD model plugin
2025-10-12 08:58:32,616 [INFO] PluginManage:359 - Loaded plugin cadmodel (category:power,tabindex:5)
2025-10-12 08:58:32,616 [INFO] PluginManage:310 - Check plugin clock
2025-10-12 08:58:32,626 [INFO] PluginManage:359 - Loaded plugin clock (category:base,tabindex:2)
2025-10-12 08:58:32,626 [INFO] PluginManage:310 - Check plugin ddr
2025-10-12 08:58:32,628 [INFO] PluginManage:359 - Loaded plugin ddr (category:tool,tabindex:6)
2025-10-12 08:58:32,628 [INFO] PluginManage:310 - Check plugin filemanager
2025-10-12 08:58:32,739 [INFO] PluginManage:359 - Loaded plugin filemanager (category:base,tabindex:10)
2025-10-12 08:58:32,740 [INFO] PluginManage:310 - Check plugin ipmanager
2025-10-12 08:58:32,745 [INFO] PluginManage:359 - Loaded plugin ipmanager (category:base,tabindex:5)
2025-10-12 08:58:32,745 [INFO] PluginManage:310 - Check plugin lpbam
2025-10-12 08:58:32,853 [INFO] PluginManage:359 - Loaded plugin lpbam (category:base,tabindex:0)
2025-10-12 08:58:32,853 [INFO] PluginManage:310 - Check plugin memorymap
2025-10-12 08:58:32,949 [INFO] PluginManage:359 - Loaded plugin memorymap (category:base,tabindex:4)
2025-10-12 08:58:32,949 [INFO] PluginManage:310 - Check plugin pinoutandconfiguration
2025-10-12 08:58:32,966 [INFO] PluginManage:359 - Loaded plugin pinoutandconfiguration (category:base,tabindex:1)
2025-10-12 08:58:32,966 [INFO] PluginManage:310 - Check plugin pinoutconfig
2025-10-12 08:58:33,035 [WARN] SupportedApi:132 - Cannot load RTOS API schema: s4s-elt-must-match.1: The content of 'definitions' must match (annotation?, (simpleType | complexType)?, (unique | key | keyref)*)). A problem was found starting at: attribute.
2025-10-12 08:58:33,138 [INFO] PluginManage:359 - Loaded plugin pinoutconfig (category:base,tabindex:0)
2025-10-12 08:58:33,138 [INFO] PluginManage:310 - Check plugin power
2025-10-12 08:58:33,151 [INFO] PluginManage:359 - Loaded plugin power (category:power,tabindex:4)
2025-10-12 08:58:33,151 [INFO] PluginManage:310 - Check plugin projectmanager
2025-10-12 08:58:33,162 [INFO] PluginManage:359 - Loaded plugin projectmanager (category:projectmanager,tabindex:4)
2025-10-12 08:58:33,162 [INFO] PluginManage:310 - Check plugin rif
2025-10-12 08:58:33,176 [INFO] PluginManage:359 - Loaded plugin rif (category:base,tabindex:3)
2025-10-12 08:58:33,176 [INFO] PluginManage:310 - Check plugin thirdparty
2025-10-12 08:58:33,335 [INFO] PluginManage:359 - Loaded plugin thirdparty (category:base,tabindex:-1)
2025-10-12 08:58:33,335 [WARN] IntegrityCheckThread:84 - waiting for thirdparty lock release [integrity check]
2025-10-12 08:58:33,335 [INFO] PluginManage:310 - Check plugin tools
2025-10-12 08:58:33,335 [INFO] IntegrityCheckThread:86 - entering critical section [integrity check]
2025-10-12 08:58:33,336 [INFO] ThirdPartyUpdaterWithRetryManager:70 - Updater plugin not ready yet. [1/15]
2025-10-12 08:58:33,350 [INFO] PluginManage:359 - Loaded plugin tools (category:base,tabindex:7)
2025-10-12 08:58:33,351 [INFO] PluginManage:310 - Check plugin tutovideos
2025-10-12 08:58:33,553 [INFO] PluginManage:359 - Loaded plugin tutovideos (category:base,tabindex:-1)
2025-10-12 08:58:33,554 [INFO] PluginManage:310 - Check plugin updater
2025-10-12 08:58:33,570 [INFO] PluginManage:359 - Loaded plugin updater (category:base,tabindex:12)
2025-10-12 08:58:33,570 [INFO] PluginManage:310 - Check plugin userauth
2025-10-12 08:58:33,573 [INFO] UserAuth:118 - Init User Auth plugin
2025-10-12 08:58:33,574 [INFO] PluginManage:359 - Loaded plugin userauth (category:base,tabindex:14)
2025-10-12 08:58:33,574 [INFO] PluginManage:283 - PluginManage : Loaded plugins [18]
2025-10-12 08:58:33,740 [INFO] PinOutPanel:1589 - setPackage(No Configuration,No Configuration)
2025-10-12 08:58:33,803 [INFO] CADModel:165 - CPN selected for project level
2025-10-12 08:58:33,803 [INFO] CADModel:114 - Register for checkConnection events
2025-10-12 08:58:33,846 [INFO] IPUIPlugin:80 - create IPUIPlugin
2025-10-12 08:58:33,847 [INFO] PluginManager:220 - loadIPPluginJar : add adc
2025-10-12 08:58:33,859 [INFO] IPUIPlugin:80 - create IPUIPlugin
2025-10-12 08:58:33,859 [INFO] PluginManager:220 - loadIPPluginJar : add aes
2025-10-12 08:58:33,873 [INFO] IPUIPlugin:80 - create IPUIPlugin
2025-10-12 08:58:33,873 [INFO] PluginManager:220 - loadIPPluginJar : add can
2025-10-12 08:58:33,881 [INFO] IPUIPlugin:80 - create IPUIPlugin
2025-10-12 08:58:33,881 [INFO] PluginManager:220 - loadIPPluginJar : add comp
2025-10-12 08:58:33,892 [INFO] IPUIPlugin:80 - create IPUIPlugin
2025-10-12 08:58:33,892 [INFO] PluginManager:220 - loadIPPluginJar : add cryp
2025-10-12 08:58:33,898 [INFO] IPUIPlugin:80 - create IPUIPlugin
2025-10-12 08:58:33,898 [INFO] PluginManager:220 - loadIPPluginJar : add ddr_ctrl_phy
2025-10-12 08:58:33,909 [INFO] IPUIPlugin:80 - create IPUIPlugin
2025-10-12 08:58:33,909 [INFO] PluginManager:220 - loadIPPluginJar : add dfsdm
2025-10-12 08:58:33,944 [INFO] IPUIPlugin:80 - create IPUIPlugin
2025-10-12 08:58:33,944 [INFO] PluginManager:220 - loadIPPluginJar : add dma
2025-10-12 08:58:33,959 [INFO] IPUIPlugin:80 - create IPUIPlugin
2025-10-12 08:58:33,959 [INFO] PluginManager:220 - loadIPPluginJar : add dma3
2025-10-12 08:58:33,972 [INFO] IPUIPlugin:80 - create IPUIPlugin
2025-10-12 08:58:33,972 [INFO] PluginManager:220 - loadIPPluginJar : add extmemmanager
2025-10-12 08:58:33,980 [INFO] IPUIPlugin:80 - create IPUIPlugin
2025-10-12 08:58:33,980 [INFO] PluginManager:220 - loadIPPluginJar : add fatfs
2025-10-12 08:58:33,994 [INFO] IPUIPlugin:80 - create IPUIPlugin
2025-10-12 08:58:33,995 [INFO] PluginManager:220 - loadIPPluginJar : add fmc
2025-10-12 08:58:34,001 [INFO] IPUIPlugin:80 - create IPUIPlugin
2025-10-12 08:58:34,001 [INFO] PluginManager:220 - loadIPPluginJar : add freertos
2025-10-12 08:58:34,009 [INFO] IPUIPlugin:80 - create IPUIPlugin
2025-10-12 08:58:34,009 [INFO] PluginManager:220 - loadIPPluginJar : add genericplugin
2025-10-12 08:58:34,035 [INFO] IPUIPlugin:80 - create IPUIPlugin
2025-10-12 08:58:34,035 [INFO] PluginManager:220 - loadIPPluginJar : add gfxmmu
2025-10-12 08:58:34,074 [INFO] IPUIPlugin:80 - create IPUIPlugin
2025-10-12 08:58:34,074 [INFO] PluginManager:220 - loadIPPluginJar : add gic
2025-10-12 08:58:34,142 [INFO] IPUIPlugin:80 - create IPUIPlugin
2025-10-12 08:58:34,142 [INFO] PluginManager:220 - loadIPPluginJar : add gpio
2025-10-12 08:58:34,165 [INFO] IPUIPlugin:80 - create IPUIPlugin
2025-10-12 08:58:34,165 [INFO] PluginManager:220 - loadIPPluginJar : add gtzc
2025-10-12 08:58:34,177 [INFO] IPUIPlugin:80 - create IPUIPlugin
2025-10-12 08:58:34,177 [INFO] PluginManager:220 - loadIPPluginJar : add hash
2025-10-12 08:58:34,194 [INFO] IPUIPlugin:80 - create IPUIPlugin
2025-10-12 08:58:34,195 [INFO] PluginManager:220 - loadIPPluginJar : add i2c
2025-10-12 08:58:34,208 [INFO] IPUIPlugin:80 - create IPUIPlugin
2025-10-12 08:58:34,208 [INFO] PluginManager:220 - loadIPPluginJar : add i2s
2025-10-12 08:58:34,223 [INFO] IPUIPlugin:80 - create IPUIPlugin
2025-10-12 08:58:34,223 [INFO] PluginManager:220 - loadIPPluginJar : add i3c
2025-10-12 08:58:34,246 [INFO] IPUIPlugin:80 - create IPUIPlugin
2025-10-12 08:58:34,246 [INFO] PluginManager:220 - loadIPPluginJar : add ipddr
2025-10-12 08:58:34,276 [INFO] IPUIPlugin:80 - create IPUIPlugin
2025-10-12 08:58:34,276 [INFO] PluginManager:220 - loadIPPluginJar : add linkedlist
2025-10-12 08:58:34,288 [INFO] IPUIPlugin:80 - create IPUIPlugin
2025-10-12 08:58:34,288 [INFO] PluginManager:220 - loadIPPluginJar : add lorawan
2025-10-12 08:58:34,300 [INFO] IPUIPlugin:80 - create IPUIPlugin
2025-10-12 08:58:34,300 [INFO] PluginManager:220 - loadIPPluginJar : add ltdc
2025-10-12 08:58:34,358 [INFO] IPUIPlugin:80 - create IPUIPlugin
2025-10-12 08:58:34,358 [INFO] PluginManager:220 - loadIPPluginJar : add mdma
2025-10-12 08:58:34,423 [INFO] IPUIPlugin:80 - create IPUIPlugin
2025-10-12 08:58:34,423 [INFO] PluginManager:220 - loadIPPluginJar : add nvic
2025-10-12 08:58:34,435 [INFO] IPUIPlugin:80 - create IPUIPlugin
2025-10-12 08:58:34,435 [INFO] PluginManager:220 - loadIPPluginJar : add opamp
2025-10-12 08:58:34,454 [INFO] IPUIPlugin:80 - create IPUIPlugin
2025-10-12 08:58:34,454 [INFO] PluginManager:220 - loadIPPluginJar : add openamp
2025-10-12 08:58:34,469 [INFO] IPUIPlugin:80 - create IPUIPlugin
2025-10-12 08:58:34,469 [INFO] PluginManager:220 - loadIPPluginJar : add pdm2pcm
2025-10-12 08:58:34,530 [INFO] IPUIPlugin:80 - create IPUIPlugin
2025-10-12 08:58:34,532 [INFO] PluginManager:220 - loadIPPluginJar : add plateformsettings
2025-10-12 08:58:34,542 [INFO] IPUIPlugin:80 - create IPUIPlugin
2025-10-12 08:58:34,542 [INFO] PluginManager:220 - loadIPPluginJar : add quadspi
2025-10-12 08:58:34,551 [INFO] IPUIPlugin:80 - create IPUIPlugin
2025-10-12 08:58:34,551 [INFO] PluginManager:220 - loadIPPluginJar : add radio
2025-10-12 08:58:34,557 [INFO] IPUIPlugin:80 - create IPUIPlugin
2025-10-12 08:58:34,558 [INFO] PluginManager:220 - loadIPPluginJar : add resmgrutility
2025-10-12 08:58:34,572 [INFO] IPUIPlugin:80 - create IPUIPlugin
2025-10-12 08:58:34,572 [INFO] PluginManager:220 - loadIPPluginJar : add sai
2025-10-12 08:58:34,585 [INFO] IPUIPlugin:80 - create IPUIPlugin
2025-10-12 08:58:34,586 [INFO] PluginManager:220 - loadIPPluginJar : add spi
2025-10-12 08:58:34,609 [INFO] IPUIPlugin:80 - create IPUIPlugin
2025-10-12 08:58:34,609 [INFO] PluginManager:220 - loadIPPluginJar : add stm32_wpan
2025-10-12 08:58:34,618 [INFO] IPUIPlugin:80 - create IPUIPlugin
2025-10-12 08:58:34,618 [INFO] PluginManager:220 - loadIPPluginJar : add tim
2025-10-12 08:58:34,638 [INFO] IPUIPlugin:80 - create IPUIPlugin
2025-10-12 08:58:34,638 [INFO] PluginManager:220 - loadIPPluginJar : add touchsensing
2025-10-12 08:58:34,649 [INFO] IPUIPlugin:80 - create IPUIPlugin
2025-10-12 08:58:34,649 [INFO] PluginManager:220 - loadIPPluginJar : add tracer_emb
2025-10-12 08:58:34,657 [INFO] IPUIPlugin:80 - create IPUIPlugin
2025-10-12 08:58:34,657 [INFO] PluginManager:220 - loadIPPluginJar : add ts
2025-10-12 08:58:34,666 [INFO] IPUIPlugin:80 - create IPUIPlugin
2025-10-12 08:58:34,666 [INFO] PluginManager:220 - loadIPPluginJar : add tsc
2025-10-12 08:58:34,673 [INFO] IPUIPlugin:80 - create IPUIPlugin
2025-10-12 08:58:34,674 [INFO] PluginManager:220 - loadIPPluginJar : add ucpd
2025-10-12 08:58:34,688 [INFO] IPUIPlugin:80 - create IPUIPlugin
2025-10-12 08:58:34,688 [INFO] PluginManager:220 - loadIPPluginJar : add usart
2025-10-12 08:58:34,702 [INFO] IPUIPlugin:80 - create IPUIPlugin
2025-10-12 08:58:34,702 [INFO] PluginManager:220 - loadIPPluginJar : add usbx
2025-10-12 08:58:34,814 [FATAL] Updater:351 - Updater called before beeing initialized
2025-10-12 08:58:34,832 [INFO] RulesReader:64 - Compatibility file has been processed (317 Rules)
2025-10-12 08:58:34,840 [INFO] RulesReader:64 - Compatibility file has been processed (317 Rules)
2025-10-12 08:58:34,845 [INFO] CADModel:165 - CPN selected for project level
2025-10-12 08:58:34,845 [INFO] CADModel:114 - Register for checkConnection events
2025-10-12 08:58:34,846 [FATAL] Updater:351 - Updater called before beeing initialized
2025-10-12 08:58:34,846 [ERROR] CADModel:125 - Updater not yet initialized, retry later 
2025-10-12 08:58:34,951 [FATAL] Updater:351 - Updater called before beeing initialized
2025-10-12 08:58:34,953 [INFO] CADModel:165 - CPN selected for project level
2025-10-12 08:58:34,953 [INFO] CADModel:114 - Register for checkConnection events
2025-10-12 08:58:34,953 [FATAL] Updater:351 - Updater called before beeing initialized
2025-10-12 08:58:34,953 [ERROR] CADModel:125 - Updater not yet initialized, retry later 
2025-10-12 08:58:34,956 [FATAL] Updater:351 - Updater called before beeing initialized
2025-10-12 08:58:35,036 [FATAL] Updater:351 - Updater called before beeing initialized
2025-10-12 08:58:35,042 [INFO] DbMcusAds:53 - JSON generation date=Thu Oct 02 06:36:05 BRT 2025 (1759397765645)
2025-10-12 08:58:35,042 [FATAL] Updater:351 - Updater called before beeing initialized
2025-10-12 08:58:35,096 [WARN] DetailPanel:346 - Failed to get advertising image, set to default
2025-10-12 08:58:35,170 [FATAL] Updater:351 - Updater called before beeing initialized
2025-10-12 08:58:35,171 [FATAL] Updater:351 - Updater called before beeing initialized
2025-10-12 08:58:35,171 [FATAL] Updater:351 - Updater called before beeing initialized
2025-10-12 08:58:35,171 [WARN] DetailPanel:346 - Failed to get advertising image, set to default
2025-10-12 08:58:35,172 [FATAL] Updater:351 - Updater called before beeing initialized
2025-10-12 08:58:35,211 [ERROR] Updater:1198 - MainUpdater not yet initialized. External WinMGr cannot be set.
2025-10-12 08:58:35,216 [INFO] Updater:1134 - Updater Version found : 6.15.0
2025-10-12 08:58:35,231 [INFO] ApplicationProperties:184 - Using Application install path: C:\ST\STM32CubeIDE_1.15.1\STM32CubeIDE\plugins\com.st.stm32cube.common.mx_6.15.0.202507011659
2025-10-12 08:58:35,480 [INFO] MainUpdater:2872 - connection check result : 10
2025-10-12 08:58:35,480 [INFO] MainUpdater:3604 - Updater definition file requires update
2025-10-12 08:58:35,481 [INFO] MainUpdater:289 - Updater Check For Update Now.
2025-10-12 08:58:35,481 [INFO] MicroXplorer:498 - Change Database Version : DB.6.0.150
2025-10-12 08:58:35,488 [INFO] McuFinderGlobals:63 - Set McuFinder mode to 2 (CubeIDE integrated)
2025-10-12 08:58:35,491 [INFO] UserAuth:487 - Internet connection configuration mode: 1
2025-10-12 08:58:35,507 [INFO] JxBrowserEngine:152 - Initiate JxBrowser Engine with user profile folder
2025-10-12 08:58:35,525 [INFO] ServerAccessManage:452 - Complete download http(s) 200
2025-10-12 08:58:35,527 [INFO] ServerAccessManage:509 - Download File updaters.zip
2025-10-12 08:58:35,578 [INFO] FileExtend:248 - Unzip File : updaters.zip
2025-10-12 08:58:35,578 [INFO] FileExtend:263 - Standard Zip Deflate
2025-10-12 08:58:36,003 [INFO] ServerAccessManage:452 - Complete download http(s) 200
2025-10-12 08:58:36,003 [INFO] ServerAccessManage:509 - Download File PacksControlFlags.xml
2025-10-12 08:58:36,047 [INFO] ServerAccessManage:452 - Complete download http(s) 200
2025-10-12 08:58:36,047 [INFO] ServerAccessManage:509 - Download File cubemx.pidx
2025-10-12 08:58:36,337 [WARN] MainUpdater:1193 - Updater busy. Cannot search thirdparties
2025-10-12 08:58:36,337 [INFO] ThirdPartyUpdaterWithRetryManager:96 - Updater plugin is busy. [1/15]
2025-10-12 08:58:36,510 [INFO] ServerAccessManage:452 - Complete download http(s) 200
2025-10-12 08:58:36,511 [INFO] ServerAccessManage:509 - Download File STMicroelectronics.X-CUBE-IPS.pdsc
2025-10-12 08:58:36,831 [INFO] WebApp:169 - Instantiating new browser for Auth
2025-10-12 08:58:36,854 [INFO] ServerAccessManage:452 - Complete download http(s) 200
2025-10-12 08:58:36,854 [INFO] ServerAccessManage:509 - Download File STMicroelectronics.X-CUBE-ST67W61.pdsc
2025-10-12 08:58:37,552 [WARN] PackLoader:240 - Cannot read IP mode file for STMicroelectronics.X-CUBE-IPS.3.2.0
2025-10-12 08:58:37,561 [INFO] WebApp:463 - Apply proxy settings
2025-10-12 08:58:37,561 [INFO] WebApp:548 - Chromium requires no authentication
2025-10-12 08:58:37,571 [WARN] PackLoader:240 - Cannot read IP mode file for STMicroelectronics.X-CUBE-ST67W61.1.1.0
2025-10-12 08:58:37,572 [INFO] WebApp:491 - Direct internet connection detected
2025-10-12 08:58:37,573 [INFO] PopulateThirdPartyThread:66 - Ending populate Thread
2025-10-12 08:58:37,574 [INFO] ThirdParty:1030 - CMSIS Pack Vendor :STMicroelectronics X-CUBE-ST67W61 1.1.0
2025-10-12 08:58:37,574 [INFO] ThirdParty:1030 - CMSIS Pack Vendor :STMicroelectronics X-CUBE-IPS 3.2.0
2025-10-12 08:58:37,574 [INFO] LoadServerUpdatesThread:375 - End of LoadServerUpdate Thread
2025-10-12 08:58:37,599 [INFO] WebApp:900 - Register for checkConnection events
2025-10-12 08:58:37,599 [INFO] WebApp:463 - Apply proxy settings
2025-10-12 08:58:37,599 [INFO] WebApp:548 - Chromium requires no authentication
2025-10-12 08:58:37,600 [INFO] WebApp:491 - Direct internet connection detected
2025-10-12 08:58:37,661 [INFO] CheckServerUpdateThread:120 - End of CheckServer Thread
2025-10-12 08:58:37,742 [INFO] WebApp:225 - Starting web application
2025-10-12 08:58:37,742 [INFO] WebApp:593 - Web application path used C:\ST\STM32CubeIDE_1.15.1\STM32CubeIDE\plugins\com.st.stm32cube.common.mx_6.15.0.202507011659\db\plugins\mcufinder\reactClient1\index.html
2025-10-12 08:58:37,806 [INFO] UserAuth:487 - Internet connection configuration mode: 1
2025-10-12 08:58:37,979 [INFO] WebApp:191 - Connection restablished
2025-10-12 08:58:39,594 [WARN] PackLoader:240 - Cannot read IP mode file for STMicroelectronics.FP-SNS-MOTENVWB1.1.4.0
2025-10-12 08:58:39,602 [WARN] PackLoader:240 - Cannot read IP mode file for STMicroelectronics.FP-ATR-ASTRA1.2.0.2
2025-10-12 08:58:39,614 [WARN] PackLoader:240 - Cannot read IP mode file for STMicroelectronics.X-CUBE-SMBUS.2.1.0
2025-10-12 08:58:39,622 [WARN] PackLoader:240 - Cannot read IP mode file for STMicroelectronics.X-CUBE-ST60.1.0.0
2025-10-12 08:58:39,631 [WARN] PackLoader:240 - Cannot read IP mode file for STMicroelectronics.X-CUBE-TOUCHGFX.4.23.2
2025-10-12 08:58:39,679 [WARN] PackLoader:240 - Cannot read IP mode file for STMicroelectronics.X-CUBE-AZRTOS-F7.1.1.0
2025-10-12 08:58:39,689 [WARN] PackLoader:240 - Cannot read IP mode file for STMicroelectronics.FP-SNS-FLIGHT1.5.0.2
2025-10-12 08:58:39,717 [WARN] PackLoader:240 - Cannot read IP mode file for STMicroelectronics.X-CUBE-AZRTOS-H7.3.4.0
2025-10-12 08:58:39,731 [WARN] PackLoader:240 - Cannot read IP mode file for STMicroelectronics.X-CUBE-DISPLAY.3.0.0
2025-10-12 08:58:39,744 [WARN] PackLoader:240 - Cannot read IP mode file for STMicroelectronics.X-CUBE-BLE1.7.0.0
2025-10-12 08:58:39,750 [WARN] PackLoader:240 - Cannot read IP mode file for STMicroelectronics.X-CUBE-NFC10.1.0.0
2025-10-12 08:58:39,764 [WARN] PackLoader:240 - Cannot read IP mode file for STMicroelectronics.X-CUBE-BLEMGR.4.0.0
2025-10-12 08:58:39,777 [WARN] PackLoader:240 - Cannot read IP mode file for emotas.I-CUBE-CANOPEN.1.3.0
2025-10-12 08:58:39,787 [WARN] ConditionMgr:438 - getConditionDescription Invalid condition id : Cortex-A Device cause : null
2025-10-12 08:58:39,796 [WARN] ConditionMgr:1044 - genDependencies : Invalid condition id : Cortex-A Device cause : null
2025-10-12 08:58:39,796 [WARN] ConditionMgr:1044 - genDependencies : Invalid condition id : Cortex-A Device cause : null
2025-10-12 08:58:39,797 [WARN] ConditionMgr:1044 - genDependencies : Invalid condition id : Cortex-A Device cause : null
2025-10-12 08:58:39,810 [WARN] PackLoader:240 - Cannot read IP mode file for STMicroelectronics.X-CUBE-BLEMGR.3.1.0
2025-10-12 08:58:39,818 [WARN] PackLoader:240 - Cannot read IP mode file for STMicroelectronics.FP-SNS-STBOX1.2.1.0
2025-10-12 08:58:39,828 [WARN] PackLoader:240 - Cannot read IP mode file for STMicroelectronics.FP-SNS-SMARTAG2.1.2.0
2025-10-12 08:58:39,835 [WARN] PackLoader:240 - Cannot read IP mode file for STMicroelectronics.FP-SNS-FLIGHT1.5.1.0
2025-10-12 08:58:39,855 [INFO] LogOutputStream:77 - [STDOUT_REDIRECT] 1 : Invalid condition id : UX_CORESTACK_Condition cause : null
2025-10-12 08:58:39,855 [INFO] LogOutputStream:77 - [STDOUT_REDIRECT] 1 : Invalid condition id : UX_CORESTACK_Condition cause : null
2025-10-12 08:58:39,856 [INFO] LogOutputStream:77 - [STDOUT_REDIRECT] 1 : Invalid condition id : UX_CORESTACK_Condition cause : null
2025-10-12 08:58:39,857 [INFO] LogOutputStream:77 - [STDOUT_REDIRECT] 1 : Invalid condition id : UX_CORESTACK_Condition cause : null
2025-10-12 08:58:39,857 [INFO] LogOutputStream:77 - [STDOUT_REDIRECT] 1 : Invalid condition id : UX_CORESTACK_Condition cause : null
2025-10-12 08:58:39,859 [WARN] PackLoader:240 - Cannot read IP mode file for STMicroelectronics.X-CUBE-AZRTOS-WL.2.0.0
2025-10-12 08:58:39,868 [WARN] PackLoader:240 - Cannot read IP mode file for STMicroelectronics.FP-SNS-MOTENV1.5.0.0
2025-10-12 08:58:39,878 [WARN] PackLoader:240 - Cannot read IP mode file for WES.I-CUBE-Cesium.1.3.0
2025-10-12 08:58:39,887 [WARN] PackLoader:240 - Cannot read IP mode file for STMicroelectronics.X-CUBE-BLE2.3.3.0
2025-10-12 08:58:39,894 [WARN] PackLoader:240 - Cannot read IP mode file for STMicroelectronics.X-CUBE-NFC9.1.0.0
2025-10-12 08:58:39,904 [WARN] PackLoader:240 - Cannot read IP mode file for STMicroelectronics.X-CUBE-BLE1.7.1.0
2025-10-12 08:58:39,911 [WARN] PackLoader:240 - Cannot read IP mode file for wolfSSL.I-CUBE-wolfMQTT.1.19.2
2025-10-12 08:58:39,921 [WARN] PackLoader:240 - Cannot read IP mode file for STMicroelectronics.X-CUBE-TCPP.4.1.0
2025-10-12 08:58:39,926 [WARN] PackLoader:240 - Cannot read IP mode file for STMicroelectronics.X-CUBE-ST67W61.1.1.0
2025-10-12 08:58:39,936 [WARN] PackLoader:240 - Cannot read IP mode file for STMicroelectronics.X-CUBE-AI.10.1.0
2025-10-12 08:58:39,946 [WARN] PackLoader:240 - Cannot read IP mode file for STMicroelectronics.X-CUBE-ALGOBUILD.1.3.0
2025-10-12 08:58:39,964 [WARN] PackLoader:240 - Cannot read IP mode file for STMicroelectronics.X-CUBE-AZRTOS-G0.1.1.0
2025-10-12 08:58:39,975 [WARN] PackLoader:240 - Cannot read IP mode file for STMicroelectronics.X-CUBE-SAFEA1.1.2.2
2025-10-12 08:58:39,986 [WARN] PackLoader:240 - Cannot read IP mode file for STMicroelectronics.X-CUBE-NFC4.3.0.0
2025-10-12 08:58:40,000 [WARN] PackLoader:240 - Cannot read IP mode file for EmbeddedOffice.I-CUBE-FS-RTOS.1.0.1
2025-10-12 08:58:40,009 [WARN] PackLoader:240 - Cannot read IP mode file for STMicroelectronics.X-CUBE-WB05N.2.0.0
2025-10-12 08:58:40,016 [WARN] PackLoader:240 - Cannot read IP mode file for wolfSSL.I-CUBE-wolfTPM.3.8.0
2025-10-12 08:58:40,026 [WARN] PackLoader:240 - Cannot read IP mode file for STMicroelectronics.X-CUBE-TCPP.4.2.0
2025-10-12 08:58:40,037 [WARN] PackLoader:240 - Cannot read IP mode file for RealThread.X-CUBE-RT-Thread_Nano.4.1.1
2025-10-12 08:58:40,046 [WARN] PackLoader:240 - Cannot read IP mode file for wolfSSL.I-CUBE-wolfSSL.5.7.0
2025-10-12 08:58:40,055 [WARN] PackLoader:240 - Cannot read IP mode file for STMicroelectronics.FP-ATR-SIGFOX1.3.2.0
2025-10-12 08:58:40,066 [WARN] PackLoader:240 - Cannot read IP mode file for STMicroelectronics.X-CUBE-EEPRMA1.5.1.0
2025-10-12 08:58:40,078 [WARN] PackLoader:240 - Cannot read IP mode file for ITTIA_DB.I-CUBE-ITTIADB.8.9.0
2025-10-12 08:58:40,086 [WARN] PackLoader:240 - Cannot read IP mode file for STMicroelectronics.X-CUBE-ST67W61.1.0.0
2025-10-12 08:58:40,093 [WARN] PackLoader:240 - Cannot read IP mode file for STMicroelectronics.X-CUBE-AI.10.2.0
2025-10-12 08:58:40,120 [WARN] PackLoader:240 - Cannot read IP mode file for SEGGER.I-CUBE-embOS.1.3.1
2025-10-12 08:58:40,151 [WARN] PackLoader:240 - Cannot read IP mode file for STMicroelectronics.X-CUBE-ALGOBUILD.1.4.0
2025-10-12 08:58:40,180 [WARN] PackLoader:240 - Cannot read IP mode file for STMicroelectronics.X-CUBE-MEMS1.11.3.0
2025-10-12 08:58:40,251 [WARN] PackLoader:240 - Cannot read IP mode file for STMicroelectronics.X-CUBE-PM33A1.1.0.0
2025-10-12 08:58:40,261 [WARN] PackLoader:240 - Cannot read IP mode file for STMicroelectronics.X-CUBE-GNSS1.6.0.0
2025-10-12 08:58:40,281 [WARN] PackLoader:240 - Cannot read IP mode file for STMicroelectronics.X-CUBE-AZRTOS-F4.1.1.0
2025-10-12 08:58:40,290 [WARN] PackLoader:240 - Cannot read IP mode file for Avnet-IotConnect.X-CUBE-IoTC-DA16k-PMOD.1.0.0
2025-10-12 08:58:40,296 [WARN] PackLoader:240 - Cannot read IP mode file for STMicroelectronics.X-CUBE-ISPU.2.1.0
2025-10-12 08:58:40,303 [WARN] PackLoader:240 - Cannot read IP mode file for STMicroelectronics.X-CUBE-IPS.3.2.0
2025-10-12 08:58:40,314 [WARN] PackLoader:240 - Cannot read IP mode file for STMicroelectronics.X-CUBE-FREERTOS.1.2.0
2025-10-12 08:58:40,320 [WARN] PackLoader:240 - Cannot read IP mode file for STMicroelectronics.X-CUBE-NFC12.1.0.0
2025-10-12 08:58:40,339 [WARN] PackLoader:240 - Cannot read IP mode file for STMicroelectronics.X-CUBE-AZRTOS-L5.2.0.0
2025-10-12 08:58:40,351 [WARN] PackLoader:240 - Cannot read IP mode file for STMicroelectronics.X-CUBE-NFC6.3.1.0
2025-10-12 08:58:40,357 [WARN] PackLoader:240 - Cannot read IP mode file for STMicroelectronics.X-CUBE-AI.9.0.0
2025-10-12 08:58:40,366 [WARN] PackLoader:240 - Cannot read IP mode file for STMicroelectronics.X-CUBE-FREERTOS.1.3.1
2025-10-12 08:58:40,372 [WARN] PackLoader:240 - Cannot read IP mode file for STMicroelectronics.X-CUBE-NFC7.1.0.1
2025-10-12 08:58:40,380 [WARN] PackLoader:240 - Cannot read IP mode file for STMicroelectronics.X-CUBE-TOUCHGFX.4.26.0
2025-10-12 08:58:40,387 [WARN] PackLoader:240 - Cannot read IP mode file for STMicroelectronics.FP-SNS-STAIOTCFT.1.0.0
2025-10-12 08:58:40,398 [WARN] PackLoader:240 - Cannot read IP mode file for STMicroelectronics.X-CUBE-DPower.1.3.0
2025-10-12 08:58:40,420 [WARN] ConditionMgr:438 - getConditionDescription Invalid condition id : LAN8742 Phy interface Condition cause : null
2025-10-12 08:58:40,420 [WARN] PackLoader:240 - Cannot read IP mode file for STMicroelectronics.X-CUBE-AZRTOS-L4.2.0.0
2025-10-12 08:58:40,421 [WARN] ConditionMgr:1044 - genDependencies : Invalid condition id : LAN8742 Phy interface Condition cause : null
2025-10-12 08:58:40,421 [WARN] ConditionMgr:1044 - genDependencies : Invalid condition id : LAN8742 Phy interface Condition cause : null
2025-10-12 08:58:40,421 [WARN] ConditionMgr:1044 - genDependencies : Invalid condition id : LAN8742 Phy interface Condition cause : null
2025-10-12 08:58:40,431 [WARN] PackLoader:240 - Cannot read IP mode file for STMicroelectronics.X-CUBE-SFXS2LP1.4.0.0
2025-10-12 08:58:40,448 [WARN] PackLoader:240 - Cannot read IP mode file for STMicroelectronics.X-CUBE-AZRTOS-H7.3.3.0
2025-10-12 08:58:40,472 [WARN] ConditionMgr:438 - getConditionDescription Invalid condition id : UX DEVICE CLASS RTOS Condition cause : null
2025-10-12 08:58:40,472 [WARN] ConditionMgr:438 - getConditionDescription Invalid condition id : UX DEVICE CLASS RTOS Condition cause : null
2025-10-12 08:58:40,473 [WARN] PackLoader:240 - Cannot read IP mode file for STMicroelectronics.X-CUBE-AZRTOS-WB.2.0.0
2025-10-12 08:58:40,473 [WARN] ConditionMgr:1044 - genDependencies : Invalid condition id : UX DEVICE CLASS RTOS Condition cause : null
2025-10-12 08:58:40,473 [WARN] ConditionMgr:1044 - genDependencies : Invalid condition id : UX DEVICE CLASS RTOS Condition cause : null
2025-10-12 08:58:40,473 [WARN] ConditionMgr:1044 - genDependencies : Invalid condition id : UX DEVICE CLASS RTOS Condition cause : null
2025-10-12 08:58:40,473 [WARN] ConditionMgr:1044 - genDependencies : Invalid condition id : UX DEVICE CLASS RTOS Condition cause : null
2025-10-12 08:58:40,473 [WARN] ConditionMgr:1044 - genDependencies : Invalid condition id : UX DEVICE CLASS RTOS Condition cause : null
2025-10-12 08:58:40,481 [WARN] PackLoader:240 - Cannot read IP mode file for STMicroelectronics.X-CUBE-GNSS1.7.0.1
2025-10-12 08:58:40,490 [WARN] PackLoader:240 - Cannot read IP mode file for STMicroelectronics.X-CUBE-TOUCHGFX.4.25.0
2025-10-12 08:58:40,497 [WARN] PackLoader:240 - Cannot read IP mode file for STMicroelectronics.FP-SNS-STBOX1.2.0.0
2025-10-12 08:58:40,509 [WARN] PackLoader:240 - Cannot read IP mode file for STMicroelectronics.X-CUBE-SUBG2.5.0.0
2025-10-12 08:58:40,534 [WARN] PackLoader:240 - Cannot read IP mode file for STMicroelectronics.X-CUBE-AZRTOS-H7RS.1.1.0
2025-10-12 08:58:40,553 [WARN] PackLoader:240 - Cannot read IP mode file for STMicroelectronics.X-CUBE-AZRTOS-G4.2.0.0
2025-10-12 08:58:40,561 [WARN] PackLoader:240 - Cannot read IP mode file for wolfSSL.I-CUBE-wolfSSH.1.4.20
2025-10-12 08:58:40,565 [WARN] PackLoader:240 - Cannot read IP mode file for STMicroelectronics.X-CUBE-NFC7.2.0.0
2025-10-12 08:58:40,571 [WARN] PackLoader:240 - Cannot read IP mode file for STMicroelectronics.X-CUBE-ISPU.2.0.0
2025-10-12 08:58:40,580 [WARN] PackLoader:240 - Cannot read IP mode file for STMicroelectronics.X-CUBE-IPS.3.1.0
2025-10-12 08:58:40,619 [WARN] PackLoader:240 - Cannot read IP mode file for STMicroelectronics.X-CUBE-ALS.1.0.2
2025-10-12 08:58:40,651 [WARN] PackLoader:240 - Cannot read IP mode file for STMicroelectronics.X-CUBE-MEMS1.10.0.0
2025-10-12 08:58:40,709 [WARN] PackLoader:240 - Cannot read IP mode file for STMicroelectronics.X-CUBE-STSE01.1.0.0
2025-10-12 08:58:40,720 [WARN] PackLoader:240 - Cannot read IP mode file for portGmbH.I-Cube-SoM-uGOAL.1.1.0
2025-10-12 08:58:40,727 [WARN] PackLoader:240 - Cannot read IP mode file for STMicroelectronics.X-CUBE-ALS.1.0.1
2025-10-12 08:58:40,743 [WARN] PackLoader:240 - Cannot read IP mode file for STMicroelectronics.X-CUBE-AZRTOS-H7RS.1.0.0
2025-10-12 08:58:40,750 [WARN] PackLoader:240 - Cannot read IP mode file for STMicroelectronics.FP-ATR-ASTRA1.2.0.0
2025-10-12 08:58:40,761 [WARN] PackLoader:240 - Cannot read IP mode file for STMicroelectronics.X-CUBE-TOF1.3.4.3
2025-10-12 08:58:40,781 [WARN] PackLoader:240 - Cannot read IP mode file for STMicroelectronics.X-CUBE-TOF1.3.4.1
2025-10-12 08:58:40,807 [WARN] PackLoader:240 - Cannot read IP mode file for STMicroelectronics.X-CUBE-AZRTOS-H7.3.2.0
2025-10-12 08:58:40,837 [WARN] PackLoader:240 - Cannot read IP mode file for Infineon.AIROC-Wi-Fi-Bluetooth-STM32.1.6.0
2025-10-12 08:58:40,839 [INFO] ThirdParty:978 - Integrity check success = true
2025-10-12 08:58:40,839 [INFO] IntegrityCheckThread:100 - exiting critical section [integrity check]
2025-10-12 08:58:40,839 [INFO] IntegrityCheckThread:103 - End integrity checks thread
2025-10-12 09:01:11,137 [INFO] McuFinderGlobals:63 - Set McuFinder mode to 2 (CubeIDE integrated)
2025-10-12 09:01:11,145 [INFO] MainUpdater:2872 - connection check result : 10
2025-10-12 09:01:11,153 [INFO] McuFinderGlobals:76 - Set McuFinderConnectedMode to true
2025-10-12 09:01:11,535 [INFO] ServerAccessManage:452 - Complete download http(s) 200
2025-10-12 09:01:11,535 [INFO] ServerAccessManage:509 - Download File mcusAds.json._tmp_
2025-10-12 09:01:11,644 [INFO] LoadUrlFilesThread:156 - End of LoadUrlFiles Thread
2025-10-12 09:01:12,943 [INFO] ServerAccessManage:452 - Complete download http(s) 200
2025-10-12 09:01:12,943 [INFO] ServerAccessManage:509 - Download File cube-finder-db.zip
2025-10-12 09:01:13,418 [INFO] FileExtend:248 - Unzip File : cube-finder-db.zip
2025-10-12 09:01:13,419 [INFO] FileExtend:263 - Standard Zip Deflate
2025-10-12 09:01:14,162 [INFO] LoadUrlFilesThread:156 - End of LoadUrlFiles Thread
2025-10-12 09:01:15,520 [INFO] ServerAccessManage:452 - Complete download http(s) 200
2025-10-12 09:01:15,521 [INFO] ServerAccessManage:509 - Download File crdb.zip
2025-10-12 09:01:16,637 [INFO] FileExtend:248 - Unzip File : crdb.zip
2025-10-12 09:01:16,638 [INFO] FileExtend:263 - Standard Zip Deflate
2025-10-12 09:01:16,755 [INFO] LoadUrlFilesThread:156 - End of LoadUrlFiles Thread
2025-10-12 09:01:18,224 [INFO] ServerAccessManage:452 - Complete download http(s) 200
2025-10-12 09:01:18,224 [INFO] ServerAccessManage:509 - Download File tutoVideoDB.zip
2025-10-12 09:01:18,228 [INFO] FileExtend:248 - Unzip File : tutoVideoDB.zip
2025-10-12 09:01:18,228 [INFO] FileExtend:263 - Standard Zip Deflate
2025-10-12 09:01:18,337 [INFO] LoadUrlFilesThread:156 - End of LoadUrlFiles Thread
2025-10-12 09:01:18,338 [WARN] DbFile:41 - Overriding database path with different value: C:\Users\lucas\.stmcufinder\plugins\mcufinder/ => C:\Users\lucas\.stmcufinder\plugins\mcufinder
2025-10-12 09:01:19,013 [INFO] ServerAccessManage:452 - Complete download http(s) 200
2025-10-12 09:01:19,013 [INFO] ServerAccessManage:509 - Download File api_config.json
2025-10-12 09:01:19,122 [INFO] LoadUrlFilesThread:156 - End of LoadUrlFiles Thread
2025-10-12 09:01:19,122 [INFO] DbMcusAds:53 - JSON generation date=Thu Oct 02 06:36:05 BRT 2025 (1759397765645)
2025-10-12 09:01:19,136 [INFO] LoadUrlFilesThread:185 - End of LoadServerUrlFiles without Thread
2025-10-12 09:01:19,136 [INFO] TargetSelectorAdapter:259 - Refresh data is successful
2025-10-12 09:01:19,238 [INFO] ApiDb:581 - Connected to CubeFinder SQLite database (C:\Users\lucas\.stmcufinder\plugins\mcufinder\mcu\cube-finder-db.db)
2025-10-12 09:01:19,316 [INFO] ApiDb:668 - CubeFinder database Data Model version=2.1
2025-10-12 09:01:19,316 [INFO] ApiDb:669 - CubeFinder database Configuration version=3.0.39
2025-10-12 09:01:19,316 [INFO] ApiDb:670 - CubeFinder database generation date=2025-08-25 (1756130511)
2025-10-12 09:01:19,316 [INFO] ApiDb:671 - CubeFinder database FW Pack versions=[FP-ATR-ASTRA1_V2.0.0, FP-SNS-FLIGHT1_V5.1.0, FP-SNS-MOTENV1_V5.0.0, FP-SNS-MOTENVWB1_V1.4.0, FP-SNS-SMARTAG2_V1.2.0, FP-SNS-STBOX1_V2.1.0, STM32Cube_FW_C0_V1.4.0, STM32Cube_FW_F4_V1.28.3, STM32Cube_FW_F7_V1.17.4, STM32Cube_FW_G0_V1.6.2, STM32Cube_FW_G4_V1.6.1, STM32Cube_FW_H5_V1.5.0, STM32Cube_FW_H7RS_V1.2.0, STM32Cube_FW_H7_V1.12.1, STM32Cube_FW_L0_V1.12.2, STM32Cube_FW_L4_V1.18.1, STM32Cube_FW_L5_V1.5.1, STM32Cube_FW_N6_V1.2.0, STM32Cube_FW_U0_V1.3.0, STM32Cube_FW_U3_V1.2.0, STM32Cube_FW_U5_V1.8.0, STM32Cube_FW_WB0_V1.3.0, STM32Cube_FW_WBA_V1.7.0, STM32Cube_FW_WB_V1.23.0, STM32Cube_FW_WL3_V1.2.0, STM32Cube_FW_WL_V1.3.1, X-CUBE-ALGOBUILD_V1.4.0, X-CUBE-ALS_V1.0.2, X-CUBE-AZRTOS-F4_V1.1.0, X-CUBE-AZRTOS-F7_V1.1.0, X-CUBE-AZRTOS-G0_V1.1.0, X-CUBE-AZRTOS-G4_V2.0.0, X-CUBE-AZRTOS-H7RS_V1.1.0, X-CUBE-AZRTOS-H7_V3.4.0, X-CUBE-AZRTOS-L4_V2.0.0, X-CUBE-AZRTOS-L5_V2.0.0, X-CUBE-AZRTOS-WB_V2.0.0, X-CUBE-AZRTOS-WL_V2.0.0, X-CUBE-BLE1_V7.1.0, X-CUBE-BLE2_V3.3.0, X-CUBE-BLEMGR_V4.1.0, X-CUBE-EEPRMA1_V5.2.0, X-CUBE-FREERTOS_V1.3.1, X-CUBE-GNSS1_V6.0.0, X-CUBE-MEMS1_V11.3.0, X-CUBE-NFC4_V3.0.0, X-CUBE-NFC7_V2.0.0, X-CUBE-SFXS2LP1_V4.0.0, X-CUBE-ST67W61_V1.0.0, X-CUBE-SUBG2_V5.0.0, X-CUBE-TOF1_V3.4.3]
2025-10-12 09:01:21,222 [INFO] ApiDb:240 - Found 880 in-development CPN: [B-G473E-ZEST1S, B-WB1M-WPAN1, B-WBA5M-WPAN, B-WL5M-SUBG1, NUCLEO-C031C6, NUCLEO-C051C8, NUCLEO-C071RB, NUCLEO-C092RC, NUCLEO-H503RB, NUCLEO-H533RE, NUCLEO-H563ZI, NUCLEO-H7S3L8, NUCLEO-N657X0-Q, NUCLEO-U031R8, NUCLEO-U083RC, NUCLEO-U385RG-Q, NUCLEO-U545RE-Q, NUCLEO-U5A5ZJ-Q, NUCLEO-WB05KZ, NUCLEO-WB07CC, NUCLEO-WB09KE, NUCLEO-WBA52CG, NUCLEO-WBA55CG, NUCLEO-WL33CC1, NUCLEO-WL33CC2, STEVAL-PROTEUS1, STEVAL-SMARTAG2, STEVAL-STWINBX1, STM320518-EVAL, STM32C0116-DK, STM32C011D6Y3TR, STM32C011D6Y6TR, STM32C011F4P3, STM32C011F4P6, STM32C011F4U3, STM32C011F4U6TR, STM32C011F6P3, STM32C011F6P6, STM32C011F6U3, STM32C011F6U6TR, STM32C011J4M3, STM32C011J4M6, STM32C011J6M3, STM32C011J6M6, STM32C0316-DK, STM32C031C4T3, STM32C031C4T6, STM32C031C4U3, STM32C031C4U6, STM32C031C6T3, STM32C031C6T6, STM32C031C6U3, STM32C031C6U6, STM32C031F4P3, STM32C031F4P6, STM32C031F6P3, STM32C031F6P6, STM32C031G4U3, STM32C031G4U6, STM32C031G6U3, STM32C031G6U6, STM32C031K4T3, STM32C031K4T6, STM32C031K4U3, STM32C031K4U6, STM32C031K6T3, STM32C031K6T6, STM32C031K6U3, STM32C031K6U6, STM32C051C6T6, STM32C051C6U6, STM32C051C8T6, STM32C051C8U6, STM32C051D8Y6TR, STM32C051F6P6, STM32C051F8P6, STM32C051G6U6, STM32C051G8U6, STM32C051K6T6, STM32C051K6U6, STM32C051K8T6, STM32C071C8T6, STM32C071C8T6N, STM32C071C8U6, STM32C071C8U6N, STM32C071CBT6, STM32C071CBT6N, STM32C071CBU6, STM32C071CBU6N, STM32C071F8P6, STM32C071F8P6N, STM32C071FBP6, STM32C071FBP6N, STM32C071FBY6TR, STM32C071G8U6, STM32C071G8U6N, STM32C071GBU6, STM32C071GBU6N, STM32C071K8T6, STM32C071K8T6N, STM32C071K8U6, STM32C071K8U6N, STM32C071KBT6, STM32C071KBT6N, STM32C071KBU6, STM32C071KBU6N, STM32C071R8T6, STM32C071R8T6N, STM32C071RBI6N, STM32C071RBT6, STM32C071RBT6N, STM32C091CBT6, STM32C091CBU6, STM32C091CCT6, STM32C091CCU6, STM32C091ECY6TR, STM32C091FBP6, STM32C091FCP6, STM32C091GBU6, STM32C091GCU6, STM32C091KBT6, STM32C091KBU6, STM32C091KCT6, STM32C091KCU6, STM32C091RBT6, STM32C091RCI6, STM32C091RCT6, STM32C092CBT6, STM32C092CBU6, STM32C092CCT6, STM32C092CCU6, STM32C092ECY6TR, STM32C092FBP6, STM32C092FCP6, STM32C092GBU6, STM32C092GCU6, STM32C092KBT6, STM32C092KBU6, STM32C092KCT6, STM32C092KCU6, STM32C092RBT6, STM32C092RCI6, STM32C092RCT6, STM32G071K8TXN, STM32G071K8UXN, STM32G081GBU6N, STM32G081KBT6N, STM32G081KBUXN, STM32G0B1CCT6N, STM32G0B1KCT6, STM32G0B1NEY6TR, STM32G0B1RCT6N, STM32G0C1CCT6, STM32G0C1CCT6N, STM32G0C1CCU6N, STM32G0C1CET6N, STM32G0C1CEU6N, STM32G0C1KCT6, STM32G0C1NEY6TR, STM32G0C1RCI6N, STM32G0C1RCT6N, STM32G0C1REI6N, STM32G0C1RET6N, STM32G0C1VCI6, STM32G0C1VEI6, STM32G411C6T3, STM32G411C6T6, STM32G411C6U3, STM32G411C6U6, STM32G411C8T3, STM32G411C8T6, STM32G411C8U3, STM32G411C8U6, STM32G411CBT3, STM32G411CBT6, STM32G411CBU3, STM32G411CBU6, STM32G411K6T3, STM32G411K6T6, STM32G411K6U3, STM32G411K6U6, STM32G411K8T3, STM32G411K8T6, STM32G411K8U3, STM32G411K8U6, STM32G411KBT3, STM32G411KBT6, STM32G411KBU3, STM32G411KBU6, STM32G411M6T3, STM32G411M6T6, STM32G411M8T3, STM32G411M8T6, STM32G411MBT3, STM32G411MBT6, STM32G411R6T3, STM32G411R6T6, STM32G411R8T3, STM32G411R8T6, STM32G411RBT3, STM32G411RBT6, STM32G414CBT3, STM32G414CBT6, STM32G414CBU3, STM32G414CBU6, STM32G414CCT3, STM32G414CCT6, STM32G414CCU3, STM32G414CCU6, STM32G414MBT3, STM32G414MBT6, STM32G414MCT3, STM32G414MCT6, STM32G414RBT3, STM32G414RBT6, STM32G414RCT3, STM32G414RCT6, STM32G414VBT3, STM32G414VBT6, STM32G414VCT3, STM32G414VCT6, STM32G431CBT3Z, STM32G431RBT3Z, STM32G471CCT6, STM32G471CCU6, STM32G471CET3, STM32G471CET6, STM32G471CEU3, STM32G471CEU6, STM32G471MCT6, STM32G471MET3, STM32G471MET6, STM32G471MEY6TR, STM32G471QCT6, STM32G471QET3, STM32G471RCT6, STM32G471RET3, STM32G471RET6, STM32G471VCH6, STM32G471VCI6, STM32G471VCT6, STM32G471VEH3, STM32G471VEH6, STM32G471VEI3, STM32G471VEI6, STM32G471VET3, STM32G471VET6, STM32G473QET3Z, STM32G473RET3Z, STM32G474CCT6, STM32G491RET3Z, STM32H503CBT6, STM32H503CBU6, STM32H503EBY6TR, STM32H503KBU6, STM32H503RBT6, STM32H523CCT6, STM32H523CCU6, STM32H523CET6, STM32H523CEU6, STM32H523HEY6TR, STM32H523RCT6, STM32H523RET6, STM32H523VCI6, STM32H523VCT6, STM32H523VEI6, STM32H523VET6, STM32H523ZCJ6, STM32H523ZCT6, STM32H523ZEJ6, STM32H523ZET6, STM32H533CET6, STM32H533CEU6, STM32H533HEY6TR, STM32H533RET6, STM32H533VEI6, STM32H533VET6, STM32H533ZEJ6, STM32H533ZET6, STM32H562AGI6, STM32H562AII6, STM32H562IGK6, STM32H562IGT6, STM32H562IIK6, STM32H562IIT6, STM32H562RGT6, STM32H562RGV6, STM32H562RIT6, STM32H562RIV6, STM32H562VGT6, STM32H562VIT6, STM32H562ZGT6, STM32H562ZIT6, STM32H563AGI6, STM32H563AII3Q, STM32H563AII6, STM32H563IGK6, STM32H563IGT6, STM32H563IIK3Q, STM32H563IIK6, STM32H563IIT3Q, STM32H563IIT6, STM32H563MIY3QTR, STM32H563RGT6, STM32H563RGV6, STM32H563RIT6, STM32H563RIV6, STM32H563VGT6, STM32H563VIT3Q, STM32H563VIT6, STM32H563ZGT6, STM32H563ZIT3Q, STM32H563ZIT6, STM32H573AII3Q, STM32H573AII6, STM32H573I-DK, STM32H573IIK3Q, STM32H573IIK6, STM32H573IIT3Q, STM32H573IIT6, STM32H573MIY3QTR, STM32H573RIT6, STM32H573RIV6, STM32H573VIT3Q, STM32H573VIT6, STM32H573ZIT3Q, STM32H573ZIT6, STM32H7R3A8I6, STM32H7R3I8K6, STM32H7R3I8T6, STM32H7R3L8H6, STM32H7R3L8H6H, STM32H7R3R8V6, STM32H7R3V8H6, STM32H7R3V8T6, STM32H7R3V8Y6TR, STM32H7R3Z8J6, STM32H7R3Z8T6, STM32H7R7A8I6, STM32H7R7I8K6, STM32H7R7I8T6, STM32H7R7L8H6, STM32H7R7L8H6H, STM32H7R7Z8J6, STM32H7S3A8I6, STM32H7S3I8K6, STM32H7S3I8T6, STM32H7S3L8H6, STM32H7S3L8H6H, STM32H7S3R8V6, STM32H7S3V8H6, STM32H7S3V8T6, STM32H7S3V8Y6TR, STM32H7S3Z8J6, STM32H7S3Z8T6, STM32H7S78-DK, STM32H7S7A8I6, STM32H7S7I8K6, STM32H7S7I8T6, STM32H7S7L8H6, STM32H7S7L8H6H, STM32H7S7Z8J6, STM32L4R5QGI6STR, STM32MP131AAE3, STM32MP131AAF3, STM32MP131AAG3, STM32MP131CAE3, STM32MP131CAF3, STM32MP131CAG3, STM32MP131DAE7, STM32MP131DAF7, STM32MP131DAG7, STM32MP131FAE7, STM32MP131FAF7, STM32MP131FAG7, STM32MP133AAE3, STM32MP133AAF3, STM32MP133AAG3, STM32MP133CAE3, STM32MP133CAF3, STM32MP133CAG3, STM32MP133DAE7, STM32MP133DAF7, STM32MP133DAG7, STM32MP133FAE7, STM32MP133FAF7, STM32MP133FAG7, STM32MP135AAE3, STM32MP135AAF3, STM32MP135AAG3, STM32MP135CAE3, STM32MP135CAF3, STM32MP135CAG3, STM32MP135DAE7, STM32MP135DAF7, STM32MP135DAG7, STM32MP135F-DK, STM32MP135FAE7, STM32MP135FAF7, STM32MP135FAF7T, STM32MP135FAF7U, STM32MP135FAG7, STM32MP211AAL3, STM32MP211AAM3, STM32MP211AAN3, STM32MP211AAO3, STM32MP211CAL3, STM32MP211CAM3, STM32MP211CAN3, STM32MP211CAO3, STM32MP211DAL3, STM32MP211DAM3, STM32MP211DAN3, STM32MP211DAO3, STM32MP211FAL3, STM32MP211FAM3, STM32MP211FAN3, STM32MP211FAO3, STM32MP213AAL3, STM32MP213AAM3, STM32MP213AAN3, STM32MP213AAO3, STM32MP213CAL3, STM32MP213CAM3, STM32MP213CAN3, STM32MP213CAO3, STM32MP213DAL3, STM32MP213DAM3, STM32MP213DAN3, STM32MP213DAO3, STM32MP213FAL3, STM32MP213FAM3, STM32MP213FAN3, STM32MP213FAO3, STM32MP215AAL3, STM32MP215AAM3, STM32MP215AAN3, STM32MP215AAO3, STM32MP215CAL3, STM32MP215CAM3, STM32MP215CAN3, STM32MP215CAO3, STM32MP215DAL3, STM32MP215DAM3, STM32MP215DAN3, STM32MP215DAO3, STM32MP215F-DK, STM32MP215FAL3, STM32MP215FAM3, STM32MP215FAN3, STM32MP215FAO3, STM32MP231AAJ3, STM32MP231AAK3, STM32MP231AAL3, STM32MP231CAJ3, STM32MP231CAK3, STM32MP231CAL3, STM32MP231DAJ3, STM32MP231DAK3, STM32MP231DAL3, STM32MP231FAJ3, STM32MP231FAK3, STM32MP231FAL3, STM32MP233AAJ3, STM32MP233AAK3, STM32MP233AAL3, STM32MP233CAJ3, STM32MP233CAK3, STM32MP233CAL3, STM32MP233DAJ3, STM32MP233DAK3, STM32MP233DAL3, STM32MP233FAJ3, STM32MP233FAK3, STM32MP233FAL3, STM32MP235AAJ3, STM32MP235AAK3, STM32MP235AAL3, STM32MP235CAJ3, STM32MP235CAK3, STM32MP235CAL3, STM32MP235DAJ3, STM32MP235DAK3, STM32MP235DAL3, STM32MP235FAJ3, STM32MP235FAK3, STM32MP235FAL3, STM32MP251AAI3, STM32MP251AAK3, STM32MP251AAL3, STM32MP251CAI3, STM32MP251CAK3, STM32MP251CAL3, STM32MP251DAI3, STM32MP251DAK3, STM32MP251DAL3, STM32MP251FAI3, STM32MP251FAK3, STM32MP251FAL3, STM32MP253AAI3, STM32MP253AAK3, STM32MP253AAL3, STM32MP253CAI3, STM32MP253CAK3, STM32MP253CAL3, STM32MP253DAI3, STM32MP253DAK3, STM32MP253DAL3, STM32MP253FAI3, STM32MP253FAK3, STM32MP253FAL3, STM32MP255AAI3, STM32MP255AAK3, STM32MP255AAL3, STM32MP255CAI3, STM32MP255CAK3, STM32MP255CAL3, STM32MP255DAI3, STM32MP255DAK3, STM32MP255DAL3, STM32MP255FAI3, STM32MP255FAK3, STM32MP255FAL3, STM32MP257AAI3, STM32MP257AAK3, STM32MP257AAL3, STM32MP257CAI3, STM32MP257CAK3, STM32MP257CAL3, STM32MP257DAI3, STM32MP257DAK3, STM32MP257DAL3, STM32MP257F-DK, STM32MP257F-EV1, STM32MP257FAI3, STM32MP257FAK3, STM32MP257FAL3, STM32N645A0H3Q, STM32N645B0H3Q, STM32N645I0H3Q, STM32N645L0H3Q, STM32N645X0H3Q, STM32N645Z0H3Q, STM32N647A0H3Q, STM32N647B0H3Q, STM32N647I0H3Q, STM32N647L0H3Q, STM32N647X0H3Q, STM32N647Z0H3Q, STM32N655A0H3Q, STM32N655B0H3Q, STM32N655I0H3Q, STM32N655L0H3Q, STM32N655X0H3Q, STM32N655Z0H3Q, STM32N6570-DK, STM32N657A0H3Q, STM32N657B0H3Q, STM32N657I0H3Q, STM32N657L0H3Q, STM32N657X0H3Q, STM32N657Z0H3Q, STM32U031C6T6, STM32U031C6U6, STM32U031C8T6, STM32U031C8U6, STM32U031F4P6, STM32U031F6P6, STM32U031F8P6, STM32U031G6Y6TR, STM32U031G8Y6TR, STM32U031K4U6, STM32U031K6U6, STM32U031K8U6, STM32U031R6I6, STM32U031R6T6, STM32U031R8I6, STM32U031R8T6, STM32U073C8T6, STM32U073C8U6, STM32U073CBT6, STM32U073CBU6, STM32U073CCT6, STM32U073CCU6, STM32U073H8Y6TR, STM32U073HBY6TR, STM32U073HCY6TR, STM32U073K8U6, STM32U073KBU6, STM32U073KCU6, STM32U073M8I6, STM32U073M8T6, STM32U073MBI6, STM32U073MBT6, STM32U073MCI6, STM32U073MCT6, STM32U073R8I6, STM32U073R8T6, STM32U073RBI6, STM32U073RBT6, STM32U073RCI6, STM32U073RCT6, STM32U083C-DK, STM32U083CCT6, STM32U083CCU6, STM32U083HCY6TR, STM32U083KCU6, STM32U083MCI6, STM32U083MCT6, STM32U083RCI6, STM32U083RCT6, STM32U375CET6, STM32U375CET6Q, STM32U375CEU6, STM32U375CEU6Q, STM32U375CEY6QTR, STM32U375CGT6, STM32U375CGT6Q, STM32U375CGU6, STM32U375CGU6Q, STM32U375CGY6QTR, STM32U375KEU6, STM32U375KGU6, STM32U375REI6, STM32U375REI6Q, STM32U375RET6, STM32U375RET6Q, STM32U375REY6GTR, STM32U375REY6QTR, STM32U375RGI6, STM32U375RGI6Q, STM32U375RGT6, STM32U375RGT6Q, STM32U375RGY6GTR, STM32U375RGY6QTR, STM32U375VEI6, STM32U375VEI6Q, STM32U375VET6, STM32U375VET6Q, STM32U375VGI6, STM32U375VGI6Q, STM32U375VGT6, STM32U375VGT6Q, STM32U385CGT6, STM32U385CGT6Q, STM32U385CGU6, STM32U385CGU6Q, STM32U385CGY6QTR, STM32U385KGU6, STM32U385RGI6, STM32U385RGI6Q, STM32U385RGT6, STM32U385RGT6Q, STM32U385RGY6GTR, STM32U385RGY6QTR, STM32U385VGI6, STM32U385VGI6Q, STM32U385VGT6, STM32U385VGT6Q, STM32U535CBT6, STM32U535CBT6Q, STM32U535CBU6, STM32U535CBU6Q, STM32U535CCT6, STM32U535CCT6Q, STM32U535CCU6, STM32U535CCU6Q, STM32U535CET6, STM32U535CET6Q, STM32U535CEU6, STM32U535CEU6Q, STM32U535JEY6QTR, STM32U535NCY6QTR, STM32U535NEY6QTR, STM32U535RBI6, STM32U535RBI6Q, STM32U535RBT6, STM32U535RBT6Q, STM32U535RCI6, STM32U535RCI6Q, STM32U535RCT6, STM32U535RCT6Q, STM32U535REI6, STM32U535REI6Q, STM32U535RET6, STM32U535RET6Q, STM32U535VCI6, STM32U535VCI6Q, STM32U535VCT6, STM32U535VCT6Q, STM32U535VEI6, STM32U535VEI6Q, STM32U535VET6, STM32U535VET6Q, STM32U545CET6, STM32U545CET6Q, STM32U545CEU6, STM32U545CEU6Q, STM32U545JEY6QTR, STM32U545NEY6QTR, STM32U545REI6, STM32U545REI6Q, STM32U545RET6, STM32U545RET6Q, STM32U545VEI6, STM32U545VEI6Q, STM32U545VET6, STM32U545VET6Q, STM32U595AIH6, STM32U595AIH6Q, STM32U595AJH6, STM32U595AJH6Q, STM32U595QII6, STM32U595QII6Q, STM32U595QJI6, STM32U595QJI6Q, STM32U595RIT6, STM32U595RIT6Q, STM32U595RJT6, STM32U595RJT6Q, STM32U595VIT6, STM32U595VIT6Q, STM32U595VJT6, STM32U595VJT6Q, STM32U595ZIT6, STM32U595ZIT6Q, STM32U595ZIY6QTR, STM32U595ZJT6, STM32U595ZJT6Q, STM32U595ZJY6QTR, STM32U599BJY6QTR, STM32U599NIH6Q, STM32U599NJH6Q, STM32U599VIT6Q, STM32U599VJT6, STM32U599VJT6Q, STM32U599ZIT6Q, STM32U599ZIY6QTR, STM32U599ZJT6Q, STM32U599ZJY6QTR, STM32U5A5AJH6, STM32U5A5AJH6Q, STM32U5A5QII3Q , STM32U5A5QJI6, STM32U5A5QJI6Q, STM32U5A5RJT6, STM32U5A5RJT6Q, STM32U5A5VJT6, STM32U5A5VJT6Q, STM32U5A5ZJT6, STM32U5A5ZJT6Q, STM32U5A5ZJY6QTR, STM32U5A9BJY6QTR, STM32U5A9J-DK, STM32U5A9NJH6Q, STM32U5A9VJT6Q, STM32U5A9ZJT6Q, STM32U5A9ZJY6QTR, STM32U5F7VIT6, STM32U5F7VIT6Q, STM32U5F7VJT6, STM32U5F7VJT6Q, STM32U5F9BJY6QTR, STM32U5F9NJH6Q, STM32U5F9VIT6Q, STM32U5F9VJT6Q, STM32U5F9ZIJ6QTR, STM32U5F9ZIT6Q, STM32U5F9ZJJ6QTR, STM32U5F9ZJT6Q, STM32U5G7VJT6, STM32U5G7VJT6Q, STM32U5G9BJY6QTR, STM32U5G9J-DK1, STM32U5G9J-DK2, STM32U5G9NJH6Q, STM32U5G9VJT6Q, STM32U5G9ZJJ6QTR, STM32U5G9ZJT6Q, STM32WB05KZV6TR, STM32WB05KZV7TR, STM32WB05TZF6TR, STM32WB05TZF7TR, STM32WB06CCF6TR, STM32WB06CCF7TR, STM32WB06CCV6TR, STM32WB06CCV7TR, STM32WB06KCV6TR, STM32WB06KCV7TR, STM32WB07CCF6TR, STM32WB07CCF7TR, STM32WB07CCV6TR, STM32WB07CCV7TR, STM32WB07KCV6TR, STM32WB07KCV7TR, STM32WB09KEV6TR, STM32WB09KEV7TR, STM32WB09TEF6TR, STM32WB09TEF7TR, STM32WB1MMCH6, STM32WBA50KGU6, STM32WBA50KGU6TR, STM32WBA52CEU6, STM32WBA52CEU6TR, STM32WBA52CEU7, STM32WBA52CEU7TR, STM32WBA52CGU6, STM32WBA52CGU6TR, STM32WBA52CGU6U, STM32WBA52CGU7, STM32WBA52CGU7TR, STM32WBA52KEU6, STM32WBA52KEU6TR, STM32WBA52KGU6, STM32WBA52KGU6TR, STM32WBA54CEU6, STM32WBA54CEU6TR, STM32WBA54CEU7, STM32WBA54CEU7TR, STM32WBA54CGU6, STM32WBA54CGU6TR, STM32WBA54CGU7, STM32WBA54CGU7TR, STM32WBA54KEU6, STM32WBA54KEU6TR, STM32WBA54KEU7, STM32WBA54KEU7TR, STM32WBA54KGU6, STM32WBA54KGU6TR, STM32WBA54KGU7, STM32WBA54KGU7TR, STM32WBA55CEU6, STM32WBA55CEU6TR, STM32WBA55CEU7, STM32WBA55CEU7TR, STM32WBA55CGU6, STM32WBA55CGU6TR, STM32WBA55CGU6U, STM32WBA55CGU7, STM32WBA55CGU7TR, STM32WBA55G-DK1, STM32WBA55HEF6, STM32WBA55HEF7, STM32WBA55HGF6, STM32WBA55HGF7, STM32WBA55UEI6, STM32WBA55UEI6TR, STM32WBA55UEI7, STM32WBA55UEI7TR, STM32WBA55UGI6, STM32WBA55UGI6TR, STM32WBA55UGI7, STM32WBA55UGI7TR, STM32WBA5MMGH6TR, STM32WBA62MGF6, STM32WBA62MIF6, STM32WBA65MGF7, STM32WBA65MIF6, STM32WBA65MIF7, STM32WL30K8V6, STM32WL30KBV6, STM32WL31C8V6, STM32WL31CBV6, STM32WL31K8V6, STM32WL31KBV6, STM32WL33C8V6, STM32WL33C8V6X, STM32WL33CBV6, STM32WL33CBV6X, STM32WL33CCV6, STM32WL33CCV6A, STM32WL33CCV6X, STM32WL33K8V7, STM32WL33K8V7X, STM32WL33KBV7 , STM32WL33KBV7X, STM32WL33KCV7, STM32WL33KCV7X, STM32WL5MOCH6, STM32WL5MOCH6TR]
2025-10-12 09:01:21,226 [INFO] DbMcus:218 - Found 4801 MCUs, 4801 are supported
2025-10-12 09:01:21,228 [INFO] ApiDb:423 - Load user favorites file C:\Users\lucas/.stm32cubeide/favorites.mcus.txt: 2 item(s)
2025-10-12 09:01:21,228 [INFO] ApiDb:427 - User favorites MCUs=[STM32F103C8T6, STM32F407VGT6TR]
2025-10-12 09:01:21,229 [INFO] DbMcus:224 - Set 2 / 2 favorites MCUs
2025-10-12 09:01:21,526 [INFO] ApiDb:668 - CubeFinder database Data Model version=2.1
2025-10-12 09:01:21,526 [INFO] ApiDb:669 - CubeFinder database Configuration version=3.0.39
2025-10-12 09:01:21,526 [INFO] ApiDb:670 - CubeFinder database generation date=2025-08-25 (1756130511)
2025-10-12 09:01:21,526 [INFO] ApiDb:671 - CubeFinder database FW Pack versions=[FP-ATR-ASTRA1_V2.0.0, FP-SNS-FLIGHT1_V5.1.0, FP-SNS-MOTENV1_V5.0.0, FP-SNS-MOTENVWB1_V1.4.0, FP-SNS-SMARTAG2_V1.2.0, FP-SNS-STBOX1_V2.1.0, STM32Cube_FW_C0_V1.4.0, STM32Cube_FW_F4_V1.28.3, STM32Cube_FW_F7_V1.17.4, STM32Cube_FW_G0_V1.6.2, STM32Cube_FW_G4_V1.6.1, STM32Cube_FW_H5_V1.5.0, STM32Cube_FW_H7RS_V1.2.0, STM32Cube_FW_H7_V1.12.1, STM32Cube_FW_L0_V1.12.2, STM32Cube_FW_L4_V1.18.1, STM32Cube_FW_L5_V1.5.1, STM32Cube_FW_N6_V1.2.0, STM32Cube_FW_U0_V1.3.0, STM32Cube_FW_U3_V1.2.0, STM32Cube_FW_U5_V1.8.0, STM32Cube_FW_WB0_V1.3.0, STM32Cube_FW_WBA_V1.7.0, STM32Cube_FW_WB_V1.23.0, STM32Cube_FW_WL3_V1.2.0, STM32Cube_FW_WL_V1.3.1, X-CUBE-ALGOBUILD_V1.4.0, X-CUBE-ALS_V1.0.2, X-CUBE-AZRTOS-F4_V1.1.0, X-CUBE-AZRTOS-F7_V1.1.0, X-CUBE-AZRTOS-G0_V1.1.0, X-CUBE-AZRTOS-G4_V2.0.0, X-CUBE-AZRTOS-H7RS_V1.1.0, X-CUBE-AZRTOS-H7_V3.4.0, X-CUBE-AZRTOS-L4_V2.0.0, X-CUBE-AZRTOS-L5_V2.0.0, X-CUBE-AZRTOS-WB_V2.0.0, X-CUBE-AZRTOS-WL_V2.0.0, X-CUBE-BLE1_V7.1.0, X-CUBE-BLE2_V3.3.0, X-CUBE-BLEMGR_V4.1.0, X-CUBE-EEPRMA1_V5.2.0, X-CUBE-FREERTOS_V1.3.1, X-CUBE-GNSS1_V6.0.0, X-CUBE-MEMS1_V11.3.0, X-CUBE-NFC4_V3.0.0, X-CUBE-NFC7_V2.0.0, X-CUBE-SFXS2LP1_V4.0.0, X-CUBE-ST67W61_V1.0.0, X-CUBE-SUBG2_V5.0.0, X-CUBE-TOF1_V3.4.3]
2025-10-12 09:01:21,570 [INFO] DbBoardsSqlite:226 - include board P-NUCLEO-WB55-NUCLEO as a kit item of type 'Nucleo-64'
2025-10-12 09:01:21,570 [INFO] DbBoardsSqlite:226 - include board P-NUCLEO-WB55-USBDONGLE as a kit item of type 'Nucleo USB Dongle'
2025-10-12 09:01:21,570 [INFO] DbBoardsSqlite:226 - include board STEVAL-IDP005V1 as a kit item of type 'Evaluation Board'
2025-10-12 09:01:21,570 [INFO] DbBoardsSqlite:226 - include board STEVAL-IDP005V2 as a kit item of type 'Evaluation Board'
2025-10-12 09:01:21,633 [INFO] ApiDb:240 - Found 880 in-development CPN: [B-G473E-ZEST1S, B-WB1M-WPAN1, B-WBA5M-WPAN, B-WL5M-SUBG1, NUCLEO-C031C6, NUCLEO-C051C8, NUCLEO-C071RB, NUCLEO-C092RC, NUCLEO-H503RB, NUCLEO-H533RE, NUCLEO-H563ZI, NUCLEO-H7S3L8, NUCLEO-N657X0-Q, NUCLEO-U031R8, NUCLEO-U083RC, NUCLEO-U385RG-Q, NUCLEO-U545RE-Q, NUCLEO-U5A5ZJ-Q, NUCLEO-WB05KZ, NUCLEO-WB07CC, NUCLEO-WB09KE, NUCLEO-WBA52CG, NUCLEO-WBA55CG, NUCLEO-WL33CC1, NUCLEO-WL33CC2, STEVAL-PROTEUS1, STEVAL-SMARTAG2, STEVAL-STWINBX1, STM320518-EVAL, STM32C0116-DK, STM32C011D6Y3TR, STM32C011D6Y6TR, STM32C011F4P3, STM32C011F4P6, STM32C011F4U3, STM32C011F4U6TR, STM32C011F6P3, STM32C011F6P6, STM32C011F6U3, STM32C011F6U6TR, STM32C011J4M3, STM32C011J4M6, STM32C011J6M3, STM32C011J6M6, STM32C0316-DK, STM32C031C4T3, STM32C031C4T6, STM32C031C4U3, STM32C031C4U6, STM32C031C6T3, STM32C031C6T6, STM32C031C6U3, STM32C031C6U6, STM32C031F4P3, STM32C031F4P6, STM32C031F6P3, STM32C031F6P6, STM32C031G4U3, STM32C031G4U6, STM32C031G6U3, STM32C031G6U6, STM32C031K4T3, STM32C031K4T6, STM32C031K4U3, STM32C031K4U6, STM32C031K6T3, STM32C031K6T6, STM32C031K6U3, STM32C031K6U6, STM32C051C6T6, STM32C051C6U6, STM32C051C8T6, STM32C051C8U6, STM32C051D8Y6TR, STM32C051F6P6, STM32C051F8P6, STM32C051G6U6, STM32C051G8U6, STM32C051K6T6, STM32C051K6U6, STM32C051K8T6, STM32C071C8T6, STM32C071C8T6N, STM32C071C8U6, STM32C071C8U6N, STM32C071CBT6, STM32C071CBT6N, STM32C071CBU6, STM32C071CBU6N, STM32C071F8P6, STM32C071F8P6N, STM32C071FBP6, STM32C071FBP6N, STM32C071FBY6TR, STM32C071G8U6, STM32C071G8U6N, STM32C071GBU6, STM32C071GBU6N, STM32C071K8T6, STM32C071K8T6N, STM32C071K8U6, STM32C071K8U6N, STM32C071KBT6, STM32C071KBT6N, STM32C071KBU6, STM32C071KBU6N, STM32C071R8T6, STM32C071R8T6N, STM32C071RBI6N, STM32C071RBT6, STM32C071RBT6N, STM32C091CBT6, STM32C091CBU6, STM32C091CCT6, STM32C091CCU6, STM32C091ECY6TR, STM32C091FBP6, STM32C091FCP6, STM32C091GBU6, STM32C091GCU6, STM32C091KBT6, STM32C091KBU6, STM32C091KCT6, STM32C091KCU6, STM32C091RBT6, STM32C091RCI6, STM32C091RCT6, STM32C092CBT6, STM32C092CBU6, STM32C092CCT6, STM32C092CCU6, STM32C092ECY6TR, STM32C092FBP6, STM32C092FCP6, STM32C092GBU6, STM32C092GCU6, STM32C092KBT6, STM32C092KBU6, STM32C092KCT6, STM32C092KCU6, STM32C092RBT6, STM32C092RCI6, STM32C092RCT6, STM32G071K8TXN, STM32G071K8UXN, STM32G081GBU6N, STM32G081KBT6N, STM32G081KBUXN, STM32G0B1CCT6N, STM32G0B1KCT6, STM32G0B1NEY6TR, STM32G0B1RCT6N, STM32G0C1CCT6, STM32G0C1CCT6N, STM32G0C1CCU6N, STM32G0C1CET6N, STM32G0C1CEU6N, STM32G0C1KCT6, STM32G0C1NEY6TR, STM32G0C1RCI6N, STM32G0C1RCT6N, STM32G0C1REI6N, STM32G0C1RET6N, STM32G0C1VCI6, STM32G0C1VEI6, STM32G411C6T3, STM32G411C6T6, STM32G411C6U3, STM32G411C6U6, STM32G411C8T3, STM32G411C8T6, STM32G411C8U3, STM32G411C8U6, STM32G411CBT3, STM32G411CBT6, STM32G411CBU3, STM32G411CBU6, STM32G411K6T3, STM32G411K6T6, STM32G411K6U3, STM32G411K6U6, STM32G411K8T3, STM32G411K8T6, STM32G411K8U3, STM32G411K8U6, STM32G411KBT3, STM32G411KBT6, STM32G411KBU3, STM32G411KBU6, STM32G411M6T3, STM32G411M6T6, STM32G411M8T3, STM32G411M8T6, STM32G411MBT3, STM32G411MBT6, STM32G411R6T3, STM32G411R6T6, STM32G411R8T3, STM32G411R8T6, STM32G411RBT3, STM32G411RBT6, STM32G414CBT3, STM32G414CBT6, STM32G414CBU3, STM32G414CBU6, STM32G414CCT3, STM32G414CCT6, STM32G414CCU3, STM32G414CCU6, STM32G414MBT3, STM32G414MBT6, STM32G414MCT3, STM32G414MCT6, STM32G414RBT3, STM32G414RBT6, STM32G414RCT3, STM32G414RCT6, STM32G414VBT3, STM32G414VBT6, STM32G414VCT3, STM32G414VCT6, STM32G431CBT3Z, STM32G431RBT3Z, STM32G471CCT6, STM32G471CCU6, STM32G471CET3, STM32G471CET6, STM32G471CEU3, STM32G471CEU6, STM32G471MCT6, STM32G471MET3, STM32G471MET6, STM32G471MEY6TR, STM32G471QCT6, STM32G471QET3, STM32G471RCT6, STM32G471RET3, STM32G471RET6, STM32G471VCH6, STM32G471VCI6, STM32G471VCT6, STM32G471VEH3, STM32G471VEH6, STM32G471VEI3, STM32G471VEI6, STM32G471VET3, STM32G471VET6, STM32G473QET3Z, STM32G473RET3Z, STM32G474CCT6, STM32G491RET3Z, STM32H503CBT6, STM32H503CBU6, STM32H503EBY6TR, STM32H503KBU6, STM32H503RBT6, STM32H523CCT6, STM32H523CCU6, STM32H523CET6, STM32H523CEU6, STM32H523HEY6TR, STM32H523RCT6, STM32H523RET6, STM32H523VCI6, STM32H523VCT6, STM32H523VEI6, STM32H523VET6, STM32H523ZCJ6, STM32H523ZCT6, STM32H523ZEJ6, STM32H523ZET6, STM32H533CET6, STM32H533CEU6, STM32H533HEY6TR, STM32H533RET6, STM32H533VEI6, STM32H533VET6, STM32H533ZEJ6, STM32H533ZET6, STM32H562AGI6, STM32H562AII6, STM32H562IGK6, STM32H562IGT6, STM32H562IIK6, STM32H562IIT6, STM32H562RGT6, STM32H562RGV6, STM32H562RIT6, STM32H562RIV6, STM32H562VGT6, STM32H562VIT6, STM32H562ZGT6, STM32H562ZIT6, STM32H563AGI6, STM32H563AII3Q, STM32H563AII6, STM32H563IGK6, STM32H563IGT6, STM32H563IIK3Q, STM32H563IIK6, STM32H563IIT3Q, STM32H563IIT6, STM32H563MIY3QTR, STM32H563RGT6, STM32H563RGV6, STM32H563RIT6, STM32H563RIV6, STM32H563VGT6, STM32H563VIT3Q, STM32H563VIT6, STM32H563ZGT6, STM32H563ZIT3Q, STM32H563ZIT6, STM32H573AII3Q, STM32H573AII6, STM32H573I-DK, STM32H573IIK3Q, STM32H573IIK6, STM32H573IIT3Q, STM32H573IIT6, STM32H573MIY3QTR, STM32H573RIT6, STM32H573RIV6, STM32H573VIT3Q, STM32H573VIT6, STM32H573ZIT3Q, STM32H573ZIT6, STM32H7R3A8I6, STM32H7R3I8K6, STM32H7R3I8T6, STM32H7R3L8H6, STM32H7R3L8H6H, STM32H7R3R8V6, STM32H7R3V8H6, STM32H7R3V8T6, STM32H7R3V8Y6TR, STM32H7R3Z8J6, STM32H7R3Z8T6, STM32H7R7A8I6, STM32H7R7I8K6, STM32H7R7I8T6, STM32H7R7L8H6, STM32H7R7L8H6H, STM32H7R7Z8J6, STM32H7S3A8I6, STM32H7S3I8K6, STM32H7S3I8T6, STM32H7S3L8H6, STM32H7S3L8H6H, STM32H7S3R8V6, STM32H7S3V8H6, STM32H7S3V8T6, STM32H7S3V8Y6TR, STM32H7S3Z8J6, STM32H7S3Z8T6, STM32H7S78-DK, STM32H7S7A8I6, STM32H7S7I8K6, STM32H7S7I8T6, STM32H7S7L8H6, STM32H7S7L8H6H, STM32H7S7Z8J6, STM32L4R5QGI6STR, STM32MP131AAE3, STM32MP131AAF3, STM32MP131AAG3, STM32MP131CAE3, STM32MP131CAF3, STM32MP131CAG3, STM32MP131DAE7, STM32MP131DAF7, STM32MP131DAG7, STM32MP131FAE7, STM32MP131FAF7, STM32MP131FAG7, STM32MP133AAE3, STM32MP133AAF3, STM32MP133AAG3, STM32MP133CAE3, STM32MP133CAF3, STM32MP133CAG3, STM32MP133DAE7, STM32MP133DAF7, STM32MP133DAG7, STM32MP133FAE7, STM32MP133FAF7, STM32MP133FAG7, STM32MP135AAE3, STM32MP135AAF3, STM32MP135AAG3, STM32MP135CAE3, STM32MP135CAF3, STM32MP135CAG3, STM32MP135DAE7, STM32MP135DAF7, STM32MP135DAG7, STM32MP135F-DK, STM32MP135FAE7, STM32MP135FAF7, STM32MP135FAF7T, STM32MP135FAF7U, STM32MP135FAG7, STM32MP211AAL3, STM32MP211AAM3, STM32MP211AAN3, STM32MP211AAO3, STM32MP211CAL3, STM32MP211CAM3, STM32MP211CAN3, STM32MP211CAO3, STM32MP211DAL3, STM32MP211DAM3, STM32MP211DAN3, STM32MP211DAO3, STM32MP211FAL3, STM32MP211FAM3, STM32MP211FAN3, STM32MP211FAO3, STM32MP213AAL3, STM32MP213AAM3, STM32MP213AAN3, STM32MP213AAO3, STM32MP213CAL3, STM32MP213CAM3, STM32MP213CAN3, STM32MP213CAO3, STM32MP213DAL3, STM32MP213DAM3, STM32MP213DAN3, STM32MP213DAO3, STM32MP213FAL3, STM32MP213FAM3, STM32MP213FAN3, STM32MP213FAO3, STM32MP215AAL3, STM32MP215AAM3, STM32MP215AAN3, STM32MP215AAO3, STM32MP215CAL3, STM32MP215CAM3, STM32MP215CAN3, STM32MP215CAO3, STM32MP215DAL3, STM32MP215DAM3, STM32MP215DAN3, STM32MP215DAO3, STM32MP215F-DK, STM32MP215FAL3, STM32MP215FAM3, STM32MP215FAN3, STM32MP215FAO3, STM32MP231AAJ3, STM32MP231AAK3, STM32MP231AAL3, STM32MP231CAJ3, STM32MP231CAK3, STM32MP231CAL3, STM32MP231DAJ3, STM32MP231DAK3, STM32MP231DAL3, STM32MP231FAJ3, STM32MP231FAK3, STM32MP231FAL3, STM32MP233AAJ3, STM32MP233AAK3, STM32MP233AAL3, STM32MP233CAJ3, STM32MP233CAK3, STM32MP233CAL3, STM32MP233DAJ3, STM32MP233DAK3, STM32MP233DAL3, STM32MP233FAJ3, STM32MP233FAK3, STM32MP233FAL3, STM32MP235AAJ3, STM32MP235AAK3, STM32MP235AAL3, STM32MP235CAJ3, STM32MP235CAK3, STM32MP235CAL3, STM32MP235DAJ3, STM32MP235DAK3, STM32MP235DAL3, STM32MP235FAJ3, STM32MP235FAK3, STM32MP235FAL3, STM32MP251AAI3, STM32MP251AAK3, STM32MP251AAL3, STM32MP251CAI3, STM32MP251CAK3, STM32MP251CAL3, STM32MP251DAI3, STM32MP251DAK3, STM32MP251DAL3, STM32MP251FAI3, STM32MP251FAK3, STM32MP251FAL3, STM32MP253AAI3, STM32MP253AAK3, STM32MP253AAL3, STM32MP253CAI3, STM32MP253CAK3, STM32MP253CAL3, STM32MP253DAI3, STM32MP253DAK3, STM32MP253DAL3, STM32MP253FAI3, STM32MP253FAK3, STM32MP253FAL3, STM32MP255AAI3, STM32MP255AAK3, STM32MP255AAL3, STM32MP255CAI3, STM32MP255CAK3, STM32MP255CAL3, STM32MP255DAI3, STM32MP255DAK3, STM32MP255DAL3, STM32MP255FAI3, STM32MP255FAK3, STM32MP255FAL3, STM32MP257AAI3, STM32MP257AAK3, STM32MP257AAL3, STM32MP257CAI3, STM32MP257CAK3, STM32MP257CAL3, STM32MP257DAI3, STM32MP257DAK3, STM32MP257DAL3, STM32MP257F-DK, STM32MP257F-EV1, STM32MP257FAI3, STM32MP257FAK3, STM32MP257FAL3, STM32N645A0H3Q, STM32N645B0H3Q, STM32N645I0H3Q, STM32N645L0H3Q, STM32N645X0H3Q, STM32N645Z0H3Q, STM32N647A0H3Q, STM32N647B0H3Q, STM32N647I0H3Q, STM32N647L0H3Q, STM32N647X0H3Q, STM32N647Z0H3Q, STM32N655A0H3Q, STM32N655B0H3Q, STM32N655I0H3Q, STM32N655L0H3Q, STM32N655X0H3Q, STM32N655Z0H3Q, STM32N6570-DK, STM32N657A0H3Q, STM32N657B0H3Q, STM32N657I0H3Q, STM32N657L0H3Q, STM32N657X0H3Q, STM32N657Z0H3Q, STM32U031C6T6, STM32U031C6U6, STM32U031C8T6, STM32U031C8U6, STM32U031F4P6, STM32U031F6P6, STM32U031F8P6, STM32U031G6Y6TR, STM32U031G8Y6TR, STM32U031K4U6, STM32U031K6U6, STM32U031K8U6, STM32U031R6I6, STM32U031R6T6, STM32U031R8I6, STM32U031R8T6, STM32U073C8T6, STM32U073C8U6, STM32U073CBT6, STM32U073CBU6, STM32U073CCT6, STM32U073CCU6, STM32U073H8Y6TR, STM32U073HBY6TR, STM32U073HCY6TR, STM32U073K8U6, STM32U073KBU6, STM32U073KCU6, STM32U073M8I6, STM32U073M8T6, STM32U073MBI6, STM32U073MBT6, STM32U073MCI6, STM32U073MCT6, STM32U073R8I6, STM32U073R8T6, STM32U073RBI6, STM32U073RBT6, STM32U073RCI6, STM32U073RCT6, STM32U083C-DK, STM32U083CCT6, STM32U083CCU6, STM32U083HCY6TR, STM32U083KCU6, STM32U083MCI6, STM32U083MCT6, STM32U083RCI6, STM32U083RCT6, STM32U375CET6, STM32U375CET6Q, STM32U375CEU6, STM32U375CEU6Q, STM32U375CEY6QTR, STM32U375CGT6, STM32U375CGT6Q, STM32U375CGU6, STM32U375CGU6Q, STM32U375CGY6QTR, STM32U375KEU6, STM32U375KGU6, STM32U375REI6, STM32U375REI6Q, STM32U375RET6, STM32U375RET6Q, STM32U375REY6GTR, STM32U375REY6QTR, STM32U375RGI6, STM32U375RGI6Q, STM32U375RGT6, STM32U375RGT6Q, STM32U375RGY6GTR, STM32U375RGY6QTR, STM32U375VEI6, STM32U375VEI6Q, STM32U375VET6, STM32U375VET6Q, STM32U375VGI6, STM32U375VGI6Q, STM32U375VGT6, STM32U375VGT6Q, STM32U385CGT6, STM32U385CGT6Q, STM32U385CGU6, STM32U385CGU6Q, STM32U385CGY6QTR, STM32U385KGU6, STM32U385RGI6, STM32U385RGI6Q, STM32U385RGT6, STM32U385RGT6Q, STM32U385RGY6GTR, STM32U385RGY6QTR, STM32U385VGI6, STM32U385VGI6Q, STM32U385VGT6, STM32U385VGT6Q, STM32U535CBT6, STM32U535CBT6Q, STM32U535CBU6, STM32U535CBU6Q, STM32U535CCT6, STM32U535CCT6Q, STM32U535CCU6, STM32U535CCU6Q, STM32U535CET6, STM32U535CET6Q, STM32U535CEU6, STM32U535CEU6Q, STM32U535JEY6QTR, STM32U535NCY6QTR, STM32U535NEY6QTR, STM32U535RBI6, STM32U535RBI6Q, STM32U535RBT6, STM32U535RBT6Q, STM32U535RCI6, STM32U535RCI6Q, STM32U535RCT6, STM32U535RCT6Q, STM32U535REI6, STM32U535REI6Q, STM32U535RET6, STM32U535RET6Q, STM32U535VCI6, STM32U535VCI6Q, STM32U535VCT6, STM32U535VCT6Q, STM32U535VEI6, STM32U535VEI6Q, STM32U535VET6, STM32U535VET6Q, STM32U545CET6, STM32U545CET6Q, STM32U545CEU6, STM32U545CEU6Q, STM32U545JEY6QTR, STM32U545NEY6QTR, STM32U545REI6, STM32U545REI6Q, STM32U545RET6, STM32U545RET6Q, STM32U545VEI6, STM32U545VEI6Q, STM32U545VET6, STM32U545VET6Q, STM32U595AIH6, STM32U595AIH6Q, STM32U595AJH6, STM32U595AJH6Q, STM32U595QII6, STM32U595QII6Q, STM32U595QJI6, STM32U595QJI6Q, STM32U595RIT6, STM32U595RIT6Q, STM32U595RJT6, STM32U595RJT6Q, STM32U595VIT6, STM32U595VIT6Q, STM32U595VJT6, STM32U595VJT6Q, STM32U595ZIT6, STM32U595ZIT6Q, STM32U595ZIY6QTR, STM32U595ZJT6, STM32U595ZJT6Q, STM32U595ZJY6QTR, STM32U599BJY6QTR, STM32U599NIH6Q, STM32U599NJH6Q, STM32U599VIT6Q, STM32U599VJT6, STM32U599VJT6Q, STM32U599ZIT6Q, STM32U599ZIY6QTR, STM32U599ZJT6Q, STM32U599ZJY6QTR, STM32U5A5AJH6, STM32U5A5AJH6Q, STM32U5A5QII3Q , STM32U5A5QJI6, STM32U5A5QJI6Q, STM32U5A5RJT6, STM32U5A5RJT6Q, STM32U5A5VJT6, STM32U5A5VJT6Q, STM32U5A5ZJT6, STM32U5A5ZJT6Q, STM32U5A5ZJY6QTR, STM32U5A9BJY6QTR, STM32U5A9J-DK, STM32U5A9NJH6Q, STM32U5A9VJT6Q, STM32U5A9ZJT6Q, STM32U5A9ZJY6QTR, STM32U5F7VIT6, STM32U5F7VIT6Q, STM32U5F7VJT6, STM32U5F7VJT6Q, STM32U5F9BJY6QTR, STM32U5F9NJH6Q, STM32U5F9VIT6Q, STM32U5F9VJT6Q, STM32U5F9ZIJ6QTR, STM32U5F9ZIT6Q, STM32U5F9ZJJ6QTR, STM32U5F9ZJT6Q, STM32U5G7VJT6, STM32U5G7VJT6Q, STM32U5G9BJY6QTR, STM32U5G9J-DK1, STM32U5G9J-DK2, STM32U5G9NJH6Q, STM32U5G9VJT6Q, STM32U5G9ZJJ6QTR, STM32U5G9ZJT6Q, STM32WB05KZV6TR, STM32WB05KZV7TR, STM32WB05TZF6TR, STM32WB05TZF7TR, STM32WB06CCF6TR, STM32WB06CCF7TR, STM32WB06CCV6TR, STM32WB06CCV7TR, STM32WB06KCV6TR, STM32WB06KCV7TR, STM32WB07CCF6TR, STM32WB07CCF7TR, STM32WB07CCV6TR, STM32WB07CCV7TR, STM32WB07KCV6TR, STM32WB07KCV7TR, STM32WB09KEV6TR, STM32WB09KEV7TR, STM32WB09TEF6TR, STM32WB09TEF7TR, STM32WB1MMCH6, STM32WBA50KGU6, STM32WBA50KGU6TR, STM32WBA52CEU6, STM32WBA52CEU6TR, STM32WBA52CEU7, STM32WBA52CEU7TR, STM32WBA52CGU6, STM32WBA52CGU6TR, STM32WBA52CGU6U, STM32WBA52CGU7, STM32WBA52CGU7TR, STM32WBA52KEU6, STM32WBA52KEU6TR, STM32WBA52KGU6, STM32WBA52KGU6TR, STM32WBA54CEU6, STM32WBA54CEU6TR, STM32WBA54CEU7, STM32WBA54CEU7TR, STM32WBA54CGU6, STM32WBA54CGU6TR, STM32WBA54CGU7, STM32WBA54CGU7TR, STM32WBA54KEU6, STM32WBA54KEU6TR, STM32WBA54KEU7, STM32WBA54KEU7TR, STM32WBA54KGU6, STM32WBA54KGU6TR, STM32WBA54KGU7, STM32WBA54KGU7TR, STM32WBA55CEU6, STM32WBA55CEU6TR, STM32WBA55CEU7, STM32WBA55CEU7TR, STM32WBA55CGU6, STM32WBA55CGU6TR, STM32WBA55CGU6U, STM32WBA55CGU7, STM32WBA55CGU7TR, STM32WBA55G-DK1, STM32WBA55HEF6, STM32WBA55HEF7, STM32WBA55HGF6, STM32WBA55HGF7, STM32WBA55UEI6, STM32WBA55UEI6TR, STM32WBA55UEI7, STM32WBA55UEI7TR, STM32WBA55UGI6, STM32WBA55UGI6TR, STM32WBA55UGI7, STM32WBA55UGI7TR, STM32WBA5MMGH6TR, STM32WBA62MGF6, STM32WBA62MIF6, STM32WBA65MGF7, STM32WBA65MIF6, STM32WBA65MIF7, STM32WL30K8V6, STM32WL30KBV6, STM32WL31C8V6, STM32WL31CBV6, STM32WL31K8V6, STM32WL31KBV6, STM32WL33C8V6, STM32WL33C8V6X, STM32WL33CBV6, STM32WL33CBV6X, STM32WL33CCV6, STM32WL33CCV6A, STM32WL33CCV6X, STM32WL33K8V7, STM32WL33K8V7X, STM32WL33KBV7 , STM32WL33KBV7X, STM32WL33KCV7, STM32WL33KCV7X, STM32WL5MOCH6, STM32WL5MOCH6TR]
2025-10-12 09:01:21,894 [INFO] BoardInfo:889 - No configuration file found for board P-NUCLEO-WB55
2025-10-12 09:01:21,895 [INFO] DbBoards:161 - Kit is not supported: P-NUCLEO-WB55
2025-10-12 09:01:21,903 [INFO] BoardInfo:889 - No configuration file found for board STEVAL-BFA001V1B
2025-10-12 09:01:21,905 [INFO] DbBoards:161 - Kit is not supported: STEVAL-BFA001V1B
2025-10-12 09:01:21,906 [INFO] BoardInfo:889 - No configuration file found for board STEVAL-BFA001V2B
2025-10-12 09:01:21,908 [INFO] DbBoards:161 - Kit is not supported: STEVAL-BFA001V2B
2025-10-12 09:01:22,170 [INFO] DbBoards:168 - Found 212 boards, 209 are supported
2025-10-12 09:01:22,170 [INFO] DbBoards:169 - Found 212 boards, 43 of them is supported for  Bsp
2025-10-12 09:01:22,173 [INFO] ApiDb:423 - Load user favorites file C:\Users\lucas/.stm32cubeide/favorites.boards.txt: 0 item(s)
2025-10-12 09:01:22,173 [INFO] ApiDb:427 - User favorites Boards=[]
2025-10-12 09:01:22,173 [INFO] DbBoards:198 - Set 0 / 0 favorites Boards
2025-10-12 09:01:22,175 [INFO] ApiDb:668 - CubeFinder database Data Model version=2.1
2025-10-12 09:01:22,175 [INFO] ApiDb:669 - CubeFinder database Configuration version=3.0.39
2025-10-12 09:01:22,175 [INFO] ApiDb:670 - CubeFinder database generation date=2025-08-25 (1756130511)
2025-10-12 09:01:22,175 [INFO] ApiDb:671 - CubeFinder database FW Pack versions=[FP-ATR-ASTRA1_V2.0.0, FP-SNS-FLIGHT1_V5.1.0, FP-SNS-MOTENV1_V5.0.0, FP-SNS-MOTENVWB1_V1.4.0, FP-SNS-SMARTAG2_V1.2.0, FP-SNS-STBOX1_V2.1.0, STM32Cube_FW_C0_V1.4.0, STM32Cube_FW_F4_V1.28.3, STM32Cube_FW_F7_V1.17.4, STM32Cube_FW_G0_V1.6.2, STM32Cube_FW_G4_V1.6.1, STM32Cube_FW_H5_V1.5.0, STM32Cube_FW_H7RS_V1.2.0, STM32Cube_FW_H7_V1.12.1, STM32Cube_FW_L0_V1.12.2, STM32Cube_FW_L4_V1.18.1, STM32Cube_FW_L5_V1.5.1, STM32Cube_FW_N6_V1.2.0, STM32Cube_FW_U0_V1.3.0, STM32Cube_FW_U3_V1.2.0, STM32Cube_FW_U5_V1.8.0, STM32Cube_FW_WB0_V1.3.0, STM32Cube_FW_WBA_V1.7.0, STM32Cube_FW_WB_V1.23.0, STM32Cube_FW_WL3_V1.2.0, STM32Cube_FW_WL_V1.3.1, X-CUBE-ALGOBUILD_V1.4.0, X-CUBE-ALS_V1.0.2, X-CUBE-AZRTOS-F4_V1.1.0, X-CUBE-AZRTOS-F7_V1.1.0, X-CUBE-AZRTOS-G0_V1.1.0, X-CUBE-AZRTOS-G4_V2.0.0, X-CUBE-AZRTOS-H7RS_V1.1.0, X-CUBE-AZRTOS-H7_V3.4.0, X-CUBE-AZRTOS-L4_V2.0.0, X-CUBE-AZRTOS-L5_V2.0.0, X-CUBE-AZRTOS-WB_V2.0.0, X-CUBE-AZRTOS-WL_V2.0.0, X-CUBE-BLE1_V7.1.0, X-CUBE-BLE2_V3.3.0, X-CUBE-BLEMGR_V4.1.0, X-CUBE-EEPRMA1_V5.2.0, X-CUBE-FREERTOS_V1.3.1, X-CUBE-GNSS1_V6.0.0, X-CUBE-MEMS1_V11.3.0, X-CUBE-NFC4_V3.0.0, X-CUBE-NFC7_V2.0.0, X-CUBE-SFXS2LP1_V4.0.0, X-CUBE-ST67W61_V1.0.0, X-CUBE-SUBG2_V5.0.0, X-CUBE-TOF1_V3.4.3]
2025-10-12 09:01:22,678 [ERROR] DbExamplesSqlite:437 - Missing JSON key: board_cpn
2025-10-12 09:01:22,678 [ERROR] DbExamplesSqlite:437 - Missing JSON key: board_cpn
2025-10-12 09:01:22,678 [ERROR] DbExamplesSqlite:437 - Missing JSON key: board_cpn
2025-10-12 09:01:22,678 [ERROR] DbExamplesSqlite:437 - Missing JSON key: board_cpn
2025-10-12 09:01:22,898 [ERROR] DbExamplesSqlite:437 - Missing JSON key: board_cpn
2025-10-12 09:01:22,898 [ERROR] DbExamplesSqlite:437 - Missing JSON key: board_cpn
2025-10-12 09:01:22,900 [INFO] DbExamplesSqlite:395 - Ignored 33 examples not supported by CubeIDE
2025-10-12 09:01:22,900 [INFO] DbExamplesSqlite:396 - Found 10871 examples active
2025-10-12 09:01:22,900 [INFO] DbExamplesSqlite:397 - Found 0 examples obsolete
2025-10-12 09:01:22,901 [INFO] DbExamplesSqlite:398 - Found 0 examples under development
2025-10-12 09:01:22,901 [INFO] DbExamplesSqlite:399 - Found 65 examples not building
2025-10-12 09:01:22,902 [INFO] DbExamples:125 - Found 10903 examples
2025-10-12 09:01:22,915 [INFO] DbExamples:222 - Found 134 boards with related examples
2025-10-12 09:01:22,915 [INFO] DbExamples:235 - Found 111 MCUs with related examples
2025-10-12 09:01:22,934 [INFO] ApiDb:414 - User favorites file not found: C:\Users\lucas/.stm32cubeide/favorites.examples.txt
2025-10-12 09:01:22,935 [INFO] DbExamples:250 - Set 0 / 0 favorites Examples
2025-10-12 09:01:23,135 [INFO] McuFinderGlobals:76 - Set McuFinderConnectedMode to true
2025-10-12 09:01:23,140 [INFO] MultiScanPanel:200 - Auto-refresh data requested => check proxy status ongoing
2025-10-12 09:01:23,142 [INFO] FinderPluginLoader:96 - Searching for filters in installed packs
2025-10-12 09:01:24,134 [INFO] LoadUrlFilesThread:185 - End of LoadServerUrlFiles without Thread
2025-10-12 09:01:24,149 [INFO] DetailPanel:341 - Set advertising image to C:/Users/lucas/STM32Cube/Repository/\en.mcu-finder-stm32n6dk.jpg
2025-10-12 09:03:34,822 [INFO] MainUpdater:2872 - connection check result : 10
2025-10-12 09:03:34,823 [INFO] MainUpdater:2872 - connection check result : 10
2025-10-12 09:03:34,839 [INFO] MicroXplorer:468 - Change Database Path : 
2025-10-12 09:03:34,839 [INFO] MicroXplorer:498 - Change Database Version : DB.6.0.150
2025-10-12 09:03:34,843 [WARN] ThirdParty:871 - waiting for thirdparty lock release [close project]
2025-10-12 09:03:34,843 [INFO] ThirdParty:873 - entering critical section [close project]
2025-10-12 09:03:34,843 [INFO] ThirdParty:883 - exiting critical section [close project]
2025-10-12 09:03:34,844 [INFO] PinOutPanel:1589 - setPackage(No Configuration,No Configuration)
2025-10-12 09:03:34,845 [INFO] UtilMem:75 - Begin LoadConfig() Used Memory: 819670000 Bytes (1073741824)
2025-10-12 09:03:34,846 [INFO] MicroXplorer:468 - Change Database Path : 
2025-10-12 09:03:34,846 [INFO] MicroXplorer:498 - Change Database Version : DB.6.0.150
2025-10-12 09:03:34,846 [INFO] OpenFileManager:355 - Change cursor
2025-10-12 09:03:34,955 [INFO] Mcu:2029 - Initializing MCU STM32F103C8Tx STM32F103C8Tx STM32F103C8T6
2025-10-12 09:03:35,608 [INFO] Context:786 - Trying to add GPIOservice into a context  which must be forbidden
2025-10-12 09:03:35,775 [INFO] ImportTextPane:234 - (OptionalMessage_ERROR) Unable to find key (Mcu.ThirdPartyNb) in loaded IOC file
2025-10-12 09:03:35,776 [INFO] ImportTextPane:234 - (OptionalMessage_ERROR) Unable to find key (Mcu.PinsNb) in loaded IOC file
2025-10-12 09:03:35,776 [INFO] ImportTextPane:234 - (OptionalMessage_ERROR) Pin0 (VP_RIF_VS_RIF1) cannot be retrieved for this MCU
2025-10-12 09:03:35,776 [INFO] ImportTextPane:234 - (OptionalMessage_ERROR) Unable to find key (Mcu.IPNb) in loaded IOC file
2025-10-12 09:03:35,826 [INFO] RtosManager:558 - Registered RTOS mode: class=CMSIS, group=RTOS, mode=CMSIS_V1, owner=FREERTOS
2025-10-12 09:03:35,826 [INFO] RtosManager:558 - Registered RTOS mode: class=CMSIS, group=RTOS2, mode=CMSIS_V2, owner=FREERTOS
2025-10-12 09:03:35,826 [INFO] RtosManager:558 - Registered RTOS mode: class=RTOS, group=Core, mode=CMSIS_V1, owner=FREERTOS
2025-10-12 09:03:35,827 [INFO] RtosManager:558 - Registered RTOS mode: class=RTOS, group=Core, mode=CMSIS_V2, owner=FREERTOS
2025-10-12 09:03:35,827 [WARN] ModelIntegratedComponent:184 - Missing modes for component STMicroelectronics:FreeRTOS:0.0.1:STMicroelectronics:RTOS:FreeRTOS:Core:::10.2.0:
2025-10-12 09:03:35,832 [WARN] ModelIntegratedComponent:63 - No mode defined for component null
2025-10-12 09:03:35,832 [WARN] ModelIntegratedComponent:63 - No mode defined for component null
2025-10-12 09:03:35,832 [WARN] ModelIntegratedComponent:63 - No mode defined for component null
2025-10-12 09:03:35,832 [WARN] ModelIntegratedComponent:63 - No mode defined for component null
2025-10-12 09:03:35,832 [WARN] ModelIntegratedComponent:63 - No mode defined for component null
2025-10-12 09:03:35,832 [WARN] ModelIntegratedComponent:63 - No mode defined for component null
2025-10-12 09:03:35,832 [WARN] ModelIntegratedComponent:63 - No mode defined for component null
2025-10-12 09:03:35,832 [WARN] ModelIntegratedComponent:63 - No mode defined for component null
2025-10-12 09:03:35,832 [WARN] ModelIntegratedComponent:63 - No mode defined for component null
2025-10-12 09:03:35,832 [WARN] ModelIntegratedComponent:63 - No mode defined for component null
2025-10-12 09:03:35,832 [WARN] ModelIntegratedComponent:63 - No mode defined for component null
2025-10-12 09:03:35,832 [WARN] ModelIntegratedComponent:63 - No mode defined for component null
2025-10-12 09:03:35,832 [WARN] ModelIntegratedComponent:63 - No mode defined for component null
2025-10-12 09:03:35,832 [WARN] ModelIntegratedComponent:63 - No mode defined for component null
2025-10-12 09:03:35,832 [WARN] ModelIntegratedComponent:63 - No mode defined for component null
2025-10-12 09:03:35,832 [WARN] ModelIntegratedComponent:63 - No mode defined for component null
2025-10-12 09:03:35,832 [WARN] ModelIntegratedComponent:63 - No mode defined for component null
2025-10-12 09:03:35,832 [WARN] ModelIntegratedComponent:63 - No mode defined for component null
2025-10-12 09:03:35,832 [WARN] ModelIntegratedComponent:63 - No mode defined for component null
2025-10-12 09:03:35,832 [WARN] ModelIntegratedComponent:63 - No mode defined for component null
2025-10-12 09:03:35,832 [WARN] ModelIntegratedComponent:63 - No mode defined for component null
2025-10-12 09:03:35,833 [WARN] ModelIntegratedComponent:63 - No mode defined for component null
2025-10-12 09:03:35,833 [WARN] ModelIntegratedComponent:63 - No mode defined for component null
2025-10-12 09:03:35,833 [WARN] ModelIntegratedComponent:63 - No mode defined for component null
2025-10-12 09:03:35,833 [WARN] ModelIntegratedComponent:63 - No mode defined for component null
2025-10-12 09:03:35,833 [WARN] ModelIntegratedComponent:63 - No mode defined for component null
2025-10-12 09:03:35,833 [WARN] ModelIntegratedComponent:63 - No mode defined for component null
2025-10-12 09:03:35,833 [WARN] ModelIntegratedComponent:63 - No mode defined for component null
2025-10-12 09:03:35,833 [WARN] ModelIntegratedComponent:63 - No mode defined for component null
2025-10-12 09:03:35,833 [WARN] ModelIntegratedComponent:63 - No mode defined for component null
2025-10-12 09:03:35,833 [WARN] ModelIntegratedComponent:63 - No mode defined for component null
2025-10-12 09:03:35,833 [WARN] ModelIntegratedComponent:63 - No mode defined for component null
2025-10-12 09:03:35,833 [WARN] ModelIntegratedComponent:63 - No mode defined for component null
2025-10-12 09:03:35,833 [WARN] ModelIntegratedComponent:63 - No mode defined for component null
2025-10-12 09:03:35,833 [WARN] ModelIntegratedComponent:63 - No mode defined for component null
2025-10-12 09:03:35,833 [WARN] ModelPack:524 - Component already loaded: STMicroelectronics:HAL Drivers:0.0.0:STMicroelectronics:Device:STMicro_Driver:XSPI:HAL::0.0.1:HAL_XSPI
2025-10-12 09:03:36,063 [INFO] ThirdPartyModel:298 - Start build external matchings
2025-10-12 09:03:37,033 [INFO] ThirdPartyModel:316 - End build external matchings
2025-10-12 09:03:37,192 [INFO] UtilMem:75 - End LoadConfig() Used Memory: 969565304 Bytes (1073741824)
2025-10-12 09:03:37,219 [WARN] ThirdParty:833 - waiting for thirdparty lock release [change project]
2025-10-12 09:03:37,219 [INFO] ThirdParty:835 - entering critical section [change project]
2025-10-12 09:03:37,219 [INFO] ThirdParty:1030 - CMSIS Pack Vendor :STMicroelectronics X-CUBE-PM33A1 1.0.0
2025-10-12 09:03:37,219 [INFO] ThirdParty:1030 - CMSIS Pack Vendor :STMicroelectronics USBPD 4.1
2025-10-12 09:03:37,219 [INFO] ThirdParty:1030 - CMSIS Pack Vendor :STMicroelectronics X-CUBE-GNSS1 6.0.0
2025-10-12 09:03:37,219 [INFO] ThirdParty:1030 - CMSIS Pack Vendor :STMicroelectronics USB_HOST 2.0.0
2025-10-12 09:03:37,219 [INFO] ThirdParty:1030 - CMSIS Pack Vendor :STMicroelectronics FP-SNS-MOTENVWB1 1.4.0
2025-10-12 09:03:37,219 [INFO] ThirdParty:1030 - CMSIS Pack Vendor :STMicroelectronics X-CUBE-AZRTOS-F4 1.1.0
2025-10-12 09:03:37,220 [INFO] ThirdParty:1030 - CMSIS Pack Vendor :STMicroelectronics LIBJPEG 8.0.0
2025-10-12 09:03:37,220 [INFO] ThirdParty:1030 - CMSIS Pack Vendor :STMicroelectronics FP-ATR-ASTRA1 2.0.2
2025-10-12 09:03:37,220 [INFO] ThirdParty:1030 - CMSIS Pack Vendor :Avnet-IotConnect X-CUBE-IoTC-DA16k-PMOD 1.0.0
2025-10-12 09:03:37,220 [INFO] ThirdParty:1030 - CMSIS Pack Vendor :STMicroelectronics X-CUBE-SMBUS 2.1.0
2025-10-12 09:03:37,220 [INFO] ThirdParty:1030 - CMSIS Pack Vendor :STMicroelectronics X-CUBE-ISPU 2.1.0
2025-10-12 09:03:37,220 [INFO] ThirdParty:1030 - CMSIS Pack Vendor :STMicroelectronics X-CUBE-IPS 3.2.0
2025-10-12 09:03:37,220 [INFO] ThirdParty:1030 - CMSIS Pack Vendor :STMicroelectronics X-CUBE-FREERTOS 1.2.0
2025-10-12 09:03:37,220 [INFO] ThirdParty:1030 - CMSIS Pack Vendor :STMicroelectronics X-CUBE-ST60 1.0.0
2025-10-12 09:03:37,220 [INFO] ThirdParty:1030 - CMSIS Pack Vendor :STMicroelectronics X-CUBE-NFC12 1.0.0
2025-10-12 09:03:37,220 [INFO] ThirdParty:1030 - CMSIS Pack Vendor :STMicroelectronics X-CUBE-TOUCHGFX 4.23.2
2025-10-12 09:03:37,220 [INFO] ThirdParty:1030 - CMSIS Pack Vendor :STMicroelectronics X-CUBE-AZRTOS-F7 1.1.0
2025-10-12 09:03:37,220 [INFO] ThirdParty:1030 - CMSIS Pack Vendor :STMicroelectronics X-CUBE-AZRTOS-L5 2.0.0
2025-10-12 09:03:37,220 [INFO] ThirdParty:1030 - CMSIS Pack Vendor :STMicroelectronics USB_DEVICE 2.0.0
2025-10-12 09:03:37,220 [INFO] ThirdParty:1030 - CMSIS Pack Vendor :STMicroelectronics X-CUBE-NFC6 3.1.0
2025-10-12 09:03:37,220 [INFO] ThirdParty:1030 - CMSIS Pack Vendor :STMicroelectronics FreeRTOS 0.0.1
2025-10-12 09:03:37,220 [INFO] ThirdParty:1030 - CMSIS Pack Vendor :STMicroelectronics FP-SNS-FLIGHT1 5.0.2
2025-10-12 09:03:37,220 [INFO] ThirdParty:1030 - CMSIS Pack Vendor :STMicroelectronics X-CUBE-AI 9.0.0
2025-10-12 09:03:37,220 [INFO] ThirdParty:1030 - CMSIS Pack Vendor :STMicroelectronics PDM2PCM 3.3.0
2025-10-12 09:03:37,220 [INFO] ThirdParty:1030 - CMSIS Pack Vendor :STMicroelectronics X-CUBE-AZRTOS-H7 3.4.0
2025-10-12 09:03:37,220 [INFO] ThirdParty:1030 - CMSIS Pack Vendor :STMicroelectronics X-CUBE-DISPLAY 3.0.0
2025-10-12 09:03:37,220 [INFO] ThirdParty:1030 - CMSIS Pack Vendor :STMicroelectronics X-CUBE-BLE1 7.0.0
2025-10-12 09:03:37,220 [INFO] ThirdParty:1030 - CMSIS Pack Vendor :STMicroelectronics X-CUBE-NFC10 1.0.0
2025-10-12 09:03:37,220 [INFO] ThirdParty:1030 - CMSIS Pack Vendor :STMicroelectronics X-CUBE-BLEMGR 4.0.0
2025-10-12 09:03:37,221 [INFO] ThirdParty:1030 - CMSIS Pack Vendor :STMicroelectronics X-CUBE-FREERTOS 1.3.1
2025-10-12 09:03:37,221 [INFO] ThirdParty:1030 - CMSIS Pack Vendor :STMicroelectronics HAL Drivers 0.0.0
2025-10-12 09:03:37,221 [INFO] ThirdParty:1030 - CMSIS Pack Vendor :emotas I-CUBE-CANOPEN 1.3.0
2025-10-12 09:03:37,221 [INFO] ThirdParty:1030 - CMSIS Pack Vendor :STMicroelectronics X-CUBE-NFC7 1.0.1
2025-10-12 09:03:37,221 [INFO] ThirdParty:1030 - CMSIS Pack Vendor :STMicroelectronics MBEDTLS 2.14.1
2025-10-12 09:03:37,221 [INFO] ThirdParty:1030 - CMSIS Pack Vendor :STMicroelectronics X-CUBE-TOUCHGFX 4.26.0
2025-10-12 09:03:37,221 [INFO] ThirdParty:1030 - CMSIS Pack Vendor :quantropi X-CUBE-qispace-sdk-base 2.0.0
2025-10-12 09:03:37,221 [INFO] ThirdParty:1030 - CMSIS Pack Vendor :STMicroelectronics X-CUBE-BLEMGR 3.1.0
2025-10-12 09:03:37,221 [INFO] ThirdParty:1030 - CMSIS Pack Vendor :STMicroelectronics FP-SNS-STBOX1 2.1.0
2025-10-12 09:03:37,221 [INFO] ThirdParty:1030 - CMSIS Pack Vendor :STMicroelectronics FP-SNS-STAIOTCFT 1.0.0
2025-10-12 09:03:37,221 [INFO] ThirdParty:1030 - CMSIS Pack Vendor :STMicroelectronics FP-SNS-SMARTAG2 1.2.0
2025-10-12 09:03:37,221 [INFO] ThirdParty:1030 - CMSIS Pack Vendor :STMicroelectronics FP-SNS-FLIGHT1 5.1.0
2025-10-12 09:03:37,221 [INFO] ThirdParty:1030 - CMSIS Pack Vendor :STMicroelectronics X-CUBE-AZRTOS-WL 2.0.0
2025-10-12 09:03:37,221 [INFO] ThirdParty:1030 - CMSIS Pack Vendor :STMicroelectronics X-CUBE-DPower 1.3.0
2025-10-12 09:03:37,221 [INFO] ThirdParty:1030 - CMSIS Pack Vendor :STMicroelectronics FP-SNS-MOTENV1 5.0.0
2025-10-12 09:03:37,222 [INFO] ThirdParty:1030 - CMSIS Pack Vendor :STMicroelectronics USB_DEVICE 1.0.0
2025-10-12 09:03:37,222 [INFO] ThirdParty:1030 - CMSIS Pack Vendor :STMicroelectronics X-CUBE-AZRTOS-L4 2.0.0
2025-10-12 09:03:37,222 [INFO] ThirdParty:1030 - CMSIS Pack Vendor :STMicroelectronics ThreadX 0.0.2
2025-10-12 09:03:37,222 [INFO] ThirdParty:1030 - CMSIS Pack Vendor :WES I-CUBE-Cesium 1.3.0
2025-10-12 09:03:37,222 [INFO] ThirdParty:1030 - CMSIS Pack Vendor :STMicroelectronics lwIP 2.1.2
2025-10-12 09:03:37,222 [INFO] ThirdParty:1030 - CMSIS Pack Vendor :STMicroelectronics X-CUBE-SFXS2LP1 4.0.0
2025-10-12 09:03:37,222 [INFO] ThirdParty:1030 - CMSIS Pack Vendor :STMicroelectronics X-CUBE-BLE2 3.3.0
2025-10-12 09:03:37,222 [INFO] ThirdParty:1030 - CMSIS Pack Vendor :STMicroelectronics PDM2PCM 3.2.0
2025-10-12 09:03:37,222 [INFO] ThirdParty:1030 - CMSIS Pack Vendor :STMicroelectronics X-CUBE-AZRTOS-H7 3.3.0
2025-10-12 09:03:37,222 [INFO] ThirdParty:1030 - CMSIS Pack Vendor :STMicroelectronics X-CUBE-NFC9 1.0.0
2025-10-12 09:03:37,222 [INFO] ThirdParty:1030 - CMSIS Pack Vendor :STMicroelectronics X-CUBE-BLE1 7.1.0
2025-10-12 09:03:37,222 [INFO] ThirdParty:1030 - CMSIS Pack Vendor :wolfSSL I-CUBE-wolfMQTT 1.19.2
2025-10-12 09:03:37,222 [INFO] ThirdParty:1030 - CMSIS Pack Vendor :STMicroelectronics USB_DEVICE 3.0.0
2025-10-12 09:03:37,222 [INFO] ThirdParty:1030 - CMSIS Pack Vendor :STMicroelectronics X-CUBE-TCPP 4.1.0
2025-10-12 09:03:37,222 [INFO] ThirdParty:1030 - CMSIS Pack Vendor :STMicroelectronics X-CUBE-AZRTOS-WB 2.0.0
2025-10-12 09:03:37,222 [INFO] ThirdParty:1030 - CMSIS Pack Vendor :STMicroelectronics X-CUBE-GNSS1 7.0.1
2025-10-12 09:03:37,222 [INFO] ThirdParty:1030 - CMSIS Pack Vendor :STMicroelectronics X-CUBE-TOUCHGFX 4.25.0
2025-10-12 09:03:37,222 [INFO] ThirdParty:1030 - CMSIS Pack Vendor :STMicroelectronics X-CUBE-ST67W61 1.1.0
2025-10-12 09:03:37,222 [INFO] ThirdParty:1030 - CMSIS Pack Vendor :STMicroelectronics X-CUBE-AI 10.1.0
2025-10-12 09:03:37,222 [INFO] ThirdParty:1030 - CMSIS Pack Vendor :STMicroelectronics FP-SNS-STBOX1 2.0.0
2025-10-12 09:03:37,222 [INFO] ThirdParty:1030 - CMSIS Pack Vendor :STMicroelectronics X-CUBE-ALGOBUILD 1.3.0
2025-10-12 09:03:37,222 [INFO] ThirdParty:1030 - CMSIS Pack Vendor :STMicroelectronics X-CUBE-AZRTOS-G0 1.1.0
2025-10-12 09:03:37,222 [INFO] ThirdParty:1030 - CMSIS Pack Vendor :STMicroelectronics X-CUBE-SAFEA1 1.2.2
2025-10-12 09:03:37,222 [INFO] ThirdParty:1030 - CMSIS Pack Vendor :STMicroelectronics X-CUBE-NFC4 3.0.0
2025-10-12 09:03:37,222 [INFO] ThirdParty:1030 - CMSIS Pack Vendor :STMicroelectronics X-CUBE-SUBG2 5.0.0
2025-10-12 09:03:37,222 [INFO] ThirdParty:1030 - CMSIS Pack Vendor :STMicroelectronics X-CUBE-AZRTOS-H7RS 1.1.0
2025-10-12 09:03:37,222 [INFO] ThirdParty:1030 - CMSIS Pack Vendor :STMicroelectronics STM32_WPAN 1.0.0
2025-10-12 09:03:37,222 [INFO] ThirdParty:1030 - CMSIS Pack Vendor :EmbeddedOffice I-CUBE-FS-RTOS 1.0.1
2025-10-12 09:03:37,222 [INFO] ThirdParty:1030 - CMSIS Pack Vendor :STMicroelectronics lwIP 2.0.3
2025-10-12 09:03:37,222 [INFO] ThirdParty:1030 - CMSIS Pack Vendor :STMicroelectronics USB_HOST 1.0.0
2025-10-12 09:03:37,222 [INFO] ThirdParty:1030 - CMSIS Pack Vendor :STMicroelectronics X-CUBE-AZRTOS-G4 2.0.0
2025-10-12 09:03:37,222 [INFO] ThirdParty:1030 - CMSIS Pack Vendor :STMicroelectronics X-CUBE-WB05N 2.0.0
2025-10-12 09:03:37,222 [INFO] ThirdParty:1030 - CMSIS Pack Vendor :STMicroelectronics PDM2PCM 3.1.0
2025-10-12 09:03:37,222 [INFO] ThirdParty:1030 - CMSIS Pack Vendor :wolfSSL I-CUBE-wolfTPM 3.8.0
2025-10-12 09:03:37,224 [INFO] ThirdParty:1030 - CMSIS Pack Vendor :wolfSSL I-CUBE-wolfSSH 1.4.20
2025-10-12 09:03:37,224 [INFO] ThirdParty:1030 - CMSIS Pack Vendor :STMicroelectronics X-CUBE-NFC7 2.0.0
2025-10-12 09:03:37,224 [INFO] ThirdParty:1030 - CMSIS Pack Vendor :STMicroelectronics X-CUBE-TCPP 4.2.0
2025-10-12 09:03:37,224 [INFO] ThirdParty:1030 - CMSIS Pack Vendor :RealThread X-CUBE-RT-Thread_Nano 4.1.1
2025-10-12 09:03:37,224 [INFO] ThirdParty:1030 - CMSIS Pack Vendor :wolfSSL I-CUBE-wolfSSL 5.7.0
2025-10-12 09:03:37,224 [INFO] ThirdParty:1030 - CMSIS Pack Vendor :STMicroelectronics FP-ATR-SIGFOX1 3.2.0
2025-10-12 09:03:37,224 [INFO] ThirdParty:1030 - CMSIS Pack Vendor :STMicroelectronics X-CUBE-ISPU 2.0.0
2025-10-12 09:03:37,224 [INFO] ThirdParty:1030 - CMSIS Pack Vendor :STMicroelectronics X-CUBE-EEPRMA1 5.1.0
2025-10-12 09:03:37,224 [INFO] ThirdParty:1030 - CMSIS Pack Vendor :STMicroelectronics MBEDTLS 2.16.2
2025-10-12 09:03:37,224 [INFO] ThirdParty:1030 - CMSIS Pack Vendor :STMicroelectronics X-CUBE-IPS 3.1.0
2025-10-12 09:03:37,224 [INFO] ThirdParty:1030 - CMSIS Pack Vendor :STMicroelectronics X-CUBE-ALS 1.0.2
2025-10-12 09:03:37,224 [INFO] ThirdParty:1030 - CMSIS Pack Vendor :STMicroelectronics X-CUBE-MEMS1 10.0.0
2025-10-12 09:03:37,224 [INFO] ThirdParty:1030 - CMSIS Pack Vendor :ITTIA_DB I-CUBE-ITTIADB 8.9.0
2025-10-12 09:03:37,224 [INFO] ThirdParty:1030 - CMSIS Pack Vendor :STMicroelectronics X-CUBE-STSE01 1.0.0
2025-10-12 09:03:37,224 [INFO] ThirdParty:1030 - CMSIS Pack Vendor :portGmbH I-Cube-SoM-uGOAL 1.1.0
2025-10-12 09:03:37,224 [INFO] ThirdParty:1030 - CMSIS Pack Vendor :STMicroelectronics X-CUBE-ALS 1.0.1
2025-10-12 09:03:37,224 [INFO] ThirdParty:1030 - CMSIS Pack Vendor :STMicroelectronics X-CUBE-ST67W61 1.0.0
2025-10-12 09:03:37,224 [INFO] ThirdParty:1030 - CMSIS Pack Vendor :STMicroelectronics X-CUBE-AI 10.2.0
2025-10-12 09:03:37,224 [INFO] ThirdParty:1030 - CMSIS Pack Vendor :STMicroelectronics ThreadX 1.0.0
2025-10-12 09:03:37,224 [INFO] ThirdParty:1030 - CMSIS Pack Vendor :SEGGER I-CUBE-embOS 1.3.1
2025-10-12 09:03:37,224 [INFO] ThirdParty:1030 - CMSIS Pack Vendor :STMicroelectronics X-CUBE-ALGOBUILD 1.4.0
2025-10-12 09:03:37,225 [INFO] ThirdParty:1030 - CMSIS Pack Vendor :STMicroelectronics X-CUBE-MEMS1 11.3.0
2025-10-12 09:03:37,225 [INFO] ThirdParty:1030 - CMSIS Pack Vendor :STMicroelectronics X-CUBE-AZRTOS-H7RS 1.0.0
2025-10-12 09:03:37,225 [INFO] ThirdParty:1030 - CMSIS Pack Vendor :STMicroelectronics FP-ATR-ASTRA1 2.0.0
2025-10-12 09:03:37,225 [INFO] ThirdParty:1030 - CMSIS Pack Vendor :STMicroelectronics X-CUBE-TOF1 3.4.3
2025-10-12 09:03:37,225 [INFO] ThirdParty:1030 - CMSIS Pack Vendor :STMicroelectronics X-CUBE-TOF1 3.4.1
2025-10-12 09:03:37,225 [INFO] ThirdParty:1030 - CMSIS Pack Vendor :STMicroelectronics X-CUBE-AZRTOS-H7 3.2.0
2025-10-12 09:03:37,225 [INFO] ThirdParty:1030 - CMSIS Pack Vendor :Infineon AIROC-Wi-Fi-Bluetooth-STM32 1.6.0
2025-10-12 09:03:37,225 [INFO] ThirdParty:841 - exiting critical section [change project]
2025-10-12 09:03:37,410 [INFO] PinOutPanel:1589 - setPackage(No Configuration,No Configuration)
2025-10-12 09:03:37,412 [INFO] PinOutPanel:1589 - setPackage(STM32F103C8Tx,LQFP48)
2025-10-12 09:03:37,782 [INFO] UtilMem:75 - Before build in PCC Used Memory: 700213744 Bytes (1073741824)
2025-10-12 09:03:38,297 [INFO] UtilMem:75 - After build in PCC Used Memory: 767844848 Bytes (1073741824)
2025-10-12 09:03:38,315 [INFO] IPUIPlugin:80 - create IPUIPlugin
2025-10-12 09:03:38,315 [INFO] IPUIPlugin:80 - create IPUIPlugin
2025-10-12 09:03:38,315 [INFO] IPUIPlugin:80 - create IPUIPlugin
2025-10-12 09:03:38,315 [INFO] IPUIPlugin:80 - create IPUIPlugin
2025-10-12 09:03:38,315 [INFO] IPUIPlugin:80 - create IPUIPlugin
2025-10-12 09:03:38,316 [INFO] IPUIPlugin:80 - create IPUIPlugin
2025-10-12 09:03:38,316 [INFO] IPUIPlugin:80 - create IPUIPlugin
2025-10-12 09:03:38,316 [INFO] IPUIPlugin:80 - create IPUIPlugin
2025-10-12 09:03:38,316 [INFO] IPUIPlugin:80 - create IPUIPlugin
2025-10-12 09:03:38,316 [INFO] IPUIPlugin:80 - create IPUIPlugin
2025-10-12 09:03:38,316 [INFO] IPUIPlugin:80 - create IPUIPlugin
2025-10-12 09:03:38,316 [INFO] IPUIPlugin:80 - create IPUIPlugin
2025-10-12 09:03:38,316 [INFO] IPUIPlugin:80 - create IPUIPlugin
2025-10-12 09:03:38,316 [INFO] IPUIPlugin:80 - create IPUIPlugin
2025-10-12 09:03:38,316 [INFO] IPUIPlugin:80 - create IPUIPlugin
2025-10-12 09:03:38,317 [INFO] IPUIPlugin:80 - create IPUIPlugin
2025-10-12 09:03:38,317 [INFO] IPUIPlugin:80 - create IPUIPlugin
2025-10-12 09:03:38,317 [INFO] IPUIPlugin:80 - create IPUIPlugin
2025-10-12 09:03:38,317 [INFO] IPUIPlugin:80 - create IPUIPlugin
2025-10-12 09:03:38,317 [INFO] IPUIPlugin:80 - create IPUIPlugin
2025-10-12 09:03:38,317 [INFO] IPUIPlugin:80 - create IPUIPlugin
2025-10-12 09:03:38,317 [INFO] IPUIPlugin:80 - create IPUIPlugin
2025-10-12 09:03:38,317 [INFO] IPUIPlugin:80 - create IPUIPlugin
2025-10-12 09:03:38,318 [INFO] IPUIPlugin:80 - create IPUIPlugin
2025-10-12 09:03:38,318 [INFO] IPUIPlugin:80 - create IPUIPlugin
2025-10-12 09:03:38,318 [INFO] IPUIPlugin:80 - create IPUIPlugin
2025-10-12 09:03:38,318 [INFO] IPUIPlugin:80 - create IPUIPlugin
2025-10-12 09:03:38,433 [INFO] CADModel:165 - CPN selected for project levelSTM32F103C8T6
2025-10-12 09:03:38,433 [INFO] CADModel:114 - Register for checkConnection events
2025-10-12 09:03:38,478 [INFO] OpenFileManager:386 - Restore cursor
2025-10-12 09:03:39,170 [INFO] UtilMem:75 - End SaveConfig() Used Memory: 851208688 Bytes (1073741824)
2025-10-12 09:03:39,219 [INFO] UtilMem:75 - End SaveConfig() Used Memory: 864313840 Bytes (1073741824)
2025-10-12 09:03:39,510 [INFO] BlockDiagram:2775 - set Specific Code input for plugin: NVIC
2025-10-12 09:03:39,511 [INFO] BlockDiagram:2775 - set Specific Code input for plugin: RCC
2025-10-12 09:03:39,512 [INFO] CodeGenerator:892 - code generatio: config db path: C:\ST\STM32CubeIDE_1.15.1\STM32CubeIDE\plugins\com.st.stm32cube.common.mx_6.15.0.202507011659\\db\
2025-10-12 09:03:39,615 [INFO] CodeEngine:265 - oldGeneratedFile, C:\Users\lucas\Documents\Github\STM3205P\3.Firmware\ADCTest\MXTmpFiles\license.tmp_save
2025-10-12 09:03:39,893 [INFO] CodeEngine:289 - Generated code: C:\Users\lucas\Documents\Github\STM3205P\3.Firmware\ADCTest\MXTmpFiles\license.tmp
2025-10-12 09:03:39,912 [INFO] CodeEngine:265 - oldGeneratedFile, C:\Users\lucas\Documents\Github\STM3205P\3.Firmware\ADCTest\Core\Src\stm32f1xx_it.c_save
2025-10-12 09:03:40,032 [INFO] CodeEngine:289 - Generated code: C:\Users\lucas\Documents\Github\STM3205P\3.Firmware\ADCTest\Core\Src\stm32f1xx_it.c
2025-10-12 09:03:40,040 [INFO] CodeEngine:265 - oldGeneratedFile, C:\Users\lucas\Documents\Github\STM3205P\3.Firmware\ADCTest\Core\Inc\stm32f1xx_it.h_save
2025-10-12 09:03:40,134 [INFO] CodeEngine:289 - Generated code: C:\Users\lucas\Documents\Github\STM3205P\3.Firmware\ADCTest\Core\Inc\stm32f1xx_it.h
2025-10-12 09:03:40,224 [INFO] CodeEngine:265 - oldGeneratedFile, C:\Users\lucas\Documents\Github\STM3205P\3.Firmware\ADCTest\Core\Src\stm32f1xx_hal_msp.c_save
2025-10-12 09:03:40,323 [INFO] CodeEngine:289 - Generated code: C:\Users\lucas\Documents\Github\STM3205P\3.Firmware\ADCTest\Core\Src\stm32f1xx_hal_msp.c
2025-10-12 09:03:40,331 [INFO] CodeEngine:265 - oldGeneratedFile, C:\Users\lucas\Documents\Github\STM3205P\3.Firmware\ADCTest\MXTmpFiles\system.tmp_save
2025-10-12 09:03:40,384 [INFO] CodeEngine:289 - Generated code: C:\Users\lucas\Documents\Github\STM3205P\3.Firmware\ADCTest\MXTmpFiles\system.tmp
2025-10-12 09:03:40,398 [INFO] CodeEngine:321 - oldGeneratedFile, C:\Users\lucas\Documents\Github\STM3205P\3.Firmware\ADCTest\Core\Inc\stm32f1xx_hal_conf.h_save
2025-10-12 09:03:40,465 [INFO] CodeEngine:345 - Generated code: C:\Users\lucas\Documents\Github\STM3205P\3.Firmware\ADCTest\Core\Inc\stm32f1xx_hal_conf.h
2025-10-12 09:03:40,511 [INFO] ApiDbMcu:532 - Load IP Config File for RCC
2025-10-12 09:03:40,521 [INFO] CodeEngine:265 - oldGeneratedFile, C:\Users\lucas\Documents\Github\STM3205P\3.Firmware\ADCTest\Core\Inc\main.h_save
2025-10-12 09:03:40,607 [INFO] CodeEngine:289 - Generated code: C:\Users\lucas\Documents\Github\STM3205P\3.Firmware\ADCTest\Core\Inc\main.h
2025-10-12 09:03:40,615 [INFO] CodeEngine:265 - oldGeneratedFile, C:\Users\lucas\Documents\Github\STM3205P\3.Firmware\ADCTest\Core\Src\main.c_save
2025-10-12 09:03:40,727 [INFO] CodeEngine:289 - Generated code: C:\Users\lucas\Documents\Github\STM3205P\3.Firmware\ADCTest\Core\Src\main.c
2025-10-12 09:03:41,035 [INFO] ProjectBuilder:3606 - Time for Copy HAL[1] : 168mS.
2025-10-12 09:03:41,041 [INFO] ProjectBuilder:5216 - Project Generator version: 4.7.0-B52
2025-10-12 09:03:41,108 [INFO] ConfigFileManager:1595 - The Die is : DIE410
2025-10-12 09:03:41,122 [INFO] ApiDbMcu:532 - Load IP Config File for FATFS
2025-10-12 09:03:41,132 [INFO] ApiDbMcu:532 - Load IP Config File for FREERTOS
2025-10-12 09:03:41,143 [INFO] ApiDbMcu:532 - Load IP Config File for USB_DEVICE
2025-10-12 09:03:41,495 [INFO] LogOutputStream:77 - [STDOUT_REDIRECT] 
2025-10-12 09:03:44,039 [INFO] ProjectBuilder:5496 - Time for Generating toolchain IDE Files: 2997mS.
2025-10-12 09:03:44,040 [INFO] ProjectBuilder:3463 - Time for Copy CMSIS : 0mS.
2025-10-12 09:03:44,043 [INFO] ProjectBuilder:3463 - Time for Copy CMSIS : 1mS.
2025-10-12 09:03:44,767 [INFO] McuFinderGlobals:76 - Set McuFinderConnectedMode to true
2025-10-12 09:03:44,770 [INFO] ApiDb:448 - Save user favorites file C:\Users\lucas/.stm32cubeide/favorites.mcus.txt: 2 item(s)
2025-10-12 09:03:44,770 [INFO] ApiDb:452 - User favorites MCUs=[STM32F103C8T6, STM32F407VGT6TR]
2025-10-12 09:05:44,907 [INFO] ADCParametersView:116 -                Rank 1 : false
2025-10-12 09:05:44,936 [INFO] ADCParametersView:116 -                Rank 1 : false
2025-10-12 09:05:44,936 [INFO] ADCParametersView:116 -                Rank 1 : false
2025-10-12 09:05:44,936 [INFO] ADCParametersView:116 -                Rank 1 : false
2025-10-12 09:05:44,936 [INFO] ADCParametersView:116 -                Rank 1 : false
2025-10-12 09:05:44,936 [INFO] ADCParametersView:116 -                Rank 1 : false
2025-10-12 09:05:44,937 [INFO] ADCParametersView:116 -                Rank 1 : false
2025-10-12 09:05:44,937 [INFO] ADCParametersView:116 -                Rank 1 : false
2025-10-12 09:05:44,937 [INFO] ADCParametersView:116 -                Rank 1 : false
2025-10-12 09:05:44,937 [INFO] ADCParametersView:116 -                Rank 1 : false
2025-10-12 09:05:44,937 [INFO] ADCParametersView:116 -                Rank 1 : false
2025-10-12 09:05:44,940 [INFO] ADCParametersView:116 -                Rank 1 : false
2025-10-12 09:06:02,974 [INFO] NvicIntPanel:101 - NVIC parent = com.st.microxplorer.plugins.ip.nvic.MultiNvicIntPanel[,0,0,0x0,invalid,layout=javax.swing.BoxLayout,alignmentX=0.0,alignmentY=0.0,border=,flags=9,maximumSize=,minimumSize=,preferredSize=]
2025-10-12 09:06:02,999 [INFO] ADCParametersView:116 -                Rank 1 : false
2025-10-12 09:06:03,001 [INFO] ADCParametersView:116 -                Rank 1 : false
2025-10-12 09:06:03,001 [INFO] ADCParametersView:116 -                Rank 1 : false
2025-10-12 09:06:03,001 [INFO] ADCParametersView:116 -                Rank 1 : false
2025-10-12 09:06:03,001 [INFO] ADCParametersView:116 -                Rank 1 : false
2025-10-12 09:06:03,001 [INFO] ADCParametersView:116 -                Rank 1 : false
2025-10-12 09:06:03,002 [INFO] ADCParametersView:116 -                Rank 1 : false
2025-10-12 09:06:03,002 [INFO] ADCParametersView:116 -                Rank 1 : false
2025-10-12 09:06:03,002 [INFO] ADCParametersView:116 -                Rank 1 : false
2025-10-12 09:06:03,002 [INFO] ADCParametersView:116 -                Rank 1 : false
2025-10-12 09:06:03,008 [INFO] ADCParametersView:116 -                Rank 1 : false
2025-10-12 09:06:09,722 [INFO] ADCParametersView:116 -                Rank 1 : false
2025-10-12 09:06:09,732 [INFO] ADCParametersView:116 -                Rank 1 : false
2025-10-12 09:06:09,732 [INFO] ADCParametersView:116 -                Rank 1 : false
2025-10-12 09:06:09,732 [INFO] ADCParametersView:116 -                Rank 1 : false
2025-10-12 09:06:09,732 [INFO] ADCParametersView:116 -                Rank 1 : false
2025-10-12 09:06:09,732 [INFO] ADCParametersView:116 -                Rank 1 : false
2025-10-12 09:06:09,732 [INFO] ADCParametersView:116 -                Rank 1 : false
2025-10-12 09:06:09,733 [INFO] ADCParametersView:116 -                Rank 1 : false
2025-10-12 09:06:09,733 [INFO] ADCParametersView:116 -                Rank 1 : false
2025-10-12 09:06:09,733 [INFO] ADCParametersView:116 -                Rank 1 : false
2025-10-12 09:06:09,733 [INFO] ADCParametersView:116 -                Rank 1 : false
2025-10-12 09:06:09,736 [INFO] ADCParametersView:116 -                Rank 1 : false
2025-10-12 09:06:12,864 [INFO] NvicIntPanel:101 - NVIC parent = com.st.microxplorer.plugins.ip.nvic.MultiNvicIntPanel[,0,0,0x0,invalid,layout=javax.swing.BoxLayout,alignmentX=0.0,alignmentY=0.0,border=,flags=9,maximumSize=,minimumSize=,preferredSize=]
2025-10-12 09:06:12,881 [INFO] ADCParametersView:116 -                Rank 1 : false
2025-10-12 09:06:12,882 [INFO] ADCParametersView:116 -                Rank 1 : false
2025-10-12 09:06:12,882 [INFO] ADCParametersView:116 -                Rank 1 : false
2025-10-12 09:06:12,882 [INFO] ADCParametersView:116 -                Rank 1 : false
2025-10-12 09:06:12,882 [INFO] ADCParametersView:116 -                Rank 1 : false
2025-10-12 09:06:12,882 [INFO] ADCParametersView:116 -                Rank 1 : false
2025-10-12 09:06:12,882 [INFO] ADCParametersView:116 -                Rank 1 : false
2025-10-12 09:06:12,882 [INFO] ADCParametersView:116 -                Rank 1 : false
2025-10-12 09:06:12,882 [INFO] ADCParametersView:116 -                Rank 1 : false
2025-10-12 09:06:12,882 [INFO] ADCParametersView:116 -                Rank 1 : false
2025-10-12 09:06:12,886 [INFO] ADCParametersView:116 -                Rank 1 : false
2025-10-12 09:10:43,175 [INFO] NvicIntPanel:101 - NVIC parent = com.st.microxplorer.plugins.ip.nvic.MultiNvicIntPanel[,0,0,511x382,layout=javax.swing.BoxLayout,alignmentX=0.0,alignmentY=0.0,border=,flags=9,maximumSize=,minimumSize=,preferredSize=]
2025-10-12 09:10:44,541 [INFO] NvicIntPanel:101 - NVIC parent = com.st.microxplorer.plugins.ip.nvic.MultiNvicIntPanel[,0,0,0x0,invalid,layout=javax.swing.BoxLayout,alignmentX=0.0,alignmentY=0.0,border=,flags=9,maximumSize=,minimumSize=,preferredSize=]
2025-10-12 09:10:47,347 [INFO] ADCParametersView:116 -                Rank 1 : false
2025-10-12 09:10:47,348 [INFO] ADCParametersView:116 -                Rank 1 : false
2025-10-12 09:10:47,348 [INFO] ADCParametersView:116 -                Rank 1 : false
2025-10-12 09:10:47,348 [INFO] ADCParametersView:116 -                Rank 1 : false
2025-10-12 09:10:47,348 [INFO] ADCParametersView:116 -                Rank 1 : false
2025-10-12 09:10:47,349 [INFO] ADCParametersView:116 -                Rank 1 : false
2025-10-12 09:10:47,349 [INFO] ADCParametersView:116 -                Rank 1 : false
2025-10-12 09:10:47,349 [INFO] ADCParametersView:116 -                Rank 1 : false
2025-10-12 09:10:47,349 [INFO] ADCParametersView:116 -                Rank 1 : false
2025-10-12 09:10:47,349 [INFO] ADCParametersView:116 -                Rank 1 : false
2025-10-12 09:10:47,353 [INFO] ADCParametersView:116 -                Rank 1 : false
2025-10-12 09:10:47,363 [INFO] ADCParametersView:116 -                Rank 1 : false
2025-10-12 09:10:47,364 [INFO] ADCParametersView:116 -                Rank 1 : false
2025-10-12 09:10:47,364 [INFO] ADCParametersView:116 -                Rank 1 : false
2025-10-12 09:10:47,366 [INFO] ADCParametersView:116 -                Rank 1 : false
2025-10-12 09:10:47,366 [INFO] ADCParametersView:116 -                Rank 1 : false
2025-10-12 09:10:47,367 [INFO] ADCParametersView:116 -                Rank 1 : false
2025-10-12 09:10:47,367 [INFO] ADCParametersView:116 -                Rank 1 : false
2025-10-12 09:10:47,367 [INFO] ADCParametersView:116 -                Rank 1 : false
2025-10-12 09:10:47,367 [INFO] ADCParametersView:116 -                Rank 1 : false
2025-10-12 09:10:47,367 [INFO] ADCParametersView:116 -                Rank 1 : false
2025-10-12 09:10:47,369 [INFO] ADCParametersView:116 -                Rank 1 : false
2025-10-12 09:10:49,424 [INFO] NvicIntPanel:101 - NVIC parent = com.st.microxplorer.plugins.ip.nvic.MultiNvicIntPanel[,0,0,511x382,layout=javax.swing.BoxLayout,alignmentX=0.0,alignmentY=0.0,border=,flags=9,maximumSize=,minimumSize=,preferredSize=]
2025-10-12 09:10:50,620 [INFO] NvicIntPanel:101 - NVIC parent = com.st.microxplorer.plugins.ip.nvic.MultiNvicIntPanel[,0,0,0x0,invalid,layout=javax.swing.BoxLayout,alignmentX=0.0,alignmentY=0.0,border=,flags=9,maximumSize=,minimumSize=,preferredSize=]
2025-10-12 09:10:51,521 [INFO] ADCParametersView:116 -                Rank 1 : false
2025-10-12 09:10:51,522 [INFO] ADCParametersView:116 -                Rank 1 : false
2025-10-12 09:10:51,522 [INFO] ADCParametersView:116 -                Rank 1 : false
2025-10-12 09:10:51,522 [INFO] ADCParametersView:116 -                Rank 1 : false
2025-10-12 09:10:51,522 [INFO] ADCParametersView:116 -                Rank 1 : false
2025-10-12 09:10:51,522 [INFO] ADCParametersView:116 -                Rank 1 : false
2025-10-12 09:10:51,522 [INFO] ADCParametersView:116 -                Rank 1 : false
2025-10-12 09:10:51,522 [INFO] ADCParametersView:116 -                Rank 1 : false
2025-10-12 09:10:51,522 [INFO] ADCParametersView:116 -                Rank 1 : false
2025-10-12 09:10:51,522 [INFO] ADCParametersView:116 -                Rank 1 : false
2025-10-12 09:10:51,524 [INFO] ADCParametersView:116 -                Rank 1 : false
2025-10-12 09:10:51,533 [INFO] ADCParametersView:116 -                Rank 1 : false
2025-10-12 09:10:51,534 [INFO] ADCParametersView:116 -                Rank 1 : false
2025-10-12 09:10:51,534 [INFO] ADCParametersView:116 -                Rank 1 : false
2025-10-12 09:10:51,534 [INFO] ADCParametersView:116 -                Rank 1 : false
2025-10-12 09:10:51,534 [INFO] ADCParametersView:116 -                Rank 1 : false
2025-10-12 09:10:51,534 [INFO] ADCParametersView:116 -                Rank 1 : false
2025-10-12 09:10:51,534 [INFO] ADCParametersView:116 -                Rank 1 : false
2025-10-12 09:10:51,534 [INFO] ADCParametersView:116 -                Rank 1 : false
2025-10-12 09:10:51,534 [INFO] ADCParametersView:116 -                Rank 1 : false
2025-10-12 09:10:51,534 [INFO] ADCParametersView:116 -                Rank 1 : false
2025-10-12 09:10:51,537 [INFO] ADCParametersView:116 -                Rank 1 : false
2025-10-12 09:10:51,542 [INFO] NvicIntPanel:101 - NVIC parent = com.st.microxplorer.plugins.ip.nvic.MultiNvicIntPanel[,0,0,0x0,invalid,layout=javax.swing.BoxLayout,alignmentX=0.0,alignmentY=0.0,border=,flags=9,maximumSize=,minimumSize=,preferredSize=]
2025-10-12 09:10:53,443 [INFO] ADCParametersView:116 -                Rank 1 : false
2025-10-12 09:10:53,444 [INFO] ADCParametersView:116 -                Rank 1 : false
2025-10-12 09:10:53,444 [INFO] ADCParametersView:116 -                Rank 1 : false
2025-10-12 09:10:53,444 [INFO] ADCParametersView:116 -                Rank 1 : false
2025-10-12 09:10:53,444 [INFO] ADCParametersView:116 -                Rank 1 : false
2025-10-12 09:10:53,444 [INFO] ADCParametersView:116 -                Rank 1 : false
2025-10-12 09:10:53,444 [INFO] ADCParametersView:116 -                Rank 1 : false
2025-10-12 09:10:53,444 [INFO] ADCParametersView:116 -                Rank 1 : false
2025-10-12 09:10:53,444 [INFO] ADCParametersView:116 -                Rank 1 : false
2025-10-12 09:10:53,444 [INFO] ADCParametersView:116 -                Rank 1 : false
2025-10-12 09:10:53,447 [INFO] ADCParametersView:116 -                Rank 1 : false
2025-10-12 09:10:53,457 [INFO] ADCParametersView:116 -                Rank 1 : false
2025-10-12 09:10:53,457 [INFO] ADCParametersView:116 -                Rank 1 : false
2025-10-12 09:10:53,458 [INFO] ADCParametersView:116 -                Rank 1 : false
2025-10-12 09:10:53,458 [INFO] ADCParametersView:116 -                Rank 1 : false
2025-10-12 09:10:53,458 [INFO] ADCParametersView:116 -                Rank 1 : false
2025-10-12 09:10:53,458 [INFO] ADCParametersView:116 -                Rank 1 : false
2025-10-12 09:10:53,458 [INFO] ADCParametersView:116 -                Rank 1 : false
2025-10-12 09:10:53,458 [INFO] ADCParametersView:116 -                Rank 1 : false
2025-10-12 09:10:53,458 [INFO] ADCParametersView:116 -                Rank 1 : false
2025-10-12 09:10:53,458 [INFO] ADCParametersView:116 -                Rank 1 : false
2025-10-12 09:10:53,460 [INFO] ADCParametersView:116 -                Rank 1 : false
2025-10-12 09:10:53,466 [INFO] NvicIntPanel:101 - NVIC parent = com.st.microxplorer.plugins.ip.nvic.MultiNvicIntPanel[,0,0,0x0,invalid,layout=javax.swing.BoxLayout,alignmentX=0.0,alignmentY=0.0,border=,flags=9,maximumSize=,minimumSize=,preferredSize=]
2025-10-12 09:10:54,996 [INFO] ADCParametersView:116 -                Rank 1 : false
2025-10-12 09:10:54,997 [INFO] ADCParametersView:116 -                Rank 1 : false
2025-10-12 09:10:54,997 [INFO] ADCParametersView:116 -                Rank 1 : false
2025-10-12 09:10:54,997 [INFO] ADCParametersView:116 -                Rank 1 : false
2025-10-12 09:10:54,997 [INFO] ADCParametersView:116 -                Rank 1 : false
2025-10-12 09:10:54,997 [INFO] ADCParametersView:116 -                Rank 1 : false
2025-10-12 09:10:54,997 [INFO] ADCParametersView:116 -                Rank 1 : false
2025-10-12 09:10:54,997 [INFO] ADCParametersView:116 -                Rank 1 : false
2025-10-12 09:10:54,997 [INFO] ADCParametersView:116 -                Rank 1 : false
2025-10-12 09:10:54,997 [INFO] ADCParametersView:116 -                Rank 1 : false
2025-10-12 09:10:55,000 [INFO] ADCParametersView:116 -                Rank 1 : false
2025-10-12 09:10:59,088 [INFO] NvicIntPanel:101 - NVIC parent = com.st.microxplorer.plugins.ip.nvic.MultiNvicIntPanel[,0,0,0x0,invalid,layout=javax.swing.BoxLayout,alignmentX=0.0,alignmentY=0.0,border=,flags=9,maximumSize=,minimumSize=,preferredSize=]
2025-10-12 09:11:09,693 [INFO] NvicIntPanel:101 - NVIC parent = com.st.microxplorer.plugins.ip.nvic.MultiNvicIntPanel[,0,0,0x0,invalid,layout=javax.swing.BoxLayout,alignmentX=0.0,alignmentY=0.0,border=,flags=9,maximumSize=,minimumSize=,preferredSize=]
2025-10-12 09:11:33,565 [INFO] NvicIntPanel:101 - NVIC parent = com.st.microxplorer.plugins.ip.nvic.MultiNvicIntPanel[,0,0,0x0,invalid,layout=javax.swing.BoxLayout,alignmentX=0.0,alignmentY=0.0,border=,flags=9,maximumSize=,minimumSize=,preferredSize=]
2025-10-12 09:12:59,106 [INFO] UtilMem:75 - End SaveConfig() Used Memory: 350427328 Bytes (1073741824)
2025-10-12 09:12:59,189 [INFO] UtilMem:75 - End SaveConfig() Used Memory: 364121160 Bytes (1073741824)
2025-10-12 09:12:59,991 [INFO] UtilMem:75 - End SaveConfig() Used Memory: 429682744 Bytes (1073741824)
2025-10-12 09:13:00,387 [INFO] BlockDiagram:2775 - set Specific Code input for plugin: NVIC
2025-10-12 09:13:00,387 [INFO] BlockDiagram:2775 - set Specific Code input for plugin: USART
2025-10-12 09:13:00,387 [INFO] BlockDiagram:2775 - set Specific Code input for plugin: TIM1_8F1
2025-10-12 09:13:00,387 [INFO] BlockDiagram:2775 - set Specific Code input for plugin: ADC
2025-10-12 09:13:00,387 [INFO] BlockDiagram:2775 - set Specific Code input for plugin: SYS
2025-10-12 09:13:00,388 [INFO] BlockDiagram:2775 - set Specific Code input for plugin: GPIO
2025-10-12 09:13:00,388 [INFO] BlockDiagram:2775 - set Specific Code input for plugin: ADC
2025-10-12 09:13:00,388 [INFO] BlockDiagram:2775 - set Specific Code input for plugin: RCC
2025-10-12 09:13:00,390 [INFO] CodeGenerator:892 - code generatio: config db path: C:\ST\STM32CubeIDE_1.15.1\STM32CubeIDE\plugins\com.st.stm32cube.common.mx_6.15.0.202507011659\\db\
2025-10-12 09:13:00,454 [INFO] CodeEngine:265 - oldGeneratedFile, C:\Users\lucas\Documents\Github\STM3205P\3.Firmware\ADCTest\MXTmpFiles\license.tmp_save
2025-10-12 09:13:00,579 [INFO] CodeEngine:289 - Generated code: C:\Users\lucas\Documents\Github\STM3205P\3.Firmware\ADCTest\MXTmpFiles\license.tmp
2025-10-12 09:13:00,630 [INFO] CodeEngine:265 - oldGeneratedFile, C:\Users\lucas\Documents\Github\STM3205P\3.Firmware\ADCTest\MXTmpFiles\gpio.tmp_save
2025-10-12 09:13:00,703 [INFO] CodeEngine:289 - Generated code: C:\Users\lucas\Documents\Github\STM3205P\3.Firmware\ADCTest\MXTmpFiles\gpio.tmp
2025-10-12 09:13:00,891 [INFO] CodeEngine:265 - oldGeneratedFile, C:\Users\lucas\Documents\Github\STM3205P\3.Firmware\ADCTest\Core\Src\stm32f1xx_it.c_save
2025-10-12 09:13:00,992 [INFO] CodeEngine:289 - Generated code: C:\Users\lucas\Documents\Github\STM3205P\3.Firmware\ADCTest\Core\Src\stm32f1xx_it.c
2025-10-12 09:13:01,002 [INFO] CodeEngine:265 - oldGeneratedFile, C:\Users\lucas\Documents\Github\STM3205P\3.Firmware\ADCTest\Core\Inc\stm32f1xx_it.h_save
2025-10-12 09:13:01,068 [INFO] CodeEngine:289 - Generated code: C:\Users\lucas\Documents\Github\STM3205P\3.Firmware\ADCTest\Core\Inc\stm32f1xx_it.h
2025-10-12 09:13:01,087 [INFO] CodeEngine:265 - oldGeneratedFile, C:\Users\lucas\Documents\Github\STM3205P\3.Firmware\ADCTest\Core\Src\stm32f1xx_hal_msp.c_save
2025-10-12 09:13:01,203 [INFO] CodeEngine:289 - Generated code: C:\Users\lucas\Documents\Github\STM3205P\3.Firmware\ADCTest\Core\Src\stm32f1xx_hal_msp.c
2025-10-12 09:13:01,210 [INFO] CodeEngine:265 - oldGeneratedFile, C:\Users\lucas\Documents\Github\STM3205P\3.Firmware\ADCTest\MXTmpFiles\system.tmp_save
2025-10-12 09:13:01,262 [INFO] CodeEngine:289 - Generated code: C:\Users\lucas\Documents\Github\STM3205P\3.Firmware\ADCTest\MXTmpFiles\system.tmp
2025-10-12 09:13:01,279 [INFO] CodeEngine:321 - oldGeneratedFile, C:\Users\lucas\Documents\Github\STM3205P\3.Firmware\ADCTest\Core\Inc\stm32f1xx_hal_conf.h_save
2025-10-12 09:13:01,345 [INFO] CodeEngine:345 - Generated code: C:\Users\lucas\Documents\Github\STM3205P\3.Firmware\ADCTest\Core\Inc\stm32f1xx_hal_conf.h
2025-10-12 09:13:01,364 [INFO] ApiDbMcu:532 - Load IP Config File for ADC1
2025-10-12 09:13:01,366 [INFO] ApiDbMcu:532 - Load IP Config File for ADC2
2025-10-12 09:13:01,375 [INFO] ApiDbMcu:532 - Load IP Config File for TIM3
2025-10-12 09:13:01,378 [INFO] ApiDbMcu:532 - Load IP Config File for USART1
2025-10-12 09:13:01,379 [WARN] IPConfigManager:3811 - IP not found : TIM
2025-10-12 09:13:01,380 [WARN] CodeGenerator:4259 - IP not found : null
2025-10-12 09:13:01,393 [INFO] CodeEngine:265 - oldGeneratedFile, C:\Users\lucas\Documents\Github\STM3205P\3.Firmware\ADCTest\Core\Inc\main.h_save
2025-10-12 09:13:01,459 [INFO] CodeEngine:289 - Generated code: C:\Users\lucas\Documents\Github\STM3205P\3.Firmware\ADCTest\Core\Inc\main.h
2025-10-12 09:13:01,469 [INFO] CodeEngine:265 - oldGeneratedFile, C:\Users\lucas\Documents\Github\STM3205P\3.Firmware\ADCTest\Core\Src\main.c_save
2025-10-12 09:13:01,569 [INFO] CodeEngine:289 - Generated code: C:\Users\lucas\Documents\Github\STM3205P\3.Firmware\ADCTest\Core\Src\main.c
2025-10-12 09:13:01,869 [INFO] ProjectBuilder:3606 - Time for Copy HAL[1] : 180mS.
2025-10-12 09:13:01,874 [INFO] ProjectBuilder:5216 - Project Generator version: 4.7.0-B52
2025-10-12 09:13:01,944 [INFO] ConfigFileManager:1595 - The Die is : DIE410
2025-10-12 09:13:02,881 [INFO] ProjectBuilder:5496 - Time for Generating toolchain IDE Files: 1008mS.
2025-10-12 09:13:02,881 [INFO] ProjectBuilder:3463 - Time for Copy CMSIS : 0mS.
2025-10-12 09:13:02,884 [INFO] ProjectBuilder:3463 - Time for Copy CMSIS : 0mS.
2025-10-12 10:22:47,202 [INFO] ParamManager:905 - [Generic UI] PropertyChangeEvent: TAB_STATUS_CHANGED , "dont care", "never mind"
2025-10-12 10:22:47,244 [INFO] ParamManager:905 - [Generic UI] PropertyChangeEvent: TAB_STATUS_CHANGED , "dont care", "never mind"
2025-10-12 10:22:48,807 [INFO] ADCParametersView:116 -                Rank 1 : false
2025-10-12 10:22:48,809 [INFO] ADCParametersView:116 -                Rank 1 : false
2025-10-12 10:22:48,809 [INFO] ADCParametersView:116 -                Rank 1 : false
2025-10-12 10:22:48,809 [INFO] ADCParametersView:116 -                Rank 1 : false
2025-10-12 10:22:48,809 [INFO] ADCParametersView:116 -                Rank 1 : false
2025-10-12 10:22:48,809 [INFO] ADCParametersView:116 -                Rank 1 : false
2025-10-12 10:22:48,809 [INFO] ADCParametersView:116 -                Rank 1 : false
2025-10-12 10:22:48,809 [INFO] ADCParametersView:116 -                Rank 1 : false
2025-10-12 10:22:48,809 [INFO] ADCParametersView:116 -                Rank 1 : false
2025-10-12 10:22:48,809 [INFO] ADCParametersView:116 -                Rank 1 : false
2025-10-12 10:22:48,815 [INFO] ADCParametersView:116 -                Rank 1 : false
2025-10-12 10:22:48,829 [INFO] ADCParametersView:116 -                Rank 1 : false
2025-10-12 10:22:48,830 [INFO] ADCParametersView:116 -                Rank 1 : false
2025-10-12 10:22:48,830 [INFO] ADCParametersView:116 -                Rank 1 : false
2025-10-12 10:22:48,830 [INFO] ADCParametersView:116 -                Rank 1 : false
2025-10-12 10:22:48,830 [INFO] ADCParametersView:116 -                Rank 1 : false
2025-10-12 10:22:48,830 [INFO] ADCParametersView:116 -                Rank 1 : false
2025-10-12 10:22:48,830 [INFO] ADCParametersView:116 -                Rank 1 : false
2025-10-12 10:22:48,830 [INFO] ADCParametersView:116 -                Rank 1 : false
2025-10-12 10:22:48,830 [INFO] ADCParametersView:116 -                Rank 1 : false
2025-10-12 10:22:48,830 [INFO] ADCParametersView:116 -                Rank 1 : false
2025-10-12 10:22:48,835 [INFO] ADCParametersView:116 -                Rank 1 : false
2025-10-12 10:22:55,378 [INFO] NvicIntPanel:101 - NVIC parent = com.st.microxplorer.plugins.ip.nvic.MultiNvicIntPanel[,0,0,0x0,invalid,layout=javax.swing.BoxLayout,alignmentX=0.0,alignmentY=0.0,border=,flags=9,maximumSize=,minimumSize=,preferredSize=]
2025-10-12 10:22:55,410 [INFO] ADCParametersView:116 -                Rank 1 : false
2025-10-12 10:22:55,411 [INFO] ADCParametersView:116 -                Rank 1 : false
2025-10-12 10:22:55,411 [INFO] ADCParametersView:116 -                Rank 1 : false
2025-10-12 10:22:55,412 [INFO] ADCParametersView:116 -                Rank 1 : false
2025-10-12 10:22:55,412 [INFO] ADCParametersView:116 -                Rank 1 : false
2025-10-12 10:22:55,412 [INFO] ADCParametersView:116 -                Rank 1 : false
2025-10-12 10:22:55,412 [INFO] ADCParametersView:116 -                Rank 1 : false
2025-10-12 10:22:55,412 [INFO] ADCParametersView:116 -                Rank 1 : false
2025-10-12 10:22:55,412 [INFO] ADCParametersView:116 -                Rank 1 : false
2025-10-12 10:22:55,412 [INFO] ADCParametersView:116 -                Rank 1 : false
2025-10-12 10:22:55,416 [INFO] ADCParametersView:116 -                Rank 1 : false
2025-10-12 10:22:56,446 [INFO] ADCParametersView:116 -                Rank 1 : true
2025-10-12 10:22:58,698 [INFO] ADCParametersView:116 -                Rank 1 : false
2025-10-12 10:22:58,699 [INFO] ADCParametersView:116 -                Rank 1 : false
2025-10-12 10:22:58,699 [INFO] ADCParametersView:116 -                Rank 1 : false
2025-10-12 10:22:58,699 [INFO] ADCParametersView:116 -                Rank 1 : false
2025-10-12 10:22:58,700 [INFO] ADCParametersView:116 -                Rank 1 : false
2025-10-12 10:22:58,700 [INFO] ADCParametersView:116 -                Rank 1 : false
2025-10-12 10:22:58,700 [INFO] ADCParametersView:116 -                Rank 1 : false
2025-10-12 10:22:58,700 [INFO] ADCParametersView:116 -                Rank 1 : false
2025-10-12 10:22:58,700 [INFO] ADCParametersView:116 -                Rank 1 : false
2025-10-12 10:22:58,700 [INFO] ADCParametersView:116 -                Rank 1 : false
2025-10-12 10:22:58,705 [INFO] ADCParametersView:116 -                Rank 1 : false
2025-10-12 10:22:58,716 [INFO] ADCParametersView:116 -                Rank 1 : false
2025-10-12 10:22:58,717 [INFO] ADCParametersView:116 -                Rank 1 : false
2025-10-12 10:22:58,717 [INFO] ADCParametersView:116 -                Rank 1 : false
2025-10-12 10:22:58,717 [INFO] ADCParametersView:116 -                Rank 1 : false
2025-10-12 10:22:58,717 [INFO] ADCParametersView:116 -                Rank 1 : false
2025-10-12 10:22:58,717 [INFO] ADCParametersView:116 -                Rank 1 : false
2025-10-12 10:22:58,717 [INFO] ADCParametersView:116 -                Rank 1 : false
2025-10-12 10:22:58,717 [INFO] ADCParametersView:116 -                Rank 1 : false
2025-10-12 10:22:58,717 [INFO] ADCParametersView:116 -                Rank 1 : false
2025-10-12 10:22:58,717 [INFO] ADCParametersView:116 -                Rank 1 : false
2025-10-12 10:22:58,720 [INFO] ADCParametersView:116 -                Rank 1 : false
2025-10-12 10:22:59,869 [INFO] ADCParametersView:116 -                Rank 1 : true
2025-10-12 10:23:01,756 [INFO] ADCParametersView:116 -                Rank 1 : false
2025-10-12 10:23:14,019 [INFO] UtilMem:75 - End SaveConfig() Used Memory: 797394256 Bytes (1059061760)
2025-10-12 10:23:14,114 [INFO] UtilMem:75 - End SaveConfig() Used Memory: 812039640 Bytes (1059061760)
2025-10-12 10:23:14,846 [INFO] UtilMem:75 - End SaveConfig() Used Memory: 863454544 Bytes (1059061760)
2025-10-12 10:23:15,181 [INFO] BlockDiagram:2775 - set Specific Code input for plugin: NVIC
2025-10-12 10:23:15,181 [INFO] BlockDiagram:2775 - set Specific Code input for plugin: USART
2025-10-12 10:23:15,181 [INFO] BlockDiagram:2775 - set Specific Code input for plugin: TIM1_8F1
2025-10-12 10:23:15,181 [INFO] BlockDiagram:2775 - set Specific Code input for plugin: ADC
2025-10-12 10:23:15,181 [INFO] BlockDiagram:2775 - set Specific Code input for plugin: SYS
2025-10-12 10:23:15,182 [INFO] BlockDiagram:2775 - set Specific Code input for plugin: GPIO
2025-10-12 10:23:15,182 [INFO] BlockDiagram:2775 - set Specific Code input for plugin: ADC
2025-10-12 10:23:15,182 [INFO] BlockDiagram:2775 - set Specific Code input for plugin: RCC
2025-10-12 10:23:15,183 [INFO] CodeGenerator:892 - code generatio: config db path: C:\ST\STM32CubeIDE_1.15.1\STM32CubeIDE\plugins\com.st.stm32cube.common.mx_6.15.0.202507011659\\db\
2025-10-12 10:23:15,275 [INFO] CodeEngine:265 - oldGeneratedFile, C:\Users\lucas\Documents\Github\STM3205P\3.Firmware\ADCTest\MXTmpFiles\license.tmp_save
2025-10-12 10:23:15,475 [INFO] CodeEngine:289 - Generated code: C:\Users\lucas\Documents\Github\STM3205P\3.Firmware\ADCTest\MXTmpFiles\license.tmp
2025-10-12 10:23:15,505 [INFO] CodeEngine:265 - oldGeneratedFile, C:\Users\lucas\Documents\Github\STM3205P\3.Firmware\ADCTest\MXTmpFiles\gpio.tmp_save
2025-10-12 10:23:15,582 [INFO] CodeEngine:289 - Generated code: C:\Users\lucas\Documents\Github\STM3205P\3.Firmware\ADCTest\MXTmpFiles\gpio.tmp
2025-10-12 10:23:15,733 [INFO] CodeEngine:265 - oldGeneratedFile, C:\Users\lucas\Documents\Github\STM3205P\3.Firmware\ADCTest\Core\Src\stm32f1xx_it.c_save
2025-10-12 10:23:15,921 [INFO] CodeEngine:289 - Generated code: C:\Users\lucas\Documents\Github\STM3205P\3.Firmware\ADCTest\Core\Src\stm32f1xx_it.c
2025-10-12 10:23:15,933 [INFO] CodeEngine:265 - oldGeneratedFile, C:\Users\lucas\Documents\Github\STM3205P\3.Firmware\ADCTest\Core\Inc\stm32f1xx_it.h_save
2025-10-12 10:23:16,000 [INFO] CodeEngine:289 - Generated code: C:\Users\lucas\Documents\Github\STM3205P\3.Firmware\ADCTest\Core\Inc\stm32f1xx_it.h
2025-10-12 10:23:16,021 [INFO] CodeEngine:265 - oldGeneratedFile, C:\Users\lucas\Documents\Github\STM3205P\3.Firmware\ADCTest\Core\Src\stm32f1xx_hal_msp.c_save
2025-10-12 10:23:16,152 [INFO] CodeEngine:289 - Generated code: C:\Users\lucas\Documents\Github\STM3205P\3.Firmware\ADCTest\Core\Src\stm32f1xx_hal_msp.c
2025-10-12 10:23:16,161 [INFO] CodeEngine:265 - oldGeneratedFile, C:\Users\lucas\Documents\Github\STM3205P\3.Firmware\ADCTest\MXTmpFiles\system.tmp_save
2025-10-12 10:23:16,213 [INFO] CodeEngine:289 - Generated code: C:\Users\lucas\Documents\Github\STM3205P\3.Firmware\ADCTest\MXTmpFiles\system.tmp
2025-10-12 10:23:16,231 [INFO] CodeEngine:321 - oldGeneratedFile, C:\Users\lucas\Documents\Github\STM3205P\3.Firmware\ADCTest\Core\Inc\stm32f1xx_hal_conf.h_save
2025-10-12 10:23:16,298 [INFO] CodeEngine:345 - Generated code: C:\Users\lucas\Documents\Github\STM3205P\3.Firmware\ADCTest\Core\Inc\stm32f1xx_hal_conf.h
2025-10-12 10:23:16,318 [WARN] IPConfigManager:3811 - IP not found : TIM
2025-10-12 10:23:16,318 [WARN] CodeGenerator:4259 - IP not found : null
2025-10-12 10:23:16,329 [INFO] CodeEngine:265 - oldGeneratedFile, C:\Users\lucas\Documents\Github\STM3205P\3.Firmware\ADCTest\Core\Inc\main.h_save
2025-10-12 10:23:16,409 [INFO] CodeEngine:289 - Generated code: C:\Users\lucas\Documents\Github\STM3205P\3.Firmware\ADCTest\Core\Inc\main.h
2025-10-12 10:23:16,419 [INFO] CodeEngine:265 - oldGeneratedFile, C:\Users\lucas\Documents\Github\STM3205P\3.Firmware\ADCTest\Core\Src\main.c_save
2025-10-12 10:23:16,523 [INFO] CodeEngine:289 - Generated code: C:\Users\lucas\Documents\Github\STM3205P\3.Firmware\ADCTest\Core\Src\main.c
2025-10-12 10:23:16,838 [INFO] ProjectBuilder:3606 - Time for Copy HAL[1] : 183mS.
2025-10-12 10:23:16,843 [INFO] ProjectBuilder:5216 - Project Generator version: 4.7.0-B52
2025-10-12 10:23:16,924 [INFO] ConfigFileManager:1595 - The Die is : DIE410
2025-10-12 10:23:17,935 [INFO] ProjectBuilder:5496 - Time for Generating toolchain IDE Files: 1091mS.
2025-10-12 10:23:17,935 [INFO] ProjectBuilder:3463 - Time for Copy CMSIS : 0mS.
2025-10-12 10:23:17,940 [INFO] ProjectBuilder:3463 - Time for Copy CMSIS : 0mS.
2025-10-12 10:44:12,338 [INFO] NvicIntPanel:101 - NVIC parent = com.st.microxplorer.plugins.ip.nvic.MultiNvicIntPanel[,0,0,0x0,invalid,layout=javax.swing.BoxLayout,alignmentX=0.0,alignmentY=0.0,border=,flags=9,maximumSize=,minimumSize=,preferredSize=]
2025-10-12 10:44:12,378 [INFO] ADCParametersView:116 -                Rank 1 : false
2025-10-12 10:44:12,379 [INFO] ADCParametersView:116 -                Rank 1 : false
2025-10-12 10:44:12,379 [INFO] ADCParametersView:116 -                Rank 1 : false
2025-10-12 10:44:12,379 [INFO] ADCParametersView:116 -                Rank 1 : false
2025-10-12 10:44:12,379 [INFO] ADCParametersView:116 -                Rank 1 : false
2025-10-12 10:44:12,379 [INFO] ADCParametersView:116 -                Rank 1 : false
2025-10-12 10:44:12,379 [INFO] ADCParametersView:116 -                Rank 1 : false
2025-10-12 10:44:12,379 [INFO] ADCParametersView:116 -                Rank 1 : false
2025-10-12 10:44:12,380 [INFO] ADCParametersView:116 -                Rank 1 : false
2025-10-12 10:44:12,380 [INFO] ADCParametersView:116 -                Rank 1 : false
2025-10-12 10:44:12,384 [INFO] ADCParametersView:116 -                Rank 1 : false
2025-10-12 10:44:12,396 [INFO] ADCParametersView:116 -                Rank 1 : false
2025-10-12 10:44:12,396 [INFO] ADCParametersView:116 -                Rank 1 : false
2025-10-12 10:44:12,397 [INFO] ADCParametersView:116 -                Rank 1 : false
2025-10-12 10:44:12,397 [INFO] ADCParametersView:116 -                Rank 1 : false
2025-10-12 10:44:12,397 [INFO] ADCParametersView:116 -                Rank 1 : false
2025-10-12 10:44:12,397 [INFO] ADCParametersView:116 -                Rank 1 : false
2025-10-12 10:44:12,397 [INFO] ADCParametersView:116 -                Rank 1 : false
2025-10-12 10:44:12,397 [INFO] ADCParametersView:116 -                Rank 1 : false
2025-10-12 10:44:12,397 [INFO] ADCParametersView:116 -                Rank 1 : false
2025-10-12 10:44:12,397 [INFO] ADCParametersView:116 -                Rank 1 : false
2025-10-12 10:44:12,401 [INFO] ADCParametersView:116 -                Rank 1 : false
2025-10-12 10:44:12,464 [INFO] ADCParametersView:116 -                Rank 1 : false
2025-10-12 10:44:12,464 [INFO] ADCParametersView:116 -                Rank 1 : false
2025-10-12 10:44:12,465 [INFO] ADCParametersView:116 -                Rank 1 : false
2025-10-12 10:44:12,465 [INFO] ADCParametersView:116 -                Rank 1 : false
2025-10-12 10:44:12,465 [INFO] ADCParametersView:116 -                Rank 1 : false
2025-10-12 10:44:12,465 [INFO] ADCParametersView:116 -                Rank 1 : false
2025-10-12 10:44:12,465 [INFO] ADCParametersView:116 -                Rank 1 : false
2025-10-12 10:44:12,465 [INFO] ADCParametersView:116 -                Rank 1 : false
2025-10-12 10:44:12,465 [INFO] ADCParametersView:116 -                Rank 1 : false
2025-10-12 10:44:12,465 [INFO] ADCParametersView:116 -                Rank 1 : false
2025-10-12 10:44:12,468 [INFO] ADCParametersView:116 -                Rank 1 : false
2025-10-12 10:44:12,479 [INFO] ADCParametersView:116 -                Rank 1 : false
2025-10-12 10:44:12,479 [INFO] ADCParametersView:116 -                Rank 1 : false
2025-10-12 10:44:12,479 [INFO] ADCParametersView:116 -                Rank 1 : false
2025-10-12 10:44:12,479 [INFO] ADCParametersView:116 -                Rank 1 : false
2025-10-12 10:44:12,479 [INFO] ADCParametersView:116 -                Rank 1 : false
2025-10-12 10:44:12,479 [INFO] ADCParametersView:116 -                Rank 1 : false
2025-10-12 10:44:12,479 [INFO] ADCParametersView:116 -                Rank 1 : false
2025-10-12 10:44:12,479 [INFO] ADCParametersView:116 -                Rank 1 : false
2025-10-12 10:44:12,479 [INFO] ADCParametersView:116 -                Rank 1 : false
2025-10-12 10:44:12,479 [INFO] ADCParametersView:116 -                Rank 1 : false
2025-10-12 10:44:12,482 [INFO] ADCParametersView:116 -                Rank 1 : false
2025-10-12 10:44:16,962 [INFO] ADCParametersView:116 -                Rank 1 : true
2025-10-12 10:44:16,962 [INFO] ADCParametersView:116 -                Rank 1 : true
2025-10-12 10:44:16,962 [INFO] ADCParametersView:116 -                Rank 1 : true
2025-10-12 10:44:16,962 [INFO] ADCParametersView:116 -                Rank 1 : true
2025-10-12 10:44:16,962 [INFO] ADCParametersView:116 -                Rank 1 : true
2025-10-12 10:44:16,962 [INFO] ADCParametersView:116 -                Rank 1 : true
2025-10-12 10:44:16,962 [INFO] ADCParametersView:116 -                Rank 1 : true
2025-10-12 10:44:16,962 [INFO] ADCParametersView:116 -                Rank 1 : true
2025-10-12 10:44:16,962 [INFO] ADCParametersView:116 -                Rank 1 : true
2025-10-12 10:44:16,962 [INFO] ADCParametersView:116 -                Rank 1 : true
2025-10-12 10:44:16,966 [INFO] ADCParametersView:116 -                Rank 1 : true
2025-10-12 10:44:16,976 [INFO] ADCParametersView:116 -                Rank 1 : true
2025-10-12 10:44:16,976 [INFO] ADCParametersView:116 -                Rank 1 : true
2025-10-12 10:44:16,976 [INFO] ADCParametersView:116 -                Rank 1 : true
2025-10-12 10:44:16,976 [INFO] ADCParametersView:116 -                Rank 1 : true
2025-10-12 10:44:16,976 [INFO] ADCParametersView:116 -                Rank 1 : true
2025-10-12 10:44:16,976 [INFO] ADCParametersView:116 -                Rank 1 : true
2025-10-12 10:44:16,977 [INFO] ADCParametersView:116 -                Rank 1 : true
2025-10-12 10:44:16,977 [INFO] ADCParametersView:116 -                Rank 1 : true
2025-10-12 10:44:16,977 [INFO] ADCParametersView:116 -                Rank 1 : true
2025-10-12 10:44:16,977 [INFO] ADCParametersView:116 -                Rank 1 : true
2025-10-12 10:44:16,979 [INFO] ADCParametersView:116 -                Rank 1 : true
2025-10-12 10:44:19,466 [INFO] NvicIntPanel:101 - NVIC parent = com.st.microxplorer.plugins.ip.nvic.MultiNvicIntPanel[,0,0,0x0,invalid,layout=javax.swing.BoxLayout,alignmentX=0.0,alignmentY=0.0,border=,flags=9,maximumSize=,minimumSize=,preferredSize=]
2025-10-12 10:44:19,493 [INFO] ADCParametersView:116 -                Rank 1 : true
2025-10-12 10:44:19,495 [INFO] ADCParametersView:116 -                Rank 1 : true
2025-10-12 10:44:19,495 [INFO] ADCParametersView:116 -                Rank 1 : true
2025-10-12 10:44:19,495 [INFO] ADCParametersView:116 -                Rank 1 : true
2025-10-12 10:44:19,495 [INFO] ADCParametersView:116 -                Rank 1 : true
2025-10-12 10:44:19,496 [INFO] ADCParametersView:116 -                Rank 1 : true
2025-10-12 10:44:19,496 [INFO] ADCParametersView:116 -                Rank 1 : true
2025-10-12 10:44:19,496 [INFO] ADCParametersView:116 -                Rank 1 : true
2025-10-12 10:44:19,496 [INFO] ADCParametersView:116 -                Rank 1 : true
2025-10-12 10:44:19,496 [INFO] ADCParametersView:116 -                Rank 1 : true
2025-10-12 10:44:19,499 [INFO] ADCParametersView:116 -                Rank 1 : true
2025-10-12 10:44:21,557 [INFO] UtilMem:75 - End SaveConfig() Used Memory: 306200832 Bytes (1013972992)
2025-10-12 10:44:21,634 [INFO] UtilMem:75 - End SaveConfig() Used Memory: 320880896 Bytes (1013972992)
2025-10-12 10:44:22,215 [INFO] UtilMem:75 - End SaveConfig() Used Memory: 357054720 Bytes (1013972992)
2025-10-12 10:44:22,465 [INFO] BlockDiagram:2775 - set Specific Code input for plugin: NVIC
2025-10-12 10:44:22,467 [INFO] BlockDiagram:2775 - set Specific Code input for plugin: USART
2025-10-12 10:44:22,467 [INFO] BlockDiagram:2775 - set Specific Code input for plugin: TIM1_8F1
2025-10-12 10:44:22,467 [INFO] BlockDiagram:2775 - set Specific Code input for plugin: ADC
2025-10-12 10:44:22,467 [INFO] BlockDiagram:2775 - set Specific Code input for plugin: SYS
2025-10-12 10:44:22,467 [INFO] BlockDiagram:2775 - set Specific Code input for plugin: GPIO
2025-10-12 10:44:22,467 [INFO] BlockDiagram:2775 - set Specific Code input for plugin: ADC
2025-10-12 10:44:22,467 [INFO] BlockDiagram:2775 - set Specific Code input for plugin: RCC
2025-10-12 10:44:22,469 [INFO] CodeGenerator:892 - code generatio: config db path: C:\ST\STM32CubeIDE_1.15.1\STM32CubeIDE\plugins\com.st.stm32cube.common.mx_6.15.0.202507011659\\db\
2025-10-12 10:44:22,521 [INFO] CodeEngine:265 - oldGeneratedFile, C:\Users\lucas\Documents\Github\STM3205P\3.Firmware\ADCTest\MXTmpFiles\license.tmp_save
2025-10-12 10:44:22,596 [INFO] CodeEngine:289 - Generated code: C:\Users\lucas\Documents\Github\STM3205P\3.Firmware\ADCTest\MXTmpFiles\license.tmp
2025-10-12 10:44:22,614 [INFO] CodeEngine:265 - oldGeneratedFile, C:\Users\lucas\Documents\Github\STM3205P\3.Firmware\ADCTest\MXTmpFiles\gpio.tmp_save
2025-10-12 10:44:22,677 [INFO] CodeEngine:289 - Generated code: C:\Users\lucas\Documents\Github\STM3205P\3.Firmware\ADCTest\MXTmpFiles\gpio.tmp
2025-10-12 10:44:22,741 [INFO] CodeEngine:265 - oldGeneratedFile, C:\Users\lucas\Documents\Github\STM3205P\3.Firmware\ADCTest\Core\Src\stm32f1xx_it.c_save
2025-10-12 10:44:22,865 [INFO] CodeEngine:289 - Generated code: C:\Users\lucas\Documents\Github\STM3205P\3.Firmware\ADCTest\Core\Src\stm32f1xx_it.c
2025-10-12 10:44:22,876 [INFO] CodeEngine:265 - oldGeneratedFile, C:\Users\lucas\Documents\Github\STM3205P\3.Firmware\ADCTest\Core\Inc\stm32f1xx_it.h_save
2025-10-12 10:44:22,933 [INFO] CodeEngine:289 - Generated code: C:\Users\lucas\Documents\Github\STM3205P\3.Firmware\ADCTest\Core\Inc\stm32f1xx_it.h
2025-10-12 10:44:22,951 [INFO] CodeEngine:265 - oldGeneratedFile, C:\Users\lucas\Documents\Github\STM3205P\3.Firmware\ADCTest\Core\Src\stm32f1xx_hal_msp.c_save
2025-10-12 10:44:23,054 [INFO] CodeEngine:289 - Generated code: C:\Users\lucas\Documents\Github\STM3205P\3.Firmware\ADCTest\Core\Src\stm32f1xx_hal_msp.c
2025-10-12 10:44:23,061 [INFO] CodeEngine:265 - oldGeneratedFile, C:\Users\lucas\Documents\Github\STM3205P\3.Firmware\ADCTest\MXTmpFiles\system.tmp_save
2025-10-12 10:44:23,112 [INFO] CodeEngine:289 - Generated code: C:\Users\lucas\Documents\Github\STM3205P\3.Firmware\ADCTest\MXTmpFiles\system.tmp
2025-10-12 10:44:23,127 [INFO] CodeEngine:321 - oldGeneratedFile, C:\Users\lucas\Documents\Github\STM3205P\3.Firmware\ADCTest\Core\Inc\stm32f1xx_hal_conf.h_save
2025-10-12 10:44:23,188 [INFO] CodeEngine:345 - Generated code: C:\Users\lucas\Documents\Github\STM3205P\3.Firmware\ADCTest\Core\Inc\stm32f1xx_hal_conf.h
2025-10-12 10:44:23,201 [WARN] IPConfigManager:3811 - IP not found : TIM
2025-10-12 10:44:23,203 [WARN] CodeGenerator:4259 - IP not found : null
2025-10-12 10:44:23,213 [INFO] CodeEngine:265 - oldGeneratedFile, C:\Users\lucas\Documents\Github\STM3205P\3.Firmware\ADCTest\Core\Inc\main.h_save
2025-10-12 10:44:23,285 [INFO] CodeEngine:289 - Generated code: C:\Users\lucas\Documents\Github\STM3205P\3.Firmware\ADCTest\Core\Inc\main.h
2025-10-12 10:44:23,296 [INFO] CodeEngine:265 - oldGeneratedFile, C:\Users\lucas\Documents\Github\STM3205P\3.Firmware\ADCTest\Core\Src\main.c_save
2025-10-12 10:44:23,385 [INFO] CodeEngine:289 - Generated code: C:\Users\lucas\Documents\Github\STM3205P\3.Firmware\ADCTest\Core\Src\main.c
2025-10-12 10:44:23,667 [INFO] ProjectBuilder:3606 - Time for Copy HAL[1] : 162mS.
2025-10-12 10:44:23,671 [INFO] ProjectBuilder:5216 - Project Generator version: 4.7.0-B52
2025-10-12 10:44:23,732 [INFO] ConfigFileManager:1595 - The Die is : DIE410
2025-10-12 10:44:24,967 [INFO] ProjectBuilder:5496 - Time for Generating toolchain IDE Files: 1295mS.
2025-10-12 10:44:24,968 [INFO] ProjectBuilder:3463 - Time for Copy CMSIS : 1mS.
2025-10-12 10:44:24,971 [INFO] ProjectBuilder:3463 - Time for Copy CMSIS : 0mS.
2025-10-12 10:50:55,266 [INFO] MainUpdater:2872 - connection check result : 10
2025-10-12 10:50:55,266 [INFO] MainUpdater:2872 - connection check result : 10
2025-10-12 10:50:55,278 [INFO] MicroXplorer:468 - Change Database Path : 
2025-10-12 10:50:55,278 [INFO] MicroXplorer:498 - Change Database Version : DB.6.0.150
2025-10-12 10:50:55,290 [ERROR] ProjectManagerView:395 - 
java.lang.NullPointerException: Cannot invoke "javax.swing.JTextField.getText()" because the return value of "java.util.List.get(int)" is null
	at com.st.microxplorer.plugins.projectmanager.gui.ProjectChoiceTab$9.caretUpdate(ProjectChoiceTab.java:2706) ~[filemanager.jar:?]
	at javax.swing.text.JTextComponent.fireCaretUpdate(JTextComponent.java:408) ~[?:?]
	at javax.swing.text.JTextComponent$MutableCaretEvent.fire(JTextComponent.java:4484) ~[?:?]
	at javax.swing.text.JTextComponent$MutableCaretEvent.stateChanged(JTextComponent.java:4506) ~[?:?]
	at javax.swing.text.DefaultCaret.fireStateChanged(DefaultCaret.java:857) ~[?:?]
	at javax.swing.text.DefaultCaret.changeCaretPosition(DefaultCaret.java:1343) ~[?:?]
	at javax.swing.text.DefaultCaret.handleSetDot(DefaultCaret.java:1242) ~[?:?]
	at javax.swing.text.DefaultCaret.setDot(DefaultCaret.java:1223) ~[?:?]
	at javax.swing.text.DefaultCaret$Handler.insertUpdate(DefaultCaret.java:1819) ~[?:?]
	at javax.swing.text.AbstractDocument.fireInsertUpdate(AbstractDocument.java:227) ~[?:?]
	at javax.swing.text.AbstractDocument.handleInsertString(AbstractDocument.java:781) ~[?:?]
	at javax.swing.text.AbstractDocument.insertString(AbstractDocument.java:740) ~[?:?]
	at javax.swing.text.PlainDocument.insertString(PlainDocument.java:131) ~[?:?]
	at javax.swing.text.AbstractDocument.replace(AbstractDocument.java:699) ~[?:?]
	at javax.swing.text.JTextComponent.setText(JTextComponent.java:1725) ~[?:?]
	at com.st.microxplorer.plugins.projectmanager.gui.ProjectChoiceTab.createHeapStackFields(ProjectChoiceTab.java:993) ~[filemanager.jar:?]
	at com.st.microxplorer.plugins.projectmanager.gui.ProjectChoiceTab.buildLinkSettingsPanel(ProjectChoiceTab.java:3813) ~[filemanager.jar:?]
	at com.st.microxplorer.plugins.projectmanager.gui.ProjectChoiceTab.defineWindowsFields(ProjectChoiceTab.java:1987) ~[filemanager.jar:?]
	at com.st.microxplorer.plugins.projectmanager.gui.ProjectChoiceTab.updateSettings(ProjectChoiceTab.java:558) ~[filemanager.jar:?]
	at com.st.microxplorer.plugins.projectmanager.gui.ProjectSettingsPanel.UpdateDialog(ProjectSettingsPanel.java:247) ~[filemanager.jar:?]
	at com.st.microxplorer.plugins.projectmanager.ProjectManagerView.propertyChange(ProjectManagerView.java:392) ~[filemanager.jar:?]
	at java.beans.PropertyChangeSupport.fire(PropertyChangeSupport.java:343) ~[?:?]
	at java.beans.PropertyChangeSupport.firePropertyChange(PropertyChangeSupport.java:335) ~[?:?]
	at java.beans.PropertyChangeSupport.firePropertyChange(PropertyChangeSupport.java:268) ~[?:?]
	at com.st.microxplorer.util.MXPropertyChangeSupport.firePropertyChange(MXPropertyChangeSupport.java:54) ~[STM32CubeMX.jar:?]
	at com.st.microxplorer.mxsystem.MxSystem.closeConfig(MxSystem.java:899) ~[STM32CubeMX.jar:?]
	at com.st.microxplorer.maingui.MainPanel.closeConfig(MainPanel.java:792) ~[STM32CubeMX.jar:?]
	at com.st.microxplorer.plugins.filemanager.engine.OpenFileManager.loadConfigurationFile(OpenFileManager.java:288) ~[filemanager.jar:?]
	at com.st.microxplorer.plugins.filemanager.engine.MainFileManager.userLoadConfig(MainFileManager.java:364) ~[filemanager.jar:?]
	at com.st.microxplorer.plugins.filemanager.engine.MainFileManager.userLoadConfig(MainFileManager.java:342) ~[filemanager.jar:?]
	at com.st.microxplorer.plugins.filemanager.FileManagerView.getSpecificTask(FileManagerView.java:264) ~[filemanager.jar:?]
	at com.st.stm32cube.common.mx.editor.CubeMxEditor.getMxTabbedPaneInstance(CubeMxEditor.java:1198) ~[com.st.stm32cube.common.mx_6.15.0.202507011659/:?]
	at com.st.stm32cube.common.mx.editor.CubeMxEditor$12$1.createSwingComponent(CubeMxEditor.java:1068) ~[com.st.stm32cube.common.mx_6.15.0.202507011659/:?]
	at com.st.stm32cube.common.mx.oss.core.awtswtbridge.EmbeddedSwingComposite.doComponentCreation(EmbeddedSwingComposite.java:492) ~[com.st.stm32cube.common.mx.oss_6.15.0.202507011659/:?]
	at com.st.stm32cube.common.mx.oss.core.awtswtbridge.EmbeddedSwingComposite$4.run(EmbeddedSwingComposite.java:291) ~[com.st.stm32cube.common.mx.oss_6.15.0.202507011659/:?]
	at com.st.stm32cube.common.mx.oss.core.awtswtbridge.AwtEnvironment$2.run(AwtEnvironment.java:166) ~[com.st.stm32cube.common.mx.oss_6.15.0.202507011659/:?]
	at java.awt.event.InvocationEvent.dispatch(InvocationEvent.java:318) ~[?:?]
	at java.awt.EventQueue.dispatchEventImpl(EventQueue.java:773) ~[?:?]
	at java.awt.EventQueue$4.run(EventQueue.java:720) ~[?:?]
	at java.awt.EventQueue$4.run(EventQueue.java:714) ~[?:?]
	at java.security.AccessController.doPrivileged(AccessController.java:400) ~[?:?]
	at java.security.ProtectionDomain$JavaSecurityAccessImpl.doIntersectionPrivilege(ProtectionDomain.java:87) ~[?:?]
	at java.awt.EventQueue.dispatchEvent(EventQueue.java:742) ~[?:?]
	at java.awt.EventDispatchThread.pumpOneEventForFilters(EventDispatchThread.java:203) ~[?:?]
	at java.awt.EventDispatchThread.pumpEventsForFilter(EventDispatchThread.java:124) ~[?:?]
	at java.awt.EventDispatchThread.pumpEventsForHierarchy(EventDispatchThread.java:113) ~[?:?]
	at java.awt.EventDispatchThread.pumpEvents(EventDispatchThread.java:109) ~[?:?]
	at java.awt.EventDispatchThread.pumpEvents(EventDispatchThread.java:101) ~[?:?]
	at java.awt.EventDispatchThread.run(EventDispatchThread.java:90) ~[?:?]
2025-10-12 10:50:55,297 [WARN] ThirdParty:871 - waiting for thirdparty lock release [close project]
2025-10-12 10:50:55,297 [INFO] ThirdParty:873 - entering critical section [close project]
2025-10-12 10:50:55,297 [INFO] ThirdParty:883 - exiting critical section [close project]
2025-10-12 10:50:55,298 [INFO] PinOutPanel:1589 - setPackage(No Configuration,No Configuration)
2025-10-12 10:50:55,304 [INFO] UtilMem:75 - Begin LoadConfig() Used Memory: 622474904 Bytes (1013972992)
2025-10-12 10:50:55,304 [INFO] MicroXplorer:468 - Change Database Path : 
2025-10-12 10:50:55,304 [INFO] MicroXplorer:498 - Change Database Version : DB.6.0.150
2025-10-12 10:50:55,304 [INFO] OpenFileManager:355 - Change cursor
2025-10-12 10:50:55,319 [INFO] RulesReader:64 - Compatibility file has been processed (317 Rules)
2025-10-12 10:50:55,328 [INFO] Mcu:2029 - Initializing MCU STM32F103C(4-6)Tx STM32F103C6Tx STM32F103C6T6A
2025-10-12 10:50:55,614 [INFO] Context:786 - Trying to add GPIOservice into a context  which must be forbidden
2025-10-12 10:50:55,813 [INFO] ImportTextPane:234 - (OptionalMessage_ERROR) Pin35 (VP_RIF_VS_RIF1) cannot be retrieved for this MCU
2025-10-12 10:50:55,856 [INFO] RtosManager:558 - Registered RTOS mode: class=CMSIS, group=RTOS, mode=CMSIS_V1, owner=FREERTOS
2025-10-12 10:50:55,856 [INFO] RtosManager:558 - Registered RTOS mode: class=CMSIS, group=RTOS2, mode=CMSIS_V2, owner=FREERTOS
2025-10-12 10:50:55,856 [INFO] RtosManager:558 - Registered RTOS mode: class=RTOS, group=Core, mode=CMSIS_V1, owner=FREERTOS
2025-10-12 10:50:55,856 [INFO] RtosManager:558 - Registered RTOS mode: class=RTOS, group=Core, mode=CMSIS_V2, owner=FREERTOS
2025-10-12 10:50:55,856 [WARN] ModelIntegratedComponent:184 - Missing modes for component STMicroelectronics:FreeRTOS:0.0.1:STMicroelectronics:RTOS:FreeRTOS:Core:::10.2.0:
2025-10-12 10:50:55,865 [WARN] ModelIntegratedComponent:63 - No mode defined for component null
2025-10-12 10:50:55,865 [WARN] ModelIntegratedComponent:63 - No mode defined for component null
2025-10-12 10:50:55,866 [WARN] ModelIntegratedComponent:63 - No mode defined for component null
2025-10-12 10:50:55,866 [WARN] ModelIntegratedComponent:63 - No mode defined for component null
2025-10-12 10:50:55,866 [WARN] ModelIntegratedComponent:63 - No mode defined for component null
2025-10-12 10:50:55,866 [WARN] ModelIntegratedComponent:63 - No mode defined for component null
2025-10-12 10:50:55,866 [WARN] ModelIntegratedComponent:63 - No mode defined for component null
2025-10-12 10:50:55,866 [WARN] ModelIntegratedComponent:63 - No mode defined for component null
2025-10-12 10:50:55,866 [WARN] ModelIntegratedComponent:63 - No mode defined for component null
2025-10-12 10:50:55,866 [WARN] ModelIntegratedComponent:63 - No mode defined for component null
2025-10-12 10:50:55,866 [WARN] ModelIntegratedComponent:63 - No mode defined for component null
2025-10-12 10:50:55,866 [WARN] ModelIntegratedComponent:63 - No mode defined for component null
2025-10-12 10:50:55,866 [WARN] ModelIntegratedComponent:63 - No mode defined for component null
2025-10-12 10:50:55,866 [WARN] ModelIntegratedComponent:63 - No mode defined for component null
2025-10-12 10:50:55,866 [WARN] ModelIntegratedComponent:63 - No mode defined for component null
2025-10-12 10:50:55,866 [WARN] ModelIntegratedComponent:63 - No mode defined for component null
2025-10-12 10:50:55,866 [WARN] ModelIntegratedComponent:63 - No mode defined for component null
2025-10-12 10:50:55,866 [WARN] ModelIntegratedComponent:63 - No mode defined for component null
2025-10-12 10:50:55,866 [WARN] ModelIntegratedComponent:63 - No mode defined for component null
2025-10-12 10:50:55,866 [WARN] ModelIntegratedComponent:63 - No mode defined for component null
2025-10-12 10:50:55,866 [WARN] ModelIntegratedComponent:63 - No mode defined for component null
2025-10-12 10:50:55,866 [WARN] ModelIntegratedComponent:63 - No mode defined for component null
2025-10-12 10:50:55,866 [WARN] ModelIntegratedComponent:63 - No mode defined for component null
2025-10-12 10:50:55,866 [WARN] ModelIntegratedComponent:63 - No mode defined for component null
2025-10-12 10:50:55,866 [WARN] ModelIntegratedComponent:63 - No mode defined for component null
2025-10-12 10:50:55,866 [WARN] ModelIntegratedComponent:63 - No mode defined for component null
2025-10-12 10:50:55,866 [WARN] ModelIntegratedComponent:63 - No mode defined for component null
2025-10-12 10:50:55,866 [WARN] ModelIntegratedComponent:63 - No mode defined for component null
2025-10-12 10:50:55,866 [WARN] ModelIntegratedComponent:63 - No mode defined for component null
2025-10-12 10:50:55,867 [WARN] ModelIntegratedComponent:63 - No mode defined for component null
2025-10-12 10:50:55,867 [WARN] ModelIntegratedComponent:63 - No mode defined for component null
2025-10-12 10:50:55,867 [WARN] ModelIntegratedComponent:63 - No mode defined for component null
2025-10-12 10:50:55,867 [WARN] ModelIntegratedComponent:63 - No mode defined for component null
2025-10-12 10:50:55,867 [WARN] ModelIntegratedComponent:63 - No mode defined for component null
2025-10-12 10:50:55,867 [WARN] ModelIntegratedComponent:63 - No mode defined for component null
2025-10-12 10:50:55,867 [WARN] ModelPack:524 - Component already loaded: STMicroelectronics:HAL Drivers:0.0.0:STMicroelectronics:Device:STMicro_Driver:XSPI:HAL::0.0.1:HAL_XSPI
2025-10-12 10:50:55,990 [INFO] ThirdPartyModel:298 - Start build external matchings
2025-10-12 10:50:56,873 [INFO] ThirdPartyModel:316 - End build external matchings
2025-10-12 10:50:56,894 [INFO] ImportTextPane:234 - (OptionalMessage_ERROR) IP (RCC) : Invalid parameter (FamilyName)
2025-10-12 10:50:56,896 [INFO] ImportTextPane:234 - (OptionalMessage_ERROR) IP (RCC) : Parameter (MCOFreq_Value) has invalid value (72000000)
2025-10-12 10:50:56,896 [INFO] ImportTextPane:234 - (OptionalMessage_ERROR) IP (RCC) : Parameter (USBFreq_Value) has invalid value (72000000)
2025-10-12 10:50:56,995 [INFO] UtilMem:75 - End LoadConfig() Used Memory: 709237528 Bytes (1013972992)
2025-10-12 10:50:56,998 [INFO] ApiDb:581 - Connected to CubeFinder SQLite database (C:\Users\lucas\.stmcufinder\plugins\mcufinder\mcu\cube-finder-db.db)
2025-10-12 10:50:57,093 [WARN] ThirdParty:833 - waiting for thirdparty lock release [change project]
2025-10-12 10:50:57,093 [INFO] ThirdParty:835 - entering critical section [change project]
2025-10-12 10:50:57,093 [INFO] ThirdParty:1030 - CMSIS Pack Vendor :STMicroelectronics X-CUBE-PM33A1 1.0.0
2025-10-12 10:50:57,093 [INFO] ThirdParty:1030 - CMSIS Pack Vendor :STMicroelectronics USBPD 4.1
2025-10-12 10:50:57,093 [INFO] ThirdParty:1030 - CMSIS Pack Vendor :STMicroelectronics X-CUBE-GNSS1 6.0.0
2025-10-12 10:50:57,093 [INFO] ThirdParty:1030 - CMSIS Pack Vendor :STMicroelectronics USB_HOST 2.0.0
2025-10-12 10:50:57,093 [INFO] ThirdParty:1030 - CMSIS Pack Vendor :STMicroelectronics FP-SNS-MOTENVWB1 1.4.0
2025-10-12 10:50:57,093 [INFO] ThirdParty:1030 - CMSIS Pack Vendor :STMicroelectronics X-CUBE-AZRTOS-F4 1.1.0
2025-10-12 10:50:57,093 [INFO] ThirdParty:1030 - CMSIS Pack Vendor :STMicroelectronics LIBJPEG 8.0.0
2025-10-12 10:50:57,093 [INFO] ThirdParty:1030 - CMSIS Pack Vendor :STMicroelectronics FP-ATR-ASTRA1 2.0.2
2025-10-12 10:50:57,093 [INFO] ThirdParty:1030 - CMSIS Pack Vendor :Avnet-IotConnect X-CUBE-IoTC-DA16k-PMOD 1.0.0
2025-10-12 10:50:57,093 [INFO] ThirdParty:1030 - CMSIS Pack Vendor :STMicroelectronics X-CUBE-SMBUS 2.1.0
2025-10-12 10:50:57,093 [INFO] ThirdParty:1030 - CMSIS Pack Vendor :STMicroelectronics X-CUBE-ISPU 2.1.0
2025-10-12 10:50:57,093 [INFO] ThirdParty:1030 - CMSIS Pack Vendor :STMicroelectronics X-CUBE-IPS 3.2.0
2025-10-12 10:50:57,093 [INFO] ThirdParty:1030 - CMSIS Pack Vendor :STMicroelectronics X-CUBE-FREERTOS 1.2.0
2025-10-12 10:50:57,093 [INFO] ThirdParty:1030 - CMSIS Pack Vendor :STMicroelectronics X-CUBE-ST60 1.0.0
2025-10-12 10:50:57,093 [INFO] ThirdParty:1030 - CMSIS Pack Vendor :STMicroelectronics X-CUBE-NFC12 1.0.0
2025-10-12 10:50:57,093 [INFO] ThirdParty:1030 - CMSIS Pack Vendor :STMicroelectronics X-CUBE-TOUCHGFX 4.23.2
2025-10-12 10:50:57,093 [INFO] ThirdParty:1030 - CMSIS Pack Vendor :STMicroelectronics X-CUBE-AZRTOS-F7 1.1.0
2025-10-12 10:50:57,093 [INFO] ThirdParty:1030 - CMSIS Pack Vendor :STMicroelectronics X-CUBE-AZRTOS-L5 2.0.0
2025-10-12 10:50:57,093 [INFO] ThirdParty:1030 - CMSIS Pack Vendor :STMicroelectronics USB_DEVICE 2.0.0
2025-10-12 10:50:57,093 [INFO] ThirdParty:1030 - CMSIS Pack Vendor :STMicroelectronics X-CUBE-NFC6 3.1.0
2025-10-12 10:50:57,093 [INFO] ThirdParty:1030 - CMSIS Pack Vendor :STMicroelectronics FreeRTOS 0.0.1
2025-10-12 10:50:57,093 [INFO] ThirdParty:1030 - CMSIS Pack Vendor :STMicroelectronics FP-SNS-FLIGHT1 5.0.2
2025-10-12 10:50:57,093 [INFO] ThirdParty:1030 - CMSIS Pack Vendor :STMicroelectronics X-CUBE-AI 9.0.0
2025-10-12 10:50:57,093 [INFO] ThirdParty:1030 - CMSIS Pack Vendor :STMicroelectronics PDM2PCM 3.3.0
2025-10-12 10:50:57,093 [INFO] ThirdParty:1030 - CMSIS Pack Vendor :STMicroelectronics X-CUBE-AZRTOS-H7 3.4.0
2025-10-12 10:50:57,093 [INFO] ThirdParty:1030 - CMSIS Pack Vendor :STMicroelectronics X-CUBE-DISPLAY 3.0.0
2025-10-12 10:50:57,093 [INFO] ThirdParty:1030 - CMSIS Pack Vendor :STMicroelectronics X-CUBE-BLE1 7.0.0
2025-10-12 10:50:57,093 [INFO] ThirdParty:1030 - CMSIS Pack Vendor :STMicroelectronics X-CUBE-NFC10 1.0.0
2025-10-12 10:50:57,093 [INFO] ThirdParty:1030 - CMSIS Pack Vendor :STMicroelectronics X-CUBE-BLEMGR 4.0.0
2025-10-12 10:50:57,093 [INFO] ThirdParty:1030 - CMSIS Pack Vendor :STMicroelectronics X-CUBE-FREERTOS 1.3.1
2025-10-12 10:50:57,093 [INFO] ThirdParty:1030 - CMSIS Pack Vendor :STMicroelectronics HAL Drivers 0.0.0
2025-10-12 10:50:57,093 [INFO] ThirdParty:1030 - CMSIS Pack Vendor :emotas I-CUBE-CANOPEN 1.3.0
2025-10-12 10:50:57,094 [INFO] ThirdParty:1030 - CMSIS Pack Vendor :STMicroelectronics X-CUBE-NFC7 1.0.1
2025-10-12 10:50:57,094 [INFO] ThirdParty:1030 - CMSIS Pack Vendor :STMicroelectronics MBEDTLS 2.14.1
2025-10-12 10:50:57,094 [INFO] ThirdParty:1030 - CMSIS Pack Vendor :STMicroelectronics X-CUBE-TOUCHGFX 4.26.0
2025-10-12 10:50:57,094 [INFO] ThirdParty:1030 - CMSIS Pack Vendor :quantropi X-CUBE-qispace-sdk-base 2.0.0
2025-10-12 10:50:57,094 [INFO] ThirdParty:1030 - CMSIS Pack Vendor :STMicroelectronics X-CUBE-BLEMGR 3.1.0
2025-10-12 10:50:57,094 [INFO] ThirdParty:1030 - CMSIS Pack Vendor :STMicroelectronics FP-SNS-STBOX1 2.1.0
2025-10-12 10:50:57,094 [INFO] ThirdParty:1030 - CMSIS Pack Vendor :STMicroelectronics FP-SNS-STAIOTCFT 1.0.0
2025-10-12 10:50:57,094 [INFO] ThirdParty:1030 - CMSIS Pack Vendor :STMicroelectronics FP-SNS-SMARTAG2 1.2.0
2025-10-12 10:50:57,094 [INFO] ThirdParty:1030 - CMSIS Pack Vendor :STMicroelectronics FP-SNS-FLIGHT1 5.1.0
2025-10-12 10:50:57,094 [INFO] ThirdParty:1030 - CMSIS Pack Vendor :STMicroelectronics X-CUBE-AZRTOS-WL 2.0.0
2025-10-12 10:50:57,094 [INFO] ThirdParty:1030 - CMSIS Pack Vendor :STMicroelectronics X-CUBE-DPower 1.3.0
2025-10-12 10:50:57,094 [INFO] ThirdParty:1030 - CMSIS Pack Vendor :STMicroelectronics FP-SNS-MOTENV1 5.0.0
2025-10-12 10:50:57,094 [INFO] ThirdParty:1030 - CMSIS Pack Vendor :STMicroelectronics USB_DEVICE 1.0.0
2025-10-12 10:50:57,094 [INFO] ThirdParty:1030 - CMSIS Pack Vendor :STMicroelectronics X-CUBE-AZRTOS-L4 2.0.0
2025-10-12 10:50:57,094 [INFO] ThirdParty:1030 - CMSIS Pack Vendor :STMicroelectronics ThreadX 0.0.2
2025-10-12 10:50:57,094 [INFO] ThirdParty:1030 - CMSIS Pack Vendor :WES I-CUBE-Cesium 1.3.0
2025-10-12 10:50:57,094 [INFO] ThirdParty:1030 - CMSIS Pack Vendor :STMicroelectronics lwIP 2.1.2
2025-10-12 10:50:57,094 [INFO] ThirdParty:1030 - CMSIS Pack Vendor :STMicroelectronics X-CUBE-SFXS2LP1 4.0.0
2025-10-12 10:50:57,094 [INFO] ThirdParty:1030 - CMSIS Pack Vendor :STMicroelectronics X-CUBE-BLE2 3.3.0
2025-10-12 10:50:57,094 [INFO] ThirdParty:1030 - CMSIS Pack Vendor :STMicroelectronics PDM2PCM 3.2.0
2025-10-12 10:50:57,094 [INFO] ThirdParty:1030 - CMSIS Pack Vendor :STMicroelectronics X-CUBE-AZRTOS-H7 3.3.0
2025-10-12 10:50:57,094 [INFO] ThirdParty:1030 - CMSIS Pack Vendor :STMicroelectronics X-CUBE-NFC9 1.0.0
2025-10-12 10:50:57,094 [INFO] ThirdParty:1030 - CMSIS Pack Vendor :STMicroelectronics X-CUBE-BLE1 7.1.0
2025-10-12 10:50:57,094 [INFO] ThirdParty:1030 - CMSIS Pack Vendor :wolfSSL I-CUBE-wolfMQTT 1.19.2
2025-10-12 10:50:57,094 [INFO] ThirdParty:1030 - CMSIS Pack Vendor :STMicroelectronics USB_DEVICE 3.0.0
2025-10-12 10:50:57,094 [INFO] ThirdParty:1030 - CMSIS Pack Vendor :STMicroelectronics X-CUBE-TCPP 4.1.0
2025-10-12 10:50:57,094 [INFO] ThirdParty:1030 - CMSIS Pack Vendor :STMicroelectronics X-CUBE-AZRTOS-WB 2.0.0
2025-10-12 10:50:57,094 [INFO] ThirdParty:1030 - CMSIS Pack Vendor :STMicroelectronics X-CUBE-GNSS1 7.0.1
2025-10-12 10:50:57,094 [INFO] ThirdParty:1030 - CMSIS Pack Vendor :STMicroelectronics X-CUBE-TOUCHGFX 4.25.0
2025-10-12 10:50:57,094 [INFO] ThirdParty:1030 - CMSIS Pack Vendor :STMicroelectronics X-CUBE-ST67W61 1.1.0
2025-10-12 10:50:57,094 [INFO] ThirdParty:1030 - CMSIS Pack Vendor :STMicroelectronics X-CUBE-AI 10.1.0
2025-10-12 10:50:57,094 [INFO] ThirdParty:1030 - CMSIS Pack Vendor :STMicroelectronics FP-SNS-STBOX1 2.0.0
2025-10-12 10:50:57,094 [INFO] ThirdParty:1030 - CMSIS Pack Vendor :STMicroelectronics X-CUBE-ALGOBUILD 1.3.0
2025-10-12 10:50:57,094 [INFO] ThirdParty:1030 - CMSIS Pack Vendor :STMicroelectronics X-CUBE-AZRTOS-G0 1.1.0
2025-10-12 10:50:57,094 [INFO] ThirdParty:1030 - CMSIS Pack Vendor :STMicroelectronics X-CUBE-SAFEA1 1.2.2
2025-10-12 10:50:57,094 [INFO] ThirdParty:1030 - CMSIS Pack Vendor :STMicroelectronics X-CUBE-NFC4 3.0.0
2025-10-12 10:50:57,094 [INFO] ThirdParty:1030 - CMSIS Pack Vendor :STMicroelectronics X-CUBE-SUBG2 5.0.0
2025-10-12 10:50:57,094 [INFO] ThirdParty:1030 - CMSIS Pack Vendor :STMicroelectronics X-CUBE-AZRTOS-H7RS 1.1.0
2025-10-12 10:50:57,094 [INFO] ThirdParty:1030 - CMSIS Pack Vendor :STMicroelectronics STM32_WPAN 1.0.0
2025-10-12 10:50:57,094 [INFO] ThirdParty:1030 - CMSIS Pack Vendor :EmbeddedOffice I-CUBE-FS-RTOS 1.0.1
2025-10-12 10:50:57,094 [INFO] ThirdParty:1030 - CMSIS Pack Vendor :STMicroelectronics lwIP 2.0.3
2025-10-12 10:50:57,094 [INFO] ThirdParty:1030 - CMSIS Pack Vendor :STMicroelectronics USB_HOST 1.0.0
2025-10-12 10:50:57,094 [INFO] ThirdParty:1030 - CMSIS Pack Vendor :STMicroelectronics X-CUBE-AZRTOS-G4 2.0.0
2025-10-12 10:50:57,094 [INFO] ThirdParty:1030 - CMSIS Pack Vendor :STMicroelectronics X-CUBE-WB05N 2.0.0
2025-10-12 10:50:57,094 [INFO] ThirdParty:1030 - CMSIS Pack Vendor :STMicroelectronics PDM2PCM 3.1.0
2025-10-12 10:50:57,094 [INFO] ThirdParty:1030 - CMSIS Pack Vendor :wolfSSL I-CUBE-wolfTPM 3.8.0
2025-10-12 10:50:57,094 [INFO] ThirdParty:1030 - CMSIS Pack Vendor :wolfSSL I-CUBE-wolfSSH 1.4.20
2025-10-12 10:50:57,094 [INFO] ThirdParty:1030 - CMSIS Pack Vendor :STMicroelectronics X-CUBE-NFC7 2.0.0
2025-10-12 10:50:57,094 [INFO] ThirdParty:1030 - CMSIS Pack Vendor :STMicroelectronics X-CUBE-TCPP 4.2.0
2025-10-12 10:50:57,094 [INFO] ThirdParty:1030 - CMSIS Pack Vendor :RealThread X-CUBE-RT-Thread_Nano 4.1.1
2025-10-12 10:50:57,094 [INFO] ThirdParty:1030 - CMSIS Pack Vendor :wolfSSL I-CUBE-wolfSSL 5.7.0
2025-10-12 10:50:57,094 [INFO] ThirdParty:1030 - CMSIS Pack Vendor :STMicroelectronics FP-ATR-SIGFOX1 3.2.0
2025-10-12 10:50:57,094 [INFO] ThirdParty:1030 - CMSIS Pack Vendor :STMicroelectronics X-CUBE-ISPU 2.0.0
2025-10-12 10:50:57,095 [INFO] ThirdParty:1030 - CMSIS Pack Vendor :STMicroelectronics X-CUBE-EEPRMA1 5.1.0
2025-10-12 10:50:57,095 [INFO] ThirdParty:1030 - CMSIS Pack Vendor :STMicroelectronics MBEDTLS 2.16.2
2025-10-12 10:50:57,095 [INFO] ThirdParty:1030 - CMSIS Pack Vendor :STMicroelectronics X-CUBE-IPS 3.1.0
2025-10-12 10:50:57,095 [INFO] ThirdParty:1030 - CMSIS Pack Vendor :STMicroelectronics X-CUBE-ALS 1.0.2
2025-10-12 10:50:57,095 [INFO] ThirdParty:1030 - CMSIS Pack Vendor :STMicroelectronics X-CUBE-MEMS1 10.0.0
2025-10-12 10:50:57,095 [INFO] ThirdParty:1030 - CMSIS Pack Vendor :ITTIA_DB I-CUBE-ITTIADB 8.9.0
2025-10-12 10:50:57,095 [INFO] ThirdParty:1030 - CMSIS Pack Vendor :STMicroelectronics X-CUBE-STSE01 1.0.0
2025-10-12 10:50:57,095 [INFO] ThirdParty:1030 - CMSIS Pack Vendor :portGmbH I-Cube-SoM-uGOAL 1.1.0
2025-10-12 10:50:57,095 [INFO] ThirdParty:1030 - CMSIS Pack Vendor :STMicroelectronics X-CUBE-ALS 1.0.1
2025-10-12 10:50:57,095 [INFO] ThirdParty:1030 - CMSIS Pack Vendor :STMicroelectronics X-CUBE-ST67W61 1.0.0
2025-10-12 10:50:57,095 [INFO] ThirdParty:1030 - CMSIS Pack Vendor :STMicroelectronics X-CUBE-AI 10.2.0
2025-10-12 10:50:57,095 [INFO] ThirdParty:1030 - CMSIS Pack Vendor :STMicroelectronics ThreadX 1.0.0
2025-10-12 10:50:57,095 [INFO] ThirdParty:1030 - CMSIS Pack Vendor :SEGGER I-CUBE-embOS 1.3.1
2025-10-12 10:50:57,095 [INFO] ThirdParty:1030 - CMSIS Pack Vendor :STMicroelectronics X-CUBE-ALGOBUILD 1.4.0
2025-10-12 10:50:57,095 [INFO] ThirdParty:1030 - CMSIS Pack Vendor :STMicroelectronics X-CUBE-MEMS1 11.3.0
2025-10-12 10:50:57,095 [INFO] ThirdParty:1030 - CMSIS Pack Vendor :STMicroelectronics X-CUBE-AZRTOS-H7RS 1.0.0
2025-10-12 10:50:57,095 [INFO] ThirdParty:1030 - CMSIS Pack Vendor :STMicroelectronics FP-ATR-ASTRA1 2.0.0
2025-10-12 10:50:57,095 [INFO] ThirdParty:1030 - CMSIS Pack Vendor :STMicroelectronics X-CUBE-TOF1 3.4.3
2025-10-12 10:50:57,095 [INFO] ThirdParty:1030 - CMSIS Pack Vendor :STMicroelectronics X-CUBE-TOF1 3.4.1
2025-10-12 10:50:57,095 [INFO] ThirdParty:1030 - CMSIS Pack Vendor :STMicroelectronics X-CUBE-AZRTOS-H7 3.2.0
2025-10-12 10:50:57,095 [INFO] ThirdParty:1030 - CMSIS Pack Vendor :Infineon AIROC-Wi-Fi-Bluetooth-STM32 1.6.0
2025-10-12 10:50:57,095 [INFO] ThirdParty:841 - exiting critical section [change project]
2025-10-12 10:50:57,155 [INFO] PinOutPanel:1589 - setPackage(No Configuration,No Configuration)
2025-10-12 10:50:57,155 [INFO] PinOutPanel:1589 - setPackage(STM32F103C6Tx,LQFP48)
2025-10-12 10:50:57,404 [INFO] UtilMem:75 - Before build in PCC Used Memory: 335944472 Bytes (1013972992)
2025-10-12 10:50:57,577 [INFO] UtilMem:75 - After build in PCC Used Memory: 379984664 Bytes (1013972992)
2025-10-12 10:50:57,588 [INFO] IPUIPlugin:80 - create IPUIPlugin
2025-10-12 10:50:57,588 [INFO] IPUIPlugin:80 - create IPUIPlugin
2025-10-12 10:50:57,588 [INFO] IPUIPlugin:80 - create IPUIPlugin
2025-10-12 10:50:57,588 [INFO] IPUIPlugin:80 - create IPUIPlugin
2025-10-12 10:50:57,588 [INFO] IPUIPlugin:80 - create IPUIPlugin
2025-10-12 10:50:57,588 [INFO] IPUIPlugin:80 - create IPUIPlugin
2025-10-12 10:50:57,588 [INFO] IPUIPlugin:80 - create IPUIPlugin
2025-10-12 10:50:57,588 [INFO] IPUIPlugin:80 - create IPUIPlugin
2025-10-12 10:50:57,588 [INFO] IPUIPlugin:80 - create IPUIPlugin
2025-10-12 10:50:57,588 [INFO] IPUIPlugin:80 - create IPUIPlugin
2025-10-12 10:50:57,588 [INFO] IPUIPlugin:80 - create IPUIPlugin
2025-10-12 10:50:57,589 [INFO] IPUIPlugin:80 - create IPUIPlugin
2025-10-12 10:50:57,589 [INFO] IPUIPlugin:80 - create IPUIPlugin
2025-10-12 10:50:57,589 [INFO] IPUIPlugin:80 - create IPUIPlugin
2025-10-12 10:50:57,589 [INFO] IPUIPlugin:80 - create IPUIPlugin
2025-10-12 10:50:57,589 [INFO] IPUIPlugin:80 - create IPUIPlugin
2025-10-12 10:50:57,589 [INFO] IPUIPlugin:80 - create IPUIPlugin
2025-10-12 10:50:57,589 [INFO] IPUIPlugin:80 - create IPUIPlugin
2025-10-12 10:50:57,589 [INFO] IPUIPlugin:80 - create IPUIPlugin
2025-10-12 10:50:57,589 [INFO] IPUIPlugin:80 - create IPUIPlugin
2025-10-12 10:50:57,589 [INFO] IPUIPlugin:80 - create IPUIPlugin
2025-10-12 10:50:57,590 [INFO] IPUIPlugin:80 - create IPUIPlugin
2025-10-12 10:50:57,590 [INFO] IPUIPlugin:80 - create IPUIPlugin
2025-10-12 10:50:57,621 [INFO] CADModel:165 - CPN selected for project levelSTM32F103C6T6A
2025-10-12 10:50:57,621 [INFO] CADModel:114 - Register for checkConnection events
2025-10-12 10:50:57,680 [INFO] OpenFileManager:386 - Restore cursor
2025-10-12 10:51:02,667 [INFO] ADCParametersView:116 -                Rank 1 : false
2025-10-12 10:51:02,684 [INFO] ADCParametersView:116 -                Rank 1 : false
2025-10-12 10:51:02,684 [INFO] ADCParametersView:116 -                Rank 1 : false
2025-10-12 10:51:02,684 [INFO] ADCParametersView:116 -                Rank 1 : false
2025-10-12 10:51:02,684 [INFO] ADCParametersView:116 -                Rank 1 : false
2025-10-12 10:51:02,684 [INFO] ADCParametersView:116 -                Rank 1 : false
2025-10-12 10:51:02,684 [INFO] ADCParametersView:116 -                Rank 1 : false
2025-10-12 10:51:02,684 [INFO] ADCParametersView:116 -                Rank 1 : false
2025-10-12 10:51:02,684 [INFO] ADCParametersView:116 -                Rank 1 : false
2025-10-12 10:51:02,684 [INFO] ADCParametersView:116 -                Rank 1 : false
2025-10-12 10:51:02,684 [INFO] ADCParametersView:116 -                Rank 1 : false
2025-10-12 10:51:02,687 [INFO] ADCParametersView:116 -                Rank 1 : false
2025-10-12 10:51:06,822 [INFO] ADCParametersView:116 -                Rank 1 : true
2025-10-12 10:51:08,707 [INFO] NvicIntPanel:101 - NVIC parent = com.st.microxplorer.plugins.ip.nvic.MultiNvicIntPanel[,0,0,0x0,invalid,layout=javax.swing.BoxLayout,alignmentX=0.0,alignmentY=0.0,border=,flags=9,maximumSize=,minimumSize=,preferredSize=]
2025-10-12 10:51:08,729 [INFO] ADCParametersView:116 -                Rank 1 : true
2025-10-12 10:51:08,730 [INFO] ADCParametersView:116 -                Rank 1 : true
2025-10-12 10:51:08,730 [INFO] ADCParametersView:116 -                Rank 1 : true
2025-10-12 10:51:08,730 [INFO] ADCParametersView:116 -                Rank 1 : true
2025-10-12 10:51:08,730 [INFO] ADCParametersView:116 -                Rank 1 : true
2025-10-12 10:51:08,730 [INFO] ADCParametersView:116 -                Rank 1 : true
2025-10-12 10:51:08,730 [INFO] ADCParametersView:116 -                Rank 1 : true
2025-10-12 10:51:08,730 [INFO] ADCParametersView:116 -                Rank 1 : true
2025-10-12 10:51:08,730 [INFO] ADCParametersView:116 -                Rank 1 : true
2025-10-12 10:51:08,730 [INFO] ADCParametersView:116 -                Rank 1 : true
2025-10-12 10:51:08,734 [INFO] ADCParametersView:116 -                Rank 1 : true
2025-10-12 10:51:10,238 [INFO] ADCParametersView:116 -                Rank 1 : false
2025-10-12 10:51:10,247 [INFO] ADCParametersView:116 -                Rank 1 : false
2025-10-12 10:51:10,247 [INFO] ADCParametersView:116 -                Rank 1 : false
2025-10-12 10:51:10,247 [INFO] ADCParametersView:116 -                Rank 1 : false
2025-10-12 10:51:10,247 [INFO] ADCParametersView:116 -                Rank 1 : false
2025-10-12 10:51:10,247 [INFO] ADCParametersView:116 -                Rank 1 : false
2025-10-12 10:51:10,247 [INFO] ADCParametersView:116 -                Rank 1 : false
2025-10-12 10:51:10,247 [INFO] ADCParametersView:116 -                Rank 1 : false
2025-10-12 10:51:10,247 [INFO] ADCParametersView:116 -                Rank 1 : false
2025-10-12 10:51:10,247 [INFO] ADCParametersView:116 -                Rank 1 : false
2025-10-12 10:51:10,247 [INFO] ADCParametersView:116 -                Rank 1 : false
2025-10-12 10:51:10,249 [INFO] ADCParametersView:116 -                Rank 1 : false
2025-10-12 10:51:12,187 [INFO] ADCParametersView:116 -                Rank 1 : true
2025-10-12 10:51:14,315 [INFO] NvicIntPanel:101 - NVIC parent = com.st.microxplorer.plugins.ip.nvic.MultiNvicIntPanel[,0,0,0x0,invalid,layout=javax.swing.BoxLayout,alignmentX=0.0,alignmentY=0.0,border=,flags=9,maximumSize=,minimumSize=,preferredSize=]
2025-10-12 10:51:14,329 [INFO] ADCParametersView:116 -                Rank 1 : true
2025-10-12 10:51:14,330 [INFO] ADCParametersView:116 -                Rank 1 : true
2025-10-12 10:51:14,331 [INFO] ADCParametersView:116 -                Rank 1 : true
2025-10-12 10:51:14,331 [INFO] ADCParametersView:116 -                Rank 1 : true
2025-10-12 10:51:14,331 [INFO] ADCParametersView:116 -                Rank 1 : true
2025-10-12 10:51:14,331 [INFO] ADCParametersView:116 -                Rank 1 : true
2025-10-12 10:51:14,331 [INFO] ADCParametersView:116 -                Rank 1 : true
2025-10-12 10:51:14,331 [INFO] ADCParametersView:116 -                Rank 1 : true
2025-10-12 10:51:14,331 [INFO] ADCParametersView:116 -                Rank 1 : true
2025-10-12 10:51:14,331 [INFO] ADCParametersView:116 -                Rank 1 : true
2025-10-12 10:51:14,334 [INFO] ADCParametersView:116 -                Rank 1 : true
2025-10-12 10:51:33,254 [INFO] UtilMem:75 - End SaveConfig() Used Memory: 863202800 Bytes (1013972992)
2025-10-12 10:51:33,331 [INFO] UtilMem:75 - End SaveConfig() Used Memory: 872704712 Bytes (1013972992)
2025-10-12 10:51:33,795 [INFO] UtilMem:75 - End SaveConfig() Used Memory: 900915480 Bytes (1013972992)
2025-10-12 10:51:33,924 [INFO] BlockDiagram:2775 - set Specific Code input for plugin: SPI
2025-10-12 10:51:33,924 [INFO] BlockDiagram:2775 - set Specific Code input for plugin: NVIC
2025-10-12 10:51:33,924 [INFO] BlockDiagram:2775 - set Specific Code input for plugin: TIM1_8F1
2025-10-12 10:51:33,924 [INFO] BlockDiagram:2775 - set Specific Code input for plugin: ADC
2025-10-12 10:51:33,924 [INFO] BlockDiagram:2775 - set Specific Code input for plugin: SYS
2025-10-12 10:51:33,924 [INFO] BlockDiagram:2775 - set Specific Code input for plugin: GPIO
2025-10-12 10:51:33,924 [INFO] BlockDiagram:2775 - set Specific Code input for plugin: ADC
2025-10-12 10:51:33,924 [INFO] BlockDiagram:2775 - set Specific Code input for plugin: RCC
2025-10-12 10:51:33,926 [INFO] CodeGenerator:892 - code generatio: config db path: C:\ST\STM32CubeIDE_1.15.1\STM32CubeIDE\plugins\com.st.stm32cube.common.mx_6.15.0.202507011659\\db\
2025-10-12 10:51:34,009 [INFO] CodeEngine:265 - oldGeneratedFile, C:\Users\lucas\Documents\Github\STM3205P\3.Firmware\STM3205P\MXTmpFiles\license.tmp_save
2025-10-12 10:51:34,064 [INFO] CodeEngine:289 - Generated code: C:\Users\lucas\Documents\Github\STM3205P\3.Firmware\STM3205P\MXTmpFiles\license.tmp
2025-10-12 10:51:34,102 [INFO] CodeEngine:265 - oldGeneratedFile, C:\Users\lucas\Documents\Github\STM3205P\3.Firmware\STM3205P\MXTmpFiles\gpio.tmp_save
2025-10-12 10:51:34,160 [INFO] CodeEngine:289 - Generated code: C:\Users\lucas\Documents\Github\STM3205P\3.Firmware\STM3205P\MXTmpFiles\gpio.tmp
2025-10-12 10:51:34,301 [INFO] CodeEngine:265 - oldGeneratedFile, C:\Users\lucas\Documents\Github\STM3205P\3.Firmware\STM3205P\Core\Src\stm32f1xx_it.c_save
2025-10-12 10:51:34,373 [INFO] CodeEngine:289 - Generated code: C:\Users\lucas\Documents\Github\STM3205P\3.Firmware\STM3205P\Core\Src\stm32f1xx_it.c
2025-10-12 10:51:34,383 [INFO] CodeEngine:265 - oldGeneratedFile, C:\Users\lucas\Documents\Github\STM3205P\3.Firmware\STM3205P\Core\Inc\stm32f1xx_it.h_save
2025-10-12 10:51:34,440 [INFO] CodeEngine:289 - Generated code: C:\Users\lucas\Documents\Github\STM3205P\3.Firmware\STM3205P\Core\Inc\stm32f1xx_it.h
2025-10-12 10:51:34,457 [INFO] CodeEngine:265 - oldGeneratedFile, C:\Users\lucas\Documents\Github\STM3205P\3.Firmware\STM3205P\Core\Src\stm32f1xx_hal_msp.c_save
2025-10-12 10:51:34,540 [INFO] CodeEngine:289 - Generated code: C:\Users\lucas\Documents\Github\STM3205P\3.Firmware\STM3205P\Core\Src\stm32f1xx_hal_msp.c
2025-10-12 10:51:34,550 [INFO] CodeEngine:265 - oldGeneratedFile, C:\Users\lucas\Documents\Github\STM3205P\3.Firmware\STM3205P\MXTmpFiles\system.tmp_save
2025-10-12 10:51:34,598 [INFO] CodeEngine:289 - Generated code: C:\Users\lucas\Documents\Github\STM3205P\3.Firmware\STM3205P\MXTmpFiles\system.tmp
2025-10-12 10:51:34,615 [INFO] CodeEngine:321 - oldGeneratedFile, C:\Users\lucas\Documents\Github\STM3205P\3.Firmware\STM3205P\Core\Inc\stm32f1xx_hal_conf.h_save
2025-10-12 10:51:34,677 [INFO] CodeEngine:345 - Generated code: C:\Users\lucas\Documents\Github\STM3205P\3.Firmware\STM3205P\Core\Inc\stm32f1xx_hal_conf.h
2025-10-12 10:51:34,693 [INFO] ApiDbMcu:532 - Load IP Config File for ADC1
2025-10-12 10:51:34,695 [INFO] ApiDbMcu:532 - Load IP Config File for ADC2
2025-10-12 10:51:34,696 [INFO] ApiDbMcu:532 - Load IP Config File for SPI1
2025-10-12 10:51:34,703 [INFO] ApiDbMcu:532 - Load IP Config File for TIM3
2025-10-12 10:51:34,705 [INFO] ApiDbMcu:532 - Load IP Config File for RCC
2025-10-12 10:51:34,706 [WARN] IPConfigManager:3811 - IP not found : TIM
2025-10-12 10:51:34,706 [WARN] CodeGenerator:4259 - IP not found : null
2025-10-12 10:51:34,715 [INFO] CodeEngine:265 - oldGeneratedFile, C:\Users\lucas\Documents\Github\STM3205P\3.Firmware\STM3205P\Core\Inc\main.h_save
2025-10-12 10:51:34,778 [INFO] CodeEngine:289 - Generated code: C:\Users\lucas\Documents\Github\STM3205P\3.Firmware\STM3205P\Core\Inc\main.h
2025-10-12 10:51:34,787 [INFO] CodeEngine:265 - oldGeneratedFile, C:\Users\lucas\Documents\Github\STM3205P\3.Firmware\STM3205P\Core\Src\main.c_save
2025-10-12 10:51:34,876 [INFO] CodeEngine:289 - Generated code: C:\Users\lucas\Documents\Github\STM3205P\3.Firmware\STM3205P\Core\Src\main.c
2025-10-12 10:51:35,178 [INFO] ProjectBuilder:3606 - Time for Copy HAL[1] : 180mS.
2025-10-12 10:51:35,181 [INFO] ProjectBuilder:5216 - Project Generator version: 4.7.0-B52
2025-10-12 10:51:35,257 [INFO] ConfigFileManager:1595 - The Die is : DIE412
2025-10-12 10:51:35,259 [INFO] ApiDbMcu:532 - Load IP Config File for FATFS
2025-10-12 10:51:35,261 [INFO] ApiDbMcu:532 - Load IP Config File for FREERTOS
2025-10-12 10:51:35,265 [INFO] ApiDbMcu:532 - Load IP Config File for USB_DEVICE
2025-10-12 10:51:35,870 [INFO] ProjectBuilder:5496 - Time for Generating toolchain IDE Files: 689mS.
2025-10-12 10:51:35,871 [INFO] ProjectBuilder:3463 - Time for Copy CMSIS : 1mS.
2025-10-12 10:51:35,875 [INFO] ProjectBuilder:3463 - Time for Copy CMSIS : 0mS.
2025-10-12 11:40:36,005 [ERROR] LogOutputStream:75 - [STDERR_REDIRECT] 
