2025-10-07 19:11:32,631 [INFO] Activator:176 - 


2025-10-07 19:11:32,636 [INFO] Activator:177 - !SESSION log4j initialized
2025-10-07 19:11:37,386 [INFO] LogOutputStream:77 - [STDOUT_REDIRECT] 
2025-10-07 19:11:39,716 [INFO] ApplicationProperties:184 - Using Application install path: C:\ST\STM32CubeIDE_1.15.1\STM32CubeIDE\plugins\com.st.stm32cube.common.mx_6.15.0.202507011659
2025-10-07 19:11:39,736 [INFO] DbMcusXml:78 - Set database path to: C:\ST\STM32CubeIDE_1.15.1\STM32CubeIDE\plugins\com.st.stm32cube.common.mx_6.15.0.202507011659\\db\/mcu/
2025-10-07 19:11:39,736 [INFO] ApiDb:274 - Set plugin database path to: C:\ST\STM32CubeIDE_1.15.1\STM32CubeIDE\plugins\com.st.stm32cube.common.mx_6.15.0.202507011659\\db\/plugins/boardmanager/
2025-10-07 19:11:39,736 [WARN] ApiDb:259 - Overriding images path with different value:  => C:\ST\STM32CubeIDE_1.15.1\STM32CubeIDE\plugins\com.st.stm32cube.common.mx_6.15.0.202507011659\\db\/plugins/mcufinder/images/
2025-10-07 19:11:39,748 [INFO] ApiDb:250 - Set database path to: C:\Users\lucas\.stmcufinder\plugins\mcufinder//mcu/
2025-10-07 19:11:39,749 [INFO] DbMcusAds:125 - Set database path to: C:\Users\lucas\.stmcufinder\plugins\mcufinder//mcu/
2025-10-07 19:11:39,751 [INFO] CrossReferenceDbSqlite:203 - Set database path to: C:\Users\lucas\.stmcufinder\plugins\mcufinder//mcu/cs/
2025-10-07 19:11:39,858 [INFO] RulesReader:64 - Compatibility file has been processed (317 Rules)
2025-10-07 19:11:39,930 [INFO] DbMcusXml:78 - Set database path to: C:\ST\STM32CubeIDE_1.15.1\STM32CubeIDE\plugins\com.st.stm32cube.common.mx_6.15.0.202507011659\\db\/mcu/
2025-10-07 19:11:39,930 [INFO] ApiDb:274 - Set plugin database path to: C:\ST\STM32CubeIDE_1.15.1\STM32CubeIDE\plugins\com.st.stm32cube.common.mx_6.15.0.202507011659\\db\/plugins/boardmanager/
2025-10-07 19:11:39,931 [INFO] ApiDb:261 - Set plugin images path to: C:\ST\STM32CubeIDE_1.15.1\STM32CubeIDE\plugins\com.st.stm32cube.common.mx_6.15.0.202507011659\\db\/plugins/mcufinder/images/
2025-10-07 19:11:39,931 [WARN] DbFile:41 - Overriding database path with different value: C:\Users\lucas\.stmcufinder\plugins\mcufinder/ => C:\Users\lucas\.stmcufinder\plugins\mcufinder
2025-10-07 19:11:39,931 [INFO] ApiDb:250 - Set database path to: C:\Users\lucas\.stmcufinder\plugins\mcufinder//mcu/
2025-10-07 19:11:39,931 [WARN] DbFile:41 - Overriding database path with different value: C:\Users\lucas\.stmcufinder\plugins\mcufinder/ => C:\Users\lucas\.stmcufinder\plugins\mcufinder
2025-10-07 19:11:39,931 [INFO] DbMcusAds:125 - Set database path to: C:\Users\lucas\.stmcufinder\plugins\mcufinder//mcu/
2025-10-07 19:11:39,931 [WARN] DbFile:41 - Overriding database path with different value: C:\Users\lucas\.stmcufinder\plugins\mcufinder/ => C:\Users\lucas\.stmcufinder\plugins\mcufinder
2025-10-07 19:11:39,931 [WARN] DbFile:41 - Overriding database path with different value: C:\Users\lucas\.stmcufinder\plugins\mcufinder/ => C:\Users\lucas\.stmcufinder\plugins\mcufinder
2025-10-07 19:11:39,931 [INFO] CrossReferenceDbSqlite:203 - Set database path to: C:\Users\lucas\.stmcufinder\plugins\mcufinder//mcu/cs/
2025-10-07 19:11:39,993 [INFO] MainPanel:274 - HeapMemory: 268435456
2025-10-07 19:11:40,088 [INFO] DbMcusXml:78 - Set database path to: C:\ST\STM32CubeIDE_1.15.1\STM32CubeIDE\plugins\com.st.stm32cube.common.mx_6.15.0.202507011659\\db\/mcu/
2025-10-07 19:11:40,088 [INFO] ApiDb:274 - Set plugin database path to: C:\ST\STM32CubeIDE_1.15.1\STM32CubeIDE\plugins\com.st.stm32cube.common.mx_6.15.0.202507011659\\db\/plugins/boardmanager/
2025-10-07 19:11:40,088 [INFO] ApiDb:261 - Set plugin images path to: C:\ST\STM32CubeIDE_1.15.1\STM32CubeIDE\plugins\com.st.stm32cube.common.mx_6.15.0.202507011659\\db\/plugins/mcufinder/images/
2025-10-07 19:11:40,088 [WARN] DbFile:41 - Overriding database path with different value: C:\Users\lucas\.stmcufinder\plugins\mcufinder/ => C:\Users\lucas\.stmcufinder\plugins\mcufinder
2025-10-07 19:11:40,088 [INFO] ApiDb:250 - Set database path to: C:\Users\lucas\.stmcufinder\plugins\mcufinder//mcu/
2025-10-07 19:11:40,088 [WARN] DbFile:41 - Overriding database path with different value: C:\Users\lucas\.stmcufinder\plugins\mcufinder/ => C:\Users\lucas\.stmcufinder\plugins\mcufinder
2025-10-07 19:11:40,088 [INFO] DbMcusAds:125 - Set database path to: C:\Users\lucas\.stmcufinder\plugins\mcufinder//mcu/
2025-10-07 19:11:40,089 [WARN] DbFile:41 - Overriding database path with different value: C:\Users\lucas\.stmcufinder\plugins\mcufinder/ => C:\Users\lucas\.stmcufinder\plugins\mcufinder
2025-10-07 19:11:40,089 [WARN] DbFile:41 - Overriding database path with different value: C:\Users\lucas\.stmcufinder\plugins\mcufinder/ => C:\Users\lucas\.stmcufinder\plugins\mcufinder
2025-10-07 19:11:40,089 [INFO] CrossReferenceDbSqlite:203 - Set database path to: C:\Users\lucas\.stmcufinder\plugins\mcufinder//mcu/cs/
2025-10-07 19:11:40,106 [INFO] ApplicationProperties:184 - Using Application install path: C:\ST\STM32CubeIDE_1.15.1\STM32CubeIDE\plugins\com.st.stm32cube.common.mx_6.15.0.202507011659
2025-10-07 19:11:40,106 [INFO] PluginManage:196 - Search for loadable plugins [exclusion list=, ]
2025-10-07 19:11:40,107 [INFO] PluginManage:310 - Check plugin analytics
2025-10-07 19:11:40,248 [INFO] AnalyticsPlugin:253 - Accepted Software Licenses: 
2025-10-07 19:11:40,248 [INFO] AnalyticsPlugin:255 - Accepted CMSIS Pack Licenses: 
2025-10-07 19:11:40,248 [INFO] AnalyticsPlugin:257 - Accepted Firmware Licenses: 
2025-10-07 19:11:40,250 [INFO] PluginManage:359 - Loaded plugin analytics (category:tool,tabindex:-1)
2025-10-07 19:11:40,250 [INFO] PluginManage:310 - Check plugin cadmodel
2025-10-07 19:11:40,270 [INFO] CADModel:105 - Init CAD model plugin
2025-10-07 19:11:40,270 [INFO] PluginManage:359 - Loaded plugin cadmodel (category:power,tabindex:5)
2025-10-07 19:11:40,270 [INFO] PluginManage:310 - Check plugin clock
2025-10-07 19:11:40,281 [INFO] PluginManage:359 - Loaded plugin clock (category:base,tabindex:2)
2025-10-07 19:11:40,281 [INFO] PluginManage:310 - Check plugin ddr
2025-10-07 19:11:40,283 [INFO] PluginManage:359 - Loaded plugin ddr (category:tool,tabindex:6)
2025-10-07 19:11:40,283 [INFO] PluginManage:310 - Check plugin filemanager
2025-10-07 19:11:40,403 [INFO] PluginManage:359 - Loaded plugin filemanager (category:base,tabindex:10)
2025-10-07 19:11:40,403 [INFO] PluginManage:310 - Check plugin ipmanager
2025-10-07 19:11:40,410 [INFO] PluginManage:359 - Loaded plugin ipmanager (category:base,tabindex:5)
2025-10-07 19:11:40,410 [INFO] PluginManage:310 - Check plugin lpbam
2025-10-07 19:11:40,518 [INFO] PluginManage:359 - Loaded plugin lpbam (category:base,tabindex:0)
2025-10-07 19:11:40,519 [INFO] PluginManage:310 - Check plugin memorymap
2025-10-07 19:11:40,616 [INFO] PluginManage:359 - Loaded plugin memorymap (category:base,tabindex:4)
2025-10-07 19:11:40,616 [INFO] PluginManage:310 - Check plugin pinoutandconfiguration
2025-10-07 19:11:40,626 [INFO] PluginManage:359 - Loaded plugin pinoutandconfiguration (category:base,tabindex:1)
2025-10-07 19:11:40,626 [INFO] PluginManage:310 - Check plugin pinoutconfig
2025-10-07 19:11:40,700 [WARN] SupportedApi:132 - Cannot load RTOS API schema: s4s-elt-must-match.1: The content of 'definitions' must match (annotation?, (simpleType | complexType)?, (unique | key | keyref)*)). A problem was found starting at: attribute.
2025-10-07 19:11:40,812 [INFO] PluginManage:359 - Loaded plugin pinoutconfig (category:base,tabindex:0)
2025-10-07 19:11:40,812 [INFO] PluginManage:310 - Check plugin power
2025-10-07 19:11:40,823 [INFO] PluginManage:359 - Loaded plugin power (category:power,tabindex:4)
2025-10-07 19:11:40,823 [INFO] PluginManage:310 - Check plugin projectmanager
2025-10-07 19:11:40,836 [INFO] PluginManage:359 - Loaded plugin projectmanager (category:projectmanager,tabindex:4)
2025-10-07 19:11:40,836 [INFO] PluginManage:310 - Check plugin rif
2025-10-07 19:11:40,851 [INFO] PluginManage:359 - Loaded plugin rif (category:base,tabindex:3)
2025-10-07 19:11:40,851 [INFO] PluginManage:310 - Check plugin thirdparty
2025-10-07 19:11:41,023 [INFO] PluginManage:359 - Loaded plugin thirdparty (category:base,tabindex:-1)
2025-10-07 19:11:41,023 [WARN] IntegrityCheckThread:84 - waiting for thirdparty lock release [integrity check]
2025-10-07 19:11:41,023 [INFO] PluginManage:310 - Check plugin tools
2025-10-07 19:11:41,023 [INFO] IntegrityCheckThread:86 - entering critical section [integrity check]
2025-10-07 19:11:41,023 [INFO] ThirdPartyUpdaterWithRetryManager:70 - Updater plugin not ready yet. [1/15]
2025-10-07 19:11:41,038 [INFO] PluginManage:359 - Loaded plugin tools (category:base,tabindex:7)
2025-10-07 19:11:41,038 [INFO] PluginManage:310 - Check plugin tutovideos
2025-10-07 19:11:41,254 [INFO] PluginManage:359 - Loaded plugin tutovideos (category:base,tabindex:-1)
2025-10-07 19:11:41,254 [INFO] PluginManage:310 - Check plugin updater
2025-10-07 19:11:41,270 [INFO] PluginManage:359 - Loaded plugin updater (category:base,tabindex:12)
2025-10-07 19:11:41,270 [INFO] PluginManage:310 - Check plugin userauth
2025-10-07 19:11:41,275 [INFO] UserAuth:118 - Init User Auth plugin
2025-10-07 19:11:41,276 [INFO] PluginManage:359 - Loaded plugin userauth (category:base,tabindex:14)
2025-10-07 19:11:41,276 [INFO] PluginManage:283 - PluginManage : Loaded plugins [18]
2025-10-07 19:11:41,462 [INFO] PinOutPanel:1589 - setPackage(No Configuration,No Configuration)
2025-10-07 19:11:41,537 [INFO] CADModel:165 - CPN selected for project level
2025-10-07 19:11:41,537 [INFO] CADModel:114 - Register for checkConnection events
2025-10-07 19:11:41,585 [INFO] IPUIPlugin:80 - create IPUIPlugin
2025-10-07 19:11:41,585 [INFO] PluginManager:220 - loadIPPluginJar : add adc
2025-10-07 19:11:41,599 [INFO] IPUIPlugin:80 - create IPUIPlugin
2025-10-07 19:11:41,599 [INFO] PluginManager:220 - loadIPPluginJar : add aes
2025-10-07 19:11:41,615 [INFO] IPUIPlugin:80 - create IPUIPlugin
2025-10-07 19:11:41,615 [INFO] PluginManager:220 - loadIPPluginJar : add can
2025-10-07 19:11:41,626 [INFO] IPUIPlugin:80 - create IPUIPlugin
2025-10-07 19:11:41,626 [INFO] PluginManager:220 - loadIPPluginJar : add comp
2025-10-07 19:11:41,643 [INFO] IPUIPlugin:80 - create IPUIPlugin
2025-10-07 19:11:41,643 [INFO] PluginManager:220 - loadIPPluginJar : add cryp
2025-10-07 19:11:41,650 [INFO] IPUIPlugin:80 - create IPUIPlugin
2025-10-07 19:11:41,650 [INFO] PluginManager:220 - loadIPPluginJar : add ddr_ctrl_phy
2025-10-07 19:11:41,663 [INFO] IPUIPlugin:80 - create IPUIPlugin
2025-10-07 19:11:41,663 [INFO] PluginManager:220 - loadIPPluginJar : add dfsdm
2025-10-07 19:11:41,695 [INFO] IPUIPlugin:80 - create IPUIPlugin
2025-10-07 19:11:41,695 [INFO] PluginManager:220 - loadIPPluginJar : add dma
2025-10-07 19:11:41,711 [INFO] IPUIPlugin:80 - create IPUIPlugin
2025-10-07 19:11:41,713 [INFO] PluginManager:220 - loadIPPluginJar : add dma3
2025-10-07 19:11:41,728 [INFO] IPUIPlugin:80 - create IPUIPlugin
2025-10-07 19:11:41,728 [INFO] PluginManager:220 - loadIPPluginJar : add extmemmanager
2025-10-07 19:11:41,736 [INFO] IPUIPlugin:80 - create IPUIPlugin
2025-10-07 19:11:41,736 [INFO] PluginManager:220 - loadIPPluginJar : add fatfs
2025-10-07 19:11:41,752 [INFO] IPUIPlugin:80 - create IPUIPlugin
2025-10-07 19:11:41,753 [INFO] PluginManager:220 - loadIPPluginJar : add fmc
2025-10-07 19:11:41,761 [INFO] IPUIPlugin:80 - create IPUIPlugin
2025-10-07 19:11:41,761 [INFO] PluginManager:220 - loadIPPluginJar : add freertos
2025-10-07 19:11:41,771 [INFO] IPUIPlugin:80 - create IPUIPlugin
2025-10-07 19:11:41,771 [INFO] PluginManager:220 - loadIPPluginJar : add genericplugin
2025-10-07 19:11:41,799 [INFO] IPUIPlugin:80 - create IPUIPlugin
2025-10-07 19:11:41,800 [INFO] PluginManager:220 - loadIPPluginJar : add gfxmmu
2025-10-07 19:11:41,844 [INFO] IPUIPlugin:80 - create IPUIPlugin
2025-10-07 19:11:41,845 [INFO] PluginManager:220 - loadIPPluginJar : add gic
2025-10-07 19:11:41,917 [INFO] IPUIPlugin:80 - create IPUIPlugin
2025-10-07 19:11:41,917 [INFO] PluginManager:220 - loadIPPluginJar : add gpio
2025-10-07 19:11:41,944 [INFO] IPUIPlugin:80 - create IPUIPlugin
2025-10-07 19:11:41,944 [INFO] PluginManager:220 - loadIPPluginJar : add gtzc
2025-10-07 19:11:41,956 [INFO] IPUIPlugin:80 - create IPUIPlugin
2025-10-07 19:11:41,956 [INFO] PluginManager:220 - loadIPPluginJar : add hash
2025-10-07 19:11:41,977 [INFO] IPUIPlugin:80 - create IPUIPlugin
2025-10-07 19:11:41,977 [INFO] PluginManager:220 - loadIPPluginJar : add i2c
2025-10-07 19:11:41,991 [INFO] IPUIPlugin:80 - create IPUIPlugin
2025-10-07 19:11:41,991 [INFO] PluginManager:220 - loadIPPluginJar : add i2s
2025-10-07 19:11:42,008 [INFO] IPUIPlugin:80 - create IPUIPlugin
2025-10-07 19:11:42,008 [INFO] PluginManager:220 - loadIPPluginJar : add i3c
2025-10-07 19:11:42,035 [INFO] IPUIPlugin:80 - create IPUIPlugin
2025-10-07 19:11:42,035 [INFO] PluginManager:220 - loadIPPluginJar : add ipddr
2025-10-07 19:11:42,069 [INFO] IPUIPlugin:80 - create IPUIPlugin
2025-10-07 19:11:42,069 [INFO] PluginManager:220 - loadIPPluginJar : add linkedlist
2025-10-07 19:11:42,083 [INFO] IPUIPlugin:80 - create IPUIPlugin
2025-10-07 19:11:42,083 [INFO] PluginManager:220 - loadIPPluginJar : add lorawan
2025-10-07 19:11:42,097 [INFO] IPUIPlugin:80 - create IPUIPlugin
2025-10-07 19:11:42,097 [INFO] PluginManager:220 - loadIPPluginJar : add ltdc
2025-10-07 19:11:42,163 [INFO] IPUIPlugin:80 - create IPUIPlugin
2025-10-07 19:11:42,163 [INFO] PluginManager:220 - loadIPPluginJar : add mdma
2025-10-07 19:11:42,235 [INFO] IPUIPlugin:80 - create IPUIPlugin
2025-10-07 19:11:42,235 [INFO] PluginManager:220 - loadIPPluginJar : add nvic
2025-10-07 19:11:42,248 [INFO] IPUIPlugin:80 - create IPUIPlugin
2025-10-07 19:11:42,248 [INFO] PluginManager:220 - loadIPPluginJar : add opamp
2025-10-07 19:11:42,272 [INFO] IPUIPlugin:80 - create IPUIPlugin
2025-10-07 19:11:42,272 [INFO] PluginManager:220 - loadIPPluginJar : add openamp
2025-10-07 19:11:42,289 [INFO] IPUIPlugin:80 - create IPUIPlugin
2025-10-07 19:11:42,289 [INFO] PluginManager:220 - loadIPPluginJar : add pdm2pcm
2025-10-07 19:11:42,357 [INFO] IPUIPlugin:80 - create IPUIPlugin
2025-10-07 19:11:42,359 [INFO] PluginManager:220 - loadIPPluginJar : add plateformsettings
2025-10-07 19:11:42,367 [INFO] IPUIPlugin:80 - create IPUIPlugin
2025-10-07 19:11:42,367 [INFO] PluginManager:220 - loadIPPluginJar : add quadspi
2025-10-07 19:11:42,378 [INFO] IPUIPlugin:80 - create IPUIPlugin
2025-10-07 19:11:42,379 [INFO] PluginManager:220 - loadIPPluginJar : add radio
2025-10-07 19:11:42,386 [INFO] IPUIPlugin:80 - create IPUIPlugin
2025-10-07 19:11:42,386 [INFO] PluginManager:220 - loadIPPluginJar : add resmgrutility
2025-10-07 19:11:42,403 [INFO] IPUIPlugin:80 - create IPUIPlugin
2025-10-07 19:11:42,403 [INFO] PluginManager:220 - loadIPPluginJar : add sai
2025-10-07 19:11:42,419 [INFO] IPUIPlugin:80 - create IPUIPlugin
2025-10-07 19:11:42,419 [INFO] PluginManager:220 - loadIPPluginJar : add spi
2025-10-07 19:11:42,441 [INFO] IPUIPlugin:80 - create IPUIPlugin
2025-10-07 19:11:42,441 [INFO] PluginManager:220 - loadIPPluginJar : add stm32_wpan
2025-10-07 19:11:42,451 [INFO] IPUIPlugin:80 - create IPUIPlugin
2025-10-07 19:11:42,451 [INFO] PluginManager:220 - loadIPPluginJar : add tim
2025-10-07 19:11:42,475 [INFO] IPUIPlugin:80 - create IPUIPlugin
2025-10-07 19:11:42,475 [INFO] PluginManager:220 - loadIPPluginJar : add touchsensing
2025-10-07 19:11:42,484 [INFO] IPUIPlugin:80 - create IPUIPlugin
2025-10-07 19:11:42,484 [INFO] PluginManager:220 - loadIPPluginJar : add tracer_emb
2025-10-07 19:11:42,492 [INFO] IPUIPlugin:80 - create IPUIPlugin
2025-10-07 19:11:42,493 [INFO] PluginManager:220 - loadIPPluginJar : add ts
2025-10-07 19:11:42,500 [INFO] IPUIPlugin:80 - create IPUIPlugin
2025-10-07 19:11:42,500 [INFO] PluginManager:220 - loadIPPluginJar : add tsc
2025-10-07 19:11:42,511 [INFO] IPUIPlugin:80 - create IPUIPlugin
2025-10-07 19:11:42,511 [INFO] PluginManager:220 - loadIPPluginJar : add ucpd
2025-10-07 19:11:42,531 [INFO] IPUIPlugin:80 - create IPUIPlugin
2025-10-07 19:11:42,531 [INFO] PluginManager:220 - loadIPPluginJar : add usart
2025-10-07 19:11:42,548 [INFO] IPUIPlugin:80 - create IPUIPlugin
2025-10-07 19:11:42,549 [INFO] PluginManager:220 - loadIPPluginJar : add usbx
2025-10-07 19:11:42,664 [FATAL] Updater:351 - Updater called before beeing initialized
2025-10-07 19:11:42,685 [INFO] RulesReader:64 - Compatibility file has been processed (317 Rules)
2025-10-07 19:11:42,693 [INFO] RulesReader:64 - Compatibility file has been processed (317 Rules)
2025-10-07 19:11:42,699 [INFO] CADModel:165 - CPN selected for project level
2025-10-07 19:11:42,699 [INFO] CADModel:114 - Register for checkConnection events
2025-10-07 19:11:42,699 [FATAL] Updater:351 - Updater called before beeing initialized
2025-10-07 19:11:42,699 [ERROR] CADModel:125 - Updater not yet initialized, retry later 
2025-10-07 19:11:42,818 [FATAL] Updater:351 - Updater called before beeing initialized
2025-10-07 19:11:42,820 [INFO] CADModel:165 - CPN selected for project level
2025-10-07 19:11:42,820 [INFO] CADModel:114 - Register for checkConnection events
2025-10-07 19:11:42,820 [FATAL] Updater:351 - Updater called before beeing initialized
2025-10-07 19:11:42,820 [ERROR] CADModel:125 - Updater not yet initialized, retry later 
2025-10-07 19:11:42,823 [FATAL] Updater:351 - Updater called before beeing initialized
2025-10-07 19:11:42,917 [FATAL] Updater:351 - Updater called before beeing initialized
2025-10-07 19:11:42,923 [INFO] DbMcusAds:53 - JSON generation date=Thu Oct 02 06:36:05 BRT 2025 (1759397765645)
2025-10-07 19:11:42,923 [FATAL] Updater:351 - Updater called before beeing initialized
2025-10-07 19:11:42,954 [WARN] DetailPanel:346 - Failed to get advertising image, set to default
2025-10-07 19:11:43,032 [FATAL] Updater:351 - Updater called before beeing initialized
2025-10-07 19:11:43,034 [FATAL] Updater:351 - Updater called before beeing initialized
2025-10-07 19:11:43,034 [FATAL] Updater:351 - Updater called before beeing initialized
2025-10-07 19:11:43,034 [WARN] DetailPanel:346 - Failed to get advertising image, set to default
2025-10-07 19:11:43,034 [FATAL] Updater:351 - Updater called before beeing initialized
2025-10-07 19:11:43,082 [ERROR] Updater:1198 - MainUpdater not yet initialized. External WinMGr cannot be set.
2025-10-07 19:11:43,088 [INFO] Updater:1134 - Updater Version found : 6.15.0
2025-10-07 19:11:43,102 [INFO] ApplicationProperties:184 - Using Application install path: C:\ST\STM32CubeIDE_1.15.1\STM32CubeIDE\plugins\com.st.stm32cube.common.mx_6.15.0.202507011659
2025-10-07 19:11:43,970 [INFO] MainUpdater:2872 - connection check result : 10
2025-10-07 19:11:43,971 [INFO] MainUpdater:289 - Updater Check For Update Now.
2025-10-07 19:11:43,971 [INFO] MicroXplorer:498 - Change Database Version : DB.6.0.150
2025-10-07 19:11:43,980 [INFO] McuFinderGlobals:63 - Set McuFinder mode to 2 (CubeIDE integrated)
2025-10-07 19:11:43,983 [INFO] UserAuth:487 - Internet connection configuration mode: 1
2025-10-07 19:11:44,007 [INFO] JxBrowserEngine:152 - Initiate JxBrowser Engine with user profile folder
2025-10-07 19:11:44,026 [WARN] MainUpdater:1193 - Updater busy. Cannot search thirdparties
2025-10-07 19:11:44,026 [INFO] ThirdPartyUpdaterWithRetryManager:96 - Updater plugin is busy. [1/15]
2025-10-07 19:11:44,151 [INFO] CheckServerUpdateThread:120 - End of CheckServer Thread
2025-10-07 19:11:45,291 [INFO] WebApp:169 - Instantiating new browser for Auth
2025-10-07 19:11:45,878 [INFO] WebApp:463 - Apply proxy settings
2025-10-07 19:11:45,878 [INFO] WebApp:548 - Chromium requires no authentication
2025-10-07 19:11:45,887 [INFO] WebApp:491 - Direct internet connection detected
2025-10-07 19:11:45,910 [INFO] WebApp:900 - Register for checkConnection events
2025-10-07 19:11:45,910 [INFO] WebApp:463 - Apply proxy settings
2025-10-07 19:11:45,910 [INFO] WebApp:548 - Chromium requires no authentication
2025-10-07 19:11:45,911 [INFO] WebApp:491 - Direct internet connection detected
2025-10-07 19:11:46,059 [INFO] WebApp:225 - Starting web application
2025-10-07 19:11:46,059 [INFO] WebApp:593 - Web application path used C:\ST\STM32CubeIDE_1.15.1\STM32CubeIDE\plugins\com.st.stm32cube.common.mx_6.15.0.202507011659\db\plugins\mcufinder\reactClient1\index.html
2025-10-07 19:11:46,125 [INFO] UserAuth:487 - Internet connection configuration mode: 1
2025-10-07 19:11:46,289 [INFO] WebApp:191 - Connection restablished
2025-10-07 19:11:47,326 [WARN] PackLoader:240 - Cannot read IP mode file for STMicroelectronics.FP-SNS-MOTENVWB1.1.4.0
2025-10-07 19:11:47,335 [WARN] PackLoader:240 - Cannot read IP mode file for STMicroelectronics.FP-ATR-ASTRA1.2.0.2
2025-10-07 19:11:47,347 [WARN] PackLoader:240 - Cannot read IP mode file for STMicroelectronics.X-CUBE-SMBUS.2.1.0
2025-10-07 19:11:47,358 [WARN] PackLoader:240 - Cannot read IP mode file for STMicroelectronics.X-CUBE-ST60.1.0.0
2025-10-07 19:11:47,368 [WARN] PackLoader:240 - Cannot read IP mode file for STMicroelectronics.X-CUBE-TOUCHGFX.4.23.2
2025-10-07 19:11:47,402 [WARN] PackLoader:240 - Cannot read IP mode file for STMicroelectronics.X-CUBE-AZRTOS-F7.1.1.0
2025-10-07 19:11:47,413 [WARN] PackLoader:240 - Cannot read IP mode file for STMicroelectronics.FP-SNS-FLIGHT1.5.0.2
2025-10-07 19:11:47,454 [WARN] PackLoader:240 - Cannot read IP mode file for STMicroelectronics.X-CUBE-AZRTOS-H7.3.4.0
2025-10-07 19:11:47,470 [WARN] PackLoader:240 - Cannot read IP mode file for STMicroelectronics.X-CUBE-DISPLAY.3.0.0
2025-10-07 19:11:47,490 [WARN] PackLoader:240 - Cannot read IP mode file for STMicroelectronics.X-CUBE-BLE1.7.0.0
2025-10-07 19:11:47,504 [WARN] PackLoader:240 - Cannot read IP mode file for STMicroelectronics.X-CUBE-NFC10.1.0.0
2025-10-07 19:11:47,528 [WARN] PackLoader:240 - Cannot read IP mode file for STMicroelectronics.X-CUBE-BLEMGR.4.0.0
2025-10-07 19:11:47,546 [WARN] PackLoader:240 - Cannot read IP mode file for emotas.I-CUBE-CANOPEN.1.3.0
2025-10-07 19:11:47,558 [WARN] ConditionMgr:438 - getConditionDescription Invalid condition id : Cortex-A Device cause : null
2025-10-07 19:11:47,567 [WARN] ConditionMgr:1044 - genDependencies : Invalid condition id : Cortex-A Device cause : null
2025-10-07 19:11:47,567 [WARN] ConditionMgr:1044 - genDependencies : Invalid condition id : Cortex-A Device cause : null
2025-10-07 19:11:47,567 [WARN] ConditionMgr:1044 - genDependencies : Invalid condition id : Cortex-A Device cause : null
2025-10-07 19:11:47,578 [WARN] PackLoader:240 - Cannot read IP mode file for STMicroelectronics.X-CUBE-BLEMGR.3.1.0
2025-10-07 19:11:47,593 [WARN] PackLoader:240 - Cannot read IP mode file for STMicroelectronics.FP-SNS-STBOX1.2.1.0
2025-10-07 19:11:47,603 [WARN] PackLoader:240 - Cannot read IP mode file for STMicroelectronics.FP-SNS-SMARTAG2.1.2.0
2025-10-07 19:11:47,610 [WARN] PackLoader:240 - Cannot read IP mode file for STMicroelectronics.FP-SNS-FLIGHT1.5.1.0
2025-10-07 19:11:47,633 [INFO] LogOutputStream:77 - [STDOUT_REDIRECT] 1 : Invalid condition id : UX_CORESTACK_Condition cause : null
2025-10-07 19:11:47,634 [INFO] LogOutputStream:77 - [STDOUT_REDIRECT] 1 : Invalid condition id : UX_CORESTACK_Condition cause : null
2025-10-07 19:11:47,634 [INFO] LogOutputStream:77 - [STDOUT_REDIRECT] 1 : Invalid condition id : UX_CORESTACK_Condition cause : null
2025-10-07 19:11:47,635 [INFO] LogOutputStream:77 - [STDOUT_REDIRECT] 1 : Invalid condition id : UX_CORESTACK_Condition cause : null
2025-10-07 19:11:47,636 [INFO] LogOutputStream:77 - [STDOUT_REDIRECT] 1 : Invalid condition id : UX_CORESTACK_Condition cause : null
2025-10-07 19:11:47,639 [WARN] PackLoader:240 - Cannot read IP mode file for STMicroelectronics.X-CUBE-AZRTOS-WL.2.0.0
2025-10-07 19:11:47,649 [WARN] PackLoader:240 - Cannot read IP mode file for STMicroelectronics.FP-SNS-MOTENV1.5.0.0
2025-10-07 19:11:47,661 [WARN] PackLoader:240 - Cannot read IP mode file for WES.I-CUBE-Cesium.1.3.0
2025-10-07 19:11:47,673 [WARN] PackLoader:240 - Cannot read IP mode file for STMicroelectronics.X-CUBE-BLE2.3.3.0
2025-10-07 19:11:47,689 [WARN] PackLoader:240 - Cannot read IP mode file for STMicroelectronics.X-CUBE-NFC9.1.0.0
2025-10-07 19:11:47,699 [WARN] PackLoader:240 - Cannot read IP mode file for STMicroelectronics.X-CUBE-BLE1.7.1.0
2025-10-07 19:11:47,707 [WARN] PackLoader:240 - Cannot read IP mode file for wolfSSL.I-CUBE-wolfMQTT.1.19.2
2025-10-07 19:11:47,721 [WARN] PackLoader:240 - Cannot read IP mode file for STMicroelectronics.X-CUBE-TCPP.4.1.0
2025-10-07 19:11:47,731 [WARN] PackLoader:240 - Cannot read IP mode file for STMicroelectronics.X-CUBE-AI.10.1.0
2025-10-07 19:11:47,744 [WARN] PackLoader:240 - Cannot read IP mode file for STMicroelectronics.X-CUBE-ALGOBUILD.1.3.0
2025-10-07 19:11:47,779 [WARN] PackLoader:240 - Cannot read IP mode file for STMicroelectronics.X-CUBE-AZRTOS-G0.1.1.0
2025-10-07 19:11:47,801 [WARN] PackLoader:240 - Cannot read IP mode file for STMicroelectronics.X-CUBE-SAFEA1.1.2.2
2025-10-07 19:11:47,828 [WARN] PackLoader:240 - Cannot read IP mode file for STMicroelectronics.X-CUBE-NFC4.3.0.0
2025-10-07 19:11:47,885 [WARN] PackLoader:240 - Cannot read IP mode file for EmbeddedOffice.I-CUBE-FS-RTOS.1.0.1
2025-10-07 19:11:47,912 [WARN] PackLoader:240 - Cannot read IP mode file for STMicroelectronics.X-CUBE-WB05N.2.0.0
2025-10-07 19:11:47,921 [WARN] PackLoader:240 - Cannot read IP mode file for wolfSSL.I-CUBE-wolfTPM.3.8.0
2025-10-07 19:11:47,933 [WARN] PackLoader:240 - Cannot read IP mode file for STMicroelectronics.X-CUBE-TCPP.4.2.0
2025-10-07 19:11:47,944 [WARN] PackLoader:240 - Cannot read IP mode file for RealThread.X-CUBE-RT-Thread_Nano.4.1.1
2025-10-07 19:11:47,951 [WARN] PackLoader:240 - Cannot read IP mode file for wolfSSL.I-CUBE-wolfSSL.5.7.0
2025-10-07 19:11:47,958 [WARN] PackLoader:240 - Cannot read IP mode file for STMicroelectronics.FP-ATR-SIGFOX1.3.2.0
2025-10-07 19:11:47,967 [WARN] PackLoader:240 - Cannot read IP mode file for STMicroelectronics.X-CUBE-EEPRMA1.5.1.0
2025-10-07 19:11:47,985 [WARN] PackLoader:240 - Cannot read IP mode file for ITTIA_DB.I-CUBE-ITTIADB.8.9.0
2025-10-07 19:11:47,993 [WARN] PackLoader:240 - Cannot read IP mode file for STMicroelectronics.X-CUBE-ST67W61.1.0.0
2025-10-07 19:11:48,001 [WARN] PackLoader:240 - Cannot read IP mode file for STMicroelectronics.X-CUBE-AI.10.2.0
2025-10-07 19:11:48,029 [WARN] PackLoader:240 - Cannot read IP mode file for SEGGER.I-CUBE-embOS.1.3.1
2025-10-07 19:11:48,058 [WARN] PackLoader:240 - Cannot read IP mode file for STMicroelectronics.X-CUBE-ALGOBUILD.1.4.0
2025-10-07 19:11:48,095 [WARN] PackLoader:240 - Cannot read IP mode file for STMicroelectronics.X-CUBE-MEMS1.11.3.0
2025-10-07 19:11:48,173 [WARN] PackLoader:240 - Cannot read IP mode file for STMicroelectronics.X-CUBE-PM33A1.1.0.0
2025-10-07 19:11:48,190 [WARN] PackLoader:240 - Cannot read IP mode file for STMicroelectronics.X-CUBE-GNSS1.6.0.0
2025-10-07 19:11:48,216 [WARN] PackLoader:240 - Cannot read IP mode file for STMicroelectronics.X-CUBE-AZRTOS-F4.1.1.0
2025-10-07 19:11:48,229 [WARN] PackLoader:240 - Cannot read IP mode file for Avnet-IotConnect.X-CUBE-IoTC-DA16k-PMOD.1.0.0
2025-10-07 19:11:48,237 [WARN] PackLoader:240 - Cannot read IP mode file for STMicroelectronics.X-CUBE-ISPU.2.1.0
2025-10-07 19:11:48,247 [WARN] PackLoader:240 - Cannot read IP mode file for STMicroelectronics.X-CUBE-FREERTOS.1.2.0
2025-10-07 19:11:48,256 [WARN] PackLoader:240 - Cannot read IP mode file for STMicroelectronics.X-CUBE-NFC12.1.0.0
2025-10-07 19:11:48,280 [WARN] PackLoader:240 - Cannot read IP mode file for STMicroelectronics.X-CUBE-AZRTOS-L5.2.0.0
2025-10-07 19:11:48,291 [WARN] PackLoader:240 - Cannot read IP mode file for STMicroelectronics.X-CUBE-NFC6.3.1.0
2025-10-07 19:11:48,300 [WARN] PackLoader:240 - Cannot read IP mode file for STMicroelectronics.X-CUBE-AI.9.0.0
2025-10-07 19:11:48,311 [WARN] PackLoader:240 - Cannot read IP mode file for STMicroelectronics.X-CUBE-FREERTOS.1.3.1
2025-10-07 19:11:48,321 [WARN] PackLoader:240 - Cannot read IP mode file for STMicroelectronics.X-CUBE-NFC7.1.0.1
2025-10-07 19:11:48,332 [WARN] PackLoader:240 - Cannot read IP mode file for STMicroelectronics.X-CUBE-TOUCHGFX.4.26.0
2025-10-07 19:11:48,343 [WARN] PackLoader:240 - Cannot read IP mode file for STMicroelectronics.FP-SNS-STAIOTCFT.1.0.0
2025-10-07 19:11:48,361 [WARN] PackLoader:240 - Cannot read IP mode file for STMicroelectronics.X-CUBE-DPower.1.3.0
2025-10-07 19:11:48,389 [WARN] ConditionMgr:438 - getConditionDescription Invalid condition id : LAN8742 Phy interface Condition cause : null
2025-10-07 19:11:48,390 [WARN] PackLoader:240 - Cannot read IP mode file for STMicroelectronics.X-CUBE-AZRTOS-L4.2.0.0
2025-10-07 19:11:48,391 [WARN] ConditionMgr:1044 - genDependencies : Invalid condition id : LAN8742 Phy interface Condition cause : null
2025-10-07 19:11:48,391 [WARN] ConditionMgr:1044 - genDependencies : Invalid condition id : LAN8742 Phy interface Condition cause : null
2025-10-07 19:11:48,391 [WARN] ConditionMgr:1044 - genDependencies : Invalid condition id : LAN8742 Phy interface Condition cause : null
2025-10-07 19:11:48,403 [WARN] PackLoader:240 - Cannot read IP mode file for STMicroelectronics.X-CUBE-SFXS2LP1.4.0.0
2025-10-07 19:11:48,425 [WARN] PackLoader:240 - Cannot read IP mode file for STMicroelectronics.X-CUBE-AZRTOS-H7.3.3.0
2025-10-07 19:11:48,460 [WARN] ConditionMgr:438 - getConditionDescription Invalid condition id : UX DEVICE CLASS RTOS Condition cause : null
2025-10-07 19:11:48,460 [WARN] ConditionMgr:438 - getConditionDescription Invalid condition id : UX DEVICE CLASS RTOS Condition cause : null
2025-10-07 19:11:48,461 [WARN] PackLoader:240 - Cannot read IP mode file for STMicroelectronics.X-CUBE-AZRTOS-WB.2.0.0
2025-10-07 19:11:48,461 [WARN] ConditionMgr:1044 - genDependencies : Invalid condition id : UX DEVICE CLASS RTOS Condition cause : null
2025-10-07 19:11:48,461 [WARN] ConditionMgr:1044 - genDependencies : Invalid condition id : UX DEVICE CLASS RTOS Condition cause : null
2025-10-07 19:11:48,462 [WARN] ConditionMgr:1044 - genDependencies : Invalid condition id : UX DEVICE CLASS RTOS Condition cause : null
2025-10-07 19:11:48,462 [WARN] ConditionMgr:1044 - genDependencies : Invalid condition id : UX DEVICE CLASS RTOS Condition cause : null
2025-10-07 19:11:48,462 [WARN] ConditionMgr:1044 - genDependencies : Invalid condition id : UX DEVICE CLASS RTOS Condition cause : null
2025-10-07 19:11:48,474 [WARN] PackLoader:240 - Cannot read IP mode file for STMicroelectronics.X-CUBE-GNSS1.7.0.1
2025-10-07 19:11:48,485 [WARN] PackLoader:240 - Cannot read IP mode file for STMicroelectronics.X-CUBE-TOUCHGFX.4.25.0
2025-10-07 19:11:48,489 [WARN] PackLoader:240 - Cannot read IP mode file for STMicroelectronics.FP-SNS-STBOX1.2.0.0
2025-10-07 19:11:48,507 [WARN] PackLoader:240 - Cannot read IP mode file for STMicroelectronics.X-CUBE-SUBG2.5.0.0
2025-10-07 19:11:48,536 [WARN] PackLoader:240 - Cannot read IP mode file for STMicroelectronics.X-CUBE-AZRTOS-H7RS.1.1.0
2025-10-07 19:11:48,559 [WARN] PackLoader:240 - Cannot read IP mode file for STMicroelectronics.X-CUBE-AZRTOS-G4.2.0.0
2025-10-07 19:11:48,569 [WARN] PackLoader:240 - Cannot read IP mode file for wolfSSL.I-CUBE-wolfSSH.1.4.20
2025-10-07 19:11:48,581 [WARN] PackLoader:240 - Cannot read IP mode file for STMicroelectronics.X-CUBE-NFC7.2.0.0
2025-10-07 19:11:48,589 [WARN] PackLoader:240 - Cannot read IP mode file for STMicroelectronics.X-CUBE-ISPU.2.0.0
2025-10-07 19:11:48,603 [WARN] PackLoader:240 - Cannot read IP mode file for STMicroelectronics.X-CUBE-IPS.3.1.0
2025-10-07 19:11:48,614 [WARN] PackLoader:240 - Cannot read IP mode file for STMicroelectronics.X-CUBE-ALS.1.0.2
2025-10-07 19:11:48,649 [WARN] PackLoader:240 - Cannot read IP mode file for STMicroelectronics.X-CUBE-MEMS1.10.0.0
2025-10-07 19:11:48,767 [WARN] PackLoader:240 - Cannot read IP mode file for STMicroelectronics.X-CUBE-STSE01.1.0.0
2025-10-07 19:11:48,781 [WARN] PackLoader:240 - Cannot read IP mode file for portGmbH.I-Cube-SoM-uGOAL.1.1.0
2025-10-07 19:11:48,789 [WARN] PackLoader:240 - Cannot read IP mode file for STMicroelectronics.X-CUBE-ALS.1.0.1
2025-10-07 19:11:48,812 [WARN] PackLoader:240 - Cannot read IP mode file for STMicroelectronics.X-CUBE-AZRTOS-H7RS.1.0.0
2025-10-07 19:11:48,820 [WARN] PackLoader:240 - Cannot read IP mode file for STMicroelectronics.FP-ATR-ASTRA1.2.0.0
2025-10-07 19:11:48,832 [WARN] PackLoader:240 - Cannot read IP mode file for STMicroelectronics.X-CUBE-TOF1.3.4.3
2025-10-07 19:11:48,852 [WARN] PackLoader:240 - Cannot read IP mode file for STMicroelectronics.X-CUBE-TOF1.3.4.1
2025-10-07 19:11:48,908 [WARN] PackLoader:240 - Cannot read IP mode file for STMicroelectronics.X-CUBE-AZRTOS-H7.3.2.0
2025-10-07 19:11:48,927 [WARN] PackLoader:240 - Cannot read IP mode file for Infineon.AIROC-Wi-Fi-Bluetooth-STM32.1.6.0
2025-10-07 19:11:48,929 [INFO] ThirdParty:978 - Integrity check success = true
2025-10-07 19:11:48,931 [INFO] IntegrityCheckThread:100 - exiting critical section [integrity check]
2025-10-07 19:11:48,931 [INFO] IntegrityCheckThread:103 - End integrity checks thread
2025-10-07 19:16:36,721 [INFO] McuFinderGlobals:63 - Set McuFinder mode to 2 (CubeIDE integrated)
2025-10-07 19:16:36,730 [INFO] MainUpdater:2872 - connection check result : 10
2025-10-07 19:16:36,734 [INFO] MainUpdater:2872 - connection check result : 10
2025-10-07 19:16:36,851 [INFO] MicroXplorer:468 - Change Database Path : 
2025-10-07 19:16:36,851 [INFO] MicroXplorer:498 - Change Database Version : DB.6.0.150
2025-10-07 19:16:36,859 [WARN] ThirdParty:871 - waiting for thirdparty lock release [close project]
2025-10-07 19:16:36,859 [INFO] ThirdParty:873 - entering critical section [close project]
2025-10-07 19:16:36,859 [INFO] ThirdParty:883 - exiting critical section [close project]
2025-10-07 19:16:36,861 [INFO] PinOutPanel:1589 - setPackage(No Configuration,No Configuration)
2025-10-07 19:16:36,861 [INFO] UtilMem:75 - Begin LoadConfig() Used Memory: 684519232 Bytes (861929472)
2025-10-07 19:16:36,863 [INFO] MicroXplorer:468 - Change Database Path : 
2025-10-07 19:16:36,863 [INFO] MicroXplorer:498 - Change Database Version : DB.6.0.150
2025-10-07 19:16:36,863 [INFO] OpenFileManager:355 - Change cursor
2025-10-07 19:16:36,891 [INFO] Mcu:2029 - Initializing MCU STM32F103C(4-6)Tx STM32F103C6Tx STM32F103C6T6A
2025-10-07 19:16:37,503 [INFO] Context:786 - Trying to add GPIOservice into a context  which must be forbidden
2025-10-07 19:16:37,673 [INFO] ImportTextPane:234 - (OptionalMessage_ERROR) Pin35 (VP_RIF_VS_RIF1) cannot be retrieved for this MCU
2025-10-07 19:16:37,715 [INFO] RtosManager:558 - Registered RTOS mode: class=CMSIS, group=RTOS, mode=CMSIS_V1, owner=FREERTOS
2025-10-07 19:16:37,715 [INFO] RtosManager:558 - Registered RTOS mode: class=CMSIS, group=RTOS2, mode=CMSIS_V2, owner=FREERTOS
2025-10-07 19:16:37,715 [INFO] RtosManager:558 - Registered RTOS mode: class=RTOS, group=Core, mode=CMSIS_V1, owner=FREERTOS
2025-10-07 19:16:37,716 [INFO] RtosManager:558 - Registered RTOS mode: class=RTOS, group=Core, mode=CMSIS_V2, owner=FREERTOS
2025-10-07 19:16:37,716 [WARN] ModelIntegratedComponent:184 - Missing modes for component STMicroelectronics:FreeRTOS:0.0.1:STMicroelectronics:RTOS:FreeRTOS:Core:::10.2.0:
2025-10-07 19:16:37,721 [WARN] ModelIntegratedComponent:63 - No mode defined for component null
2025-10-07 19:16:37,721 [WARN] ModelIntegratedComponent:63 - No mode defined for component null
2025-10-07 19:16:37,721 [WARN] ModelIntegratedComponent:63 - No mode defined for component null
2025-10-07 19:16:37,721 [WARN] ModelIntegratedComponent:63 - No mode defined for component null
2025-10-07 19:16:37,721 [WARN] ModelIntegratedComponent:63 - No mode defined for component null
2025-10-07 19:16:37,721 [WARN] ModelIntegratedComponent:63 - No mode defined for component null
2025-10-07 19:16:37,721 [WARN] ModelIntegratedComponent:63 - No mode defined for component null
2025-10-07 19:16:37,721 [WARN] ModelIntegratedComponent:63 - No mode defined for component null
2025-10-07 19:16:37,721 [WARN] ModelIntegratedComponent:63 - No mode defined for component null
2025-10-07 19:16:37,721 [WARN] ModelIntegratedComponent:63 - No mode defined for component null
2025-10-07 19:16:37,721 [WARN] ModelIntegratedComponent:63 - No mode defined for component null
2025-10-07 19:16:37,721 [WARN] ModelIntegratedComponent:63 - No mode defined for component null
2025-10-07 19:16:37,721 [WARN] ModelIntegratedComponent:63 - No mode defined for component null
2025-10-07 19:16:37,721 [WARN] ModelIntegratedComponent:63 - No mode defined for component null
2025-10-07 19:16:37,722 [WARN] ModelIntegratedComponent:63 - No mode defined for component null
2025-10-07 19:16:37,722 [WARN] ModelIntegratedComponent:63 - No mode defined for component null
2025-10-07 19:16:37,722 [WARN] ModelIntegratedComponent:63 - No mode defined for component null
2025-10-07 19:16:37,722 [WARN] ModelIntegratedComponent:63 - No mode defined for component null
2025-10-07 19:16:37,722 [WARN] ModelIntegratedComponent:63 - No mode defined for component null
2025-10-07 19:16:37,722 [WARN] ModelIntegratedComponent:63 - No mode defined for component null
2025-10-07 19:16:37,722 [WARN] ModelIntegratedComponent:63 - No mode defined for component null
2025-10-07 19:16:37,722 [WARN] ModelIntegratedComponent:63 - No mode defined for component null
2025-10-07 19:16:37,722 [WARN] ModelIntegratedComponent:63 - No mode defined for component null
2025-10-07 19:16:37,722 [WARN] ModelIntegratedComponent:63 - No mode defined for component null
2025-10-07 19:16:37,722 [WARN] ModelIntegratedComponent:63 - No mode defined for component null
2025-10-07 19:16:37,722 [WARN] ModelIntegratedComponent:63 - No mode defined for component null
2025-10-07 19:16:37,722 [WARN] ModelIntegratedComponent:63 - No mode defined for component null
2025-10-07 19:16:37,722 [WARN] ModelIntegratedComponent:63 - No mode defined for component null
2025-10-07 19:16:37,722 [WARN] ModelIntegratedComponent:63 - No mode defined for component null
2025-10-07 19:16:37,722 [WARN] ModelIntegratedComponent:63 - No mode defined for component null
2025-10-07 19:16:37,722 [WARN] ModelIntegratedComponent:63 - No mode defined for component null
2025-10-07 19:16:37,722 [WARN] ModelIntegratedComponent:63 - No mode defined for component null
2025-10-07 19:16:37,722 [WARN] ModelIntegratedComponent:63 - No mode defined for component null
2025-10-07 19:16:37,722 [WARN] ModelIntegratedComponent:63 - No mode defined for component null
2025-10-07 19:16:37,722 [WARN] ModelIntegratedComponent:63 - No mode defined for component null
2025-10-07 19:16:37,723 [WARN] ModelPack:524 - Component already loaded: STMicroelectronics:HAL Drivers:0.0.0:STMicroelectronics:Device:STMicro_Driver:XSPI:HAL::0.0.1:HAL_XSPI
2025-10-07 19:16:37,882 [INFO] ThirdPartyModel:298 - Start build external matchings
2025-10-07 19:16:38,458 [INFO] ThirdPartyModel:316 - End build external matchings
2025-10-07 19:16:38,479 [INFO] ImportTextPane:234 - (OptionalMessage_ERROR) IP (RCC) : Invalid parameter (FamilyName)
2025-10-07 19:16:38,479 [INFO] ImportTextPane:234 - (OptionalMessage_ERROR) IP (RCC) : Parameter (MCOFreq_Value) has invalid value (72000000)
2025-10-07 19:16:38,480 [INFO] ImportTextPane:234 - (OptionalMessage_ERROR) IP (RCC) : Parameter (USBFreq_Value) has invalid value (72000000)
2025-10-07 19:16:38,636 [INFO] ApiDb:581 - Connected to CubeFinder SQLite database (C:\Users\lucas\.stmcufinder\plugins\mcufinder\mcu\cube-finder-db.db)
2025-10-07 19:16:38,762 [INFO] ApiDb:668 - CubeFinder database Data Model version=2.1
2025-10-07 19:16:38,762 [INFO] ApiDb:669 - CubeFinder database Configuration version=3.0.39
2025-10-07 19:16:38,762 [INFO] ApiDb:670 - CubeFinder database generation date=2025-08-25 (1756130511)
2025-10-07 19:16:38,762 [INFO] ApiDb:671 - CubeFinder database FW Pack versions=[FP-ATR-ASTRA1_V2.0.0, FP-SNS-FLIGHT1_V5.1.0, FP-SNS-MOTENV1_V5.0.0, FP-SNS-MOTENVWB1_V1.4.0, FP-SNS-SMARTAG2_V1.2.0, FP-SNS-STBOX1_V2.1.0, STM32Cube_FW_C0_V1.4.0, STM32Cube_FW_F4_V1.28.3, STM32Cube_FW_F7_V1.17.4, STM32Cube_FW_G0_V1.6.2, STM32Cube_FW_G4_V1.6.1, STM32Cube_FW_H5_V1.5.0, STM32Cube_FW_H7RS_V1.2.0, STM32Cube_FW_H7_V1.12.1, STM32Cube_FW_L0_V1.12.2, STM32Cube_FW_L4_V1.18.1, STM32Cube_FW_L5_V1.5.1, STM32Cube_FW_N6_V1.2.0, STM32Cube_FW_U0_V1.3.0, STM32Cube_FW_U3_V1.2.0, STM32Cube_FW_U5_V1.8.0, STM32Cube_FW_WB0_V1.3.0, STM32Cube_FW_WBA_V1.7.0, STM32Cube_FW_WB_V1.23.0, STM32Cube_FW_WL3_V1.2.0, STM32Cube_FW_WL_V1.3.1, X-CUBE-ALGOBUILD_V1.4.0, X-CUBE-ALS_V1.0.2, X-CUBE-AZRTOS-F4_V1.1.0, X-CUBE-AZRTOS-F7_V1.1.0, X-CUBE-AZRTOS-G0_V1.1.0, X-CUBE-AZRTOS-G4_V2.0.0, X-CUBE-AZRTOS-H7RS_V1.1.0, X-CUBE-AZRTOS-H7_V3.4.0, X-CUBE-AZRTOS-L4_V2.0.0, X-CUBE-AZRTOS-L5_V2.0.0, X-CUBE-AZRTOS-WB_V2.0.0, X-CUBE-AZRTOS-WL_V2.0.0, X-CUBE-BLE1_V7.1.0, X-CUBE-BLE2_V3.3.0, X-CUBE-BLEMGR_V4.1.0, X-CUBE-EEPRMA1_V5.2.0, X-CUBE-FREERTOS_V1.3.1, X-CUBE-GNSS1_V6.0.0, X-CUBE-MEMS1_V11.3.0, X-CUBE-NFC4_V3.0.0, X-CUBE-NFC7_V2.0.0, X-CUBE-SFXS2LP1_V4.0.0, X-CUBE-ST67W61_V1.0.0, X-CUBE-SUBG2_V5.0.0, X-CUBE-TOF1_V3.4.3]
2025-10-07 19:16:38,851 [INFO] DbBoardsSqlite:226 - include board P-NUCLEO-WB55-NUCLEO as a kit item of type 'Nucleo-64'
2025-10-07 19:16:38,852 [INFO] DbBoardsSqlite:226 - include board P-NUCLEO-WB55-USBDONGLE as a kit item of type 'Nucleo USB Dongle'
2025-10-07 19:16:38,853 [INFO] DbBoardsSqlite:226 - include board STEVAL-IDP005V1 as a kit item of type 'Evaluation Board'
2025-10-07 19:16:38,853 [INFO] DbBoardsSqlite:226 - include board STEVAL-IDP005V2 as a kit item of type 'Evaluation Board'
2025-10-07 19:16:39,230 [INFO] ApiDb:240 - Found 880 in-development CPN: [B-G473E-ZEST1S, B-WB1M-WPAN1, B-WBA5M-WPAN, B-WL5M-SUBG1, NUCLEO-C031C6, NUCLEO-C051C8, NUCLEO-C071RB, NUCLEO-C092RC, NUCLEO-H503RB, NUCLEO-H533RE, NUCLEO-H563ZI, NUCLEO-H7S3L8, NUCLEO-N657X0-Q, NUCLEO-U031R8, NUCLEO-U083RC, NUCLEO-U385RG-Q, NUCLEO-U545RE-Q, NUCLEO-U5A5ZJ-Q, NUCLEO-WB05KZ, NUCLEO-WB07CC, NUCLEO-WB09KE, NUCLEO-WBA52CG, NUCLEO-WBA55CG, NUCLEO-WL33CC1, NUCLEO-WL33CC2, STEVAL-PROTEUS1, STEVAL-SMARTAG2, STEVAL-STWINBX1, STM320518-EVAL, STM32C0116-DK, STM32C011D6Y3TR, STM32C011D6Y6TR, STM32C011F4P3, STM32C011F4P6, STM32C011F4U3, STM32C011F4U6TR, STM32C011F6P3, STM32C011F6P6, STM32C011F6U3, STM32C011F6U6TR, STM32C011J4M3, STM32C011J4M6, STM32C011J6M3, STM32C011J6M6, STM32C0316-DK, STM32C031C4T3, STM32C031C4T6, STM32C031C4U3, STM32C031C4U6, STM32C031C6T3, STM32C031C6T6, STM32C031C6U3, STM32C031C6U6, STM32C031F4P3, STM32C031F4P6, STM32C031F6P3, STM32C031F6P6, STM32C031G4U3, STM32C031G4U6, STM32C031G6U3, STM32C031G6U6, STM32C031K4T3, STM32C031K4T6, STM32C031K4U3, STM32C031K4U6, STM32C031K6T3, STM32C031K6T6, STM32C031K6U3, STM32C031K6U6, STM32C051C6T6, STM32C051C6U6, STM32C051C8T6, STM32C051C8U6, STM32C051D8Y6TR, STM32C051F6P6, STM32C051F8P6, STM32C051G6U6, STM32C051G8U6, STM32C051K6T6, STM32C051K6U6, STM32C051K8T6, STM32C071C8T6, STM32C071C8T6N, STM32C071C8U6, STM32C071C8U6N, STM32C071CBT6, STM32C071CBT6N, STM32C071CBU6, STM32C071CBU6N, STM32C071F8P6, STM32C071F8P6N, STM32C071FBP6, STM32C071FBP6N, STM32C071FBY6TR, STM32C071G8U6, STM32C071G8U6N, STM32C071GBU6, STM32C071GBU6N, STM32C071K8T6, STM32C071K8T6N, STM32C071K8U6, STM32C071K8U6N, STM32C071KBT6, STM32C071KBT6N, STM32C071KBU6, STM32C071KBU6N, STM32C071R8T6, STM32C071R8T6N, STM32C071RBI6N, STM32C071RBT6, STM32C071RBT6N, STM32C091CBT6, STM32C091CBU6, STM32C091CCT6, STM32C091CCU6, STM32C091ECY6TR, STM32C091FBP6, STM32C091FCP6, STM32C091GBU6, STM32C091GCU6, STM32C091KBT6, STM32C091KBU6, STM32C091KCT6, STM32C091KCU6, STM32C091RBT6, STM32C091RCI6, STM32C091RCT6, STM32C092CBT6, STM32C092CBU6, STM32C092CCT6, STM32C092CCU6, STM32C092ECY6TR, STM32C092FBP6, STM32C092FCP6, STM32C092GBU6, STM32C092GCU6, STM32C092KBT6, STM32C092KBU6, STM32C092KCT6, STM32C092KCU6, STM32C092RBT6, STM32C092RCI6, STM32C092RCT6, STM32G071K8TXN, STM32G071K8UXN, STM32G081GBU6N, STM32G081KBT6N, STM32G081KBUXN, STM32G0B1CCT6N, STM32G0B1KCT6, STM32G0B1NEY6TR, STM32G0B1RCT6N, STM32G0C1CCT6, STM32G0C1CCT6N, STM32G0C1CCU6N, STM32G0C1CET6N, STM32G0C1CEU6N, STM32G0C1KCT6, STM32G0C1NEY6TR, STM32G0C1RCI6N, STM32G0C1RCT6N, STM32G0C1REI6N, STM32G0C1RET6N, STM32G0C1VCI6, STM32G0C1VEI6, STM32G411C6T3, STM32G411C6T6, STM32G411C6U3, STM32G411C6U6, STM32G411C8T3, STM32G411C8T6, STM32G411C8U3, STM32G411C8U6, STM32G411CBT3, STM32G411CBT6, STM32G411CBU3, STM32G411CBU6, STM32G411K6T3, STM32G411K6T6, STM32G411K6U3, STM32G411K6U6, STM32G411K8T3, STM32G411K8T6, STM32G411K8U3, STM32G411K8U6, STM32G411KBT3, STM32G411KBT6, STM32G411KBU3, STM32G411KBU6, STM32G411M6T3, STM32G411M6T6, STM32G411M8T3, STM32G411M8T6, STM32G411MBT3, STM32G411MBT6, STM32G411R6T3, STM32G411R6T6, STM32G411R8T3, STM32G411R8T6, STM32G411RBT3, STM32G411RBT6, STM32G414CBT3, STM32G414CBT6, STM32G414CBU3, STM32G414CBU6, STM32G414CCT3, STM32G414CCT6, STM32G414CCU3, STM32G414CCU6, STM32G414MBT3, STM32G414MBT6, STM32G414MCT3, STM32G414MCT6, STM32G414RBT3, STM32G414RBT6, STM32G414RCT3, STM32G414RCT6, STM32G414VBT3, STM32G414VBT6, STM32G414VCT3, STM32G414VCT6, STM32G431CBT3Z, STM32G431RBT3Z, STM32G471CCT6, STM32G471CCU6, STM32G471CET3, STM32G471CET6, STM32G471CEU3, STM32G471CEU6, STM32G471MCT6, STM32G471MET3, STM32G471MET6, STM32G471MEY6TR, STM32G471QCT6, STM32G471QET3, STM32G471RCT6, STM32G471RET3, STM32G471RET6, STM32G471VCH6, STM32G471VCI6, STM32G471VCT6, STM32G471VEH3, STM32G471VEH6, STM32G471VEI3, STM32G471VEI6, STM32G471VET3, STM32G471VET6, STM32G473QET3Z, STM32G473RET3Z, STM32G474CCT6, STM32G491RET3Z, STM32H503CBT6, STM32H503CBU6, STM32H503EBY6TR, STM32H503KBU6, STM32H503RBT6, STM32H523CCT6, STM32H523CCU6, STM32H523CET6, STM32H523CEU6, STM32H523HEY6TR, STM32H523RCT6, STM32H523RET6, STM32H523VCI6, STM32H523VCT6, STM32H523VEI6, STM32H523VET6, STM32H523ZCJ6, STM32H523ZCT6, STM32H523ZEJ6, STM32H523ZET6, STM32H533CET6, STM32H533CEU6, STM32H533HEY6TR, STM32H533RET6, STM32H533VEI6, STM32H533VET6, STM32H533ZEJ6, STM32H533ZET6, STM32H562AGI6, STM32H562AII6, STM32H562IGK6, STM32H562IGT6, STM32H562IIK6, STM32H562IIT6, STM32H562RGT6, STM32H562RGV6, STM32H562RIT6, STM32H562RIV6, STM32H562VGT6, STM32H562VIT6, STM32H562ZGT6, STM32H562ZIT6, STM32H563AGI6, STM32H563AII3Q, STM32H563AII6, STM32H563IGK6, STM32H563IGT6, STM32H563IIK3Q, STM32H563IIK6, STM32H563IIT3Q, STM32H563IIT6, STM32H563MIY3QTR, STM32H563RGT6, STM32H563RGV6, STM32H563RIT6, STM32H563RIV6, STM32H563VGT6, STM32H563VIT3Q, STM32H563VIT6, STM32H563ZGT6, STM32H563ZIT3Q, STM32H563ZIT6, STM32H573AII3Q, STM32H573AII6, STM32H573I-DK, STM32H573IIK3Q, STM32H573IIK6, STM32H573IIT3Q, STM32H573IIT6, STM32H573MIY3QTR, STM32H573RIT6, STM32H573RIV6, STM32H573VIT3Q, STM32H573VIT6, STM32H573ZIT3Q, STM32H573ZIT6, STM32H7R3A8I6, STM32H7R3I8K6, STM32H7R3I8T6, STM32H7R3L8H6, STM32H7R3L8H6H, STM32H7R3R8V6, STM32H7R3V8H6, STM32H7R3V8T6, STM32H7R3V8Y6TR, STM32H7R3Z8J6, STM32H7R3Z8T6, STM32H7R7A8I6, STM32H7R7I8K6, STM32H7R7I8T6, STM32H7R7L8H6, STM32H7R7L8H6H, STM32H7R7Z8J6, STM32H7S3A8I6, STM32H7S3I8K6, STM32H7S3I8T6, STM32H7S3L8H6, STM32H7S3L8H6H, STM32H7S3R8V6, STM32H7S3V8H6, STM32H7S3V8T6, STM32H7S3V8Y6TR, STM32H7S3Z8J6, STM32H7S3Z8T6, STM32H7S78-DK, STM32H7S7A8I6, STM32H7S7I8K6, STM32H7S7I8T6, STM32H7S7L8H6, STM32H7S7L8H6H, STM32H7S7Z8J6, STM32L4R5QGI6STR, STM32MP131AAE3, STM32MP131AAF3, STM32MP131AAG3, STM32MP131CAE3, STM32MP131CAF3, STM32MP131CAG3, STM32MP131DAE7, STM32MP131DAF7, STM32MP131DAG7, STM32MP131FAE7, STM32MP131FAF7, STM32MP131FAG7, STM32MP133AAE3, STM32MP133AAF3, STM32MP133AAG3, STM32MP133CAE3, STM32MP133CAF3, STM32MP133CAG3, STM32MP133DAE7, STM32MP133DAF7, STM32MP133DAG7, STM32MP133FAE7, STM32MP133FAF7, STM32MP133FAG7, STM32MP135AAE3, STM32MP135AAF3, STM32MP135AAG3, STM32MP135CAE3, STM32MP135CAF3, STM32MP135CAG3, STM32MP135DAE7, STM32MP135DAF7, STM32MP135DAG7, STM32MP135F-DK, STM32MP135FAE7, STM32MP135FAF7, STM32MP135FAF7T, STM32MP135FAF7U, STM32MP135FAG7, STM32MP211AAL3, STM32MP211AAM3, STM32MP211AAN3, STM32MP211AAO3, STM32MP211CAL3, STM32MP211CAM3, STM32MP211CAN3, STM32MP211CAO3, STM32MP211DAL3, STM32MP211DAM3, STM32MP211DAN3, STM32MP211DAO3, STM32MP211FAL3, STM32MP211FAM3, STM32MP211FAN3, STM32MP211FAO3, STM32MP213AAL3, STM32MP213AAM3, STM32MP213AAN3, STM32MP213AAO3, STM32MP213CAL3, STM32MP213CAM3, STM32MP213CAN3, STM32MP213CAO3, STM32MP213DAL3, STM32MP213DAM3, STM32MP213DAN3, STM32MP213DAO3, STM32MP213FAL3, STM32MP213FAM3, STM32MP213FAN3, STM32MP213FAO3, STM32MP215AAL3, STM32MP215AAM3, STM32MP215AAN3, STM32MP215AAO3, STM32MP215CAL3, STM32MP215CAM3, STM32MP215CAN3, STM32MP215CAO3, STM32MP215DAL3, STM32MP215DAM3, STM32MP215DAN3, STM32MP215DAO3, STM32MP215F-DK, STM32MP215FAL3, STM32MP215FAM3, STM32MP215FAN3, STM32MP215FAO3, STM32MP231AAJ3, STM32MP231AAK3, STM32MP231AAL3, STM32MP231CAJ3, STM32MP231CAK3, STM32MP231CAL3, STM32MP231DAJ3, STM32MP231DAK3, STM32MP231DAL3, STM32MP231FAJ3, STM32MP231FAK3, STM32MP231FAL3, STM32MP233AAJ3, STM32MP233AAK3, STM32MP233AAL3, STM32MP233CAJ3, STM32MP233CAK3, STM32MP233CAL3, STM32MP233DAJ3, STM32MP233DAK3, STM32MP233DAL3, STM32MP233FAJ3, STM32MP233FAK3, STM32MP233FAL3, STM32MP235AAJ3, STM32MP235AAK3, STM32MP235AAL3, STM32MP235CAJ3, STM32MP235CAK3, STM32MP235CAL3, STM32MP235DAJ3, STM32MP235DAK3, STM32MP235DAL3, STM32MP235FAJ3, STM32MP235FAK3, STM32MP235FAL3, STM32MP251AAI3, STM32MP251AAK3, STM32MP251AAL3, STM32MP251CAI3, STM32MP251CAK3, STM32MP251CAL3, STM32MP251DAI3, STM32MP251DAK3, STM32MP251DAL3, STM32MP251FAI3, STM32MP251FAK3, STM32MP251FAL3, STM32MP253AAI3, STM32MP253AAK3, STM32MP253AAL3, STM32MP253CAI3, STM32MP253CAK3, STM32MP253CAL3, STM32MP253DAI3, STM32MP253DAK3, STM32MP253DAL3, STM32MP253FAI3, STM32MP253FAK3, STM32MP253FAL3, STM32MP255AAI3, STM32MP255AAK3, STM32MP255AAL3, STM32MP255CAI3, STM32MP255CAK3, STM32MP255CAL3, STM32MP255DAI3, STM32MP255DAK3, STM32MP255DAL3, STM32MP255FAI3, STM32MP255FAK3, STM32MP255FAL3, STM32MP257AAI3, STM32MP257AAK3, STM32MP257AAL3, STM32MP257CAI3, STM32MP257CAK3, STM32MP257CAL3, STM32MP257DAI3, STM32MP257DAK3, STM32MP257DAL3, STM32MP257F-DK, STM32MP257F-EV1, STM32MP257FAI3, STM32MP257FAK3, STM32MP257FAL3, STM32N645A0H3Q, STM32N645B0H3Q, STM32N645I0H3Q, STM32N645L0H3Q, STM32N645X0H3Q, STM32N645Z0H3Q, STM32N647A0H3Q, STM32N647B0H3Q, STM32N647I0H3Q, STM32N647L0H3Q, STM32N647X0H3Q, STM32N647Z0H3Q, STM32N655A0H3Q, STM32N655B0H3Q, STM32N655I0H3Q, STM32N655L0H3Q, STM32N655X0H3Q, STM32N655Z0H3Q, STM32N6570-DK, STM32N657A0H3Q, STM32N657B0H3Q, STM32N657I0H3Q, STM32N657L0H3Q, STM32N657X0H3Q, STM32N657Z0H3Q, STM32U031C6T6, STM32U031C6U6, STM32U031C8T6, STM32U031C8U6, STM32U031F4P6, STM32U031F6P6, STM32U031F8P6, STM32U031G6Y6TR, STM32U031G8Y6TR, STM32U031K4U6, STM32U031K6U6, STM32U031K8U6, STM32U031R6I6, STM32U031R6T6, STM32U031R8I6, STM32U031R8T6, STM32U073C8T6, STM32U073C8U6, STM32U073CBT6, STM32U073CBU6, STM32U073CCT6, STM32U073CCU6, STM32U073H8Y6TR, STM32U073HBY6TR, STM32U073HCY6TR, STM32U073K8U6, STM32U073KBU6, STM32U073KCU6, STM32U073M8I6, STM32U073M8T6, STM32U073MBI6, STM32U073MBT6, STM32U073MCI6, STM32U073MCT6, STM32U073R8I6, STM32U073R8T6, STM32U073RBI6, STM32U073RBT6, STM32U073RCI6, STM32U073RCT6, STM32U083C-DK, STM32U083CCT6, STM32U083CCU6, STM32U083HCY6TR, STM32U083KCU6, STM32U083MCI6, STM32U083MCT6, STM32U083RCI6, STM32U083RCT6, STM32U375CET6, STM32U375CET6Q, STM32U375CEU6, STM32U375CEU6Q, STM32U375CEY6QTR, STM32U375CGT6, STM32U375CGT6Q, STM32U375CGU6, STM32U375CGU6Q, STM32U375CGY6QTR, STM32U375KEU6, STM32U375KGU6, STM32U375REI6, STM32U375REI6Q, STM32U375RET6, STM32U375RET6Q, STM32U375REY6GTR, STM32U375REY6QTR, STM32U375RGI6, STM32U375RGI6Q, STM32U375RGT6, STM32U375RGT6Q, STM32U375RGY6GTR, STM32U375RGY6QTR, STM32U375VEI6, STM32U375VEI6Q, STM32U375VET6, STM32U375VET6Q, STM32U375VGI6, STM32U375VGI6Q, STM32U375VGT6, STM32U375VGT6Q, STM32U385CGT6, STM32U385CGT6Q, STM32U385CGU6, STM32U385CGU6Q, STM32U385CGY6QTR, STM32U385KGU6, STM32U385RGI6, STM32U385RGI6Q, STM32U385RGT6, STM32U385RGT6Q, STM32U385RGY6GTR, STM32U385RGY6QTR, STM32U385VGI6, STM32U385VGI6Q, STM32U385VGT6, STM32U385VGT6Q, STM32U535CBT6, STM32U535CBT6Q, STM32U535CBU6, STM32U535CBU6Q, STM32U535CCT6, STM32U535CCT6Q, STM32U535CCU6, STM32U535CCU6Q, STM32U535CET6, STM32U535CET6Q, STM32U535CEU6, STM32U535CEU6Q, STM32U535JEY6QTR, STM32U535NCY6QTR, STM32U535NEY6QTR, STM32U535RBI6, STM32U535RBI6Q, STM32U535RBT6, STM32U535RBT6Q, STM32U535RCI6, STM32U535RCI6Q, STM32U535RCT6, STM32U535RCT6Q, STM32U535REI6, STM32U535REI6Q, STM32U535RET6, STM32U535RET6Q, STM32U535VCI6, STM32U535VCI6Q, STM32U535VCT6, STM32U535VCT6Q, STM32U535VEI6, STM32U535VEI6Q, STM32U535VET6, STM32U535VET6Q, STM32U545CET6, STM32U545CET6Q, STM32U545CEU6, STM32U545CEU6Q, STM32U545JEY6QTR, STM32U545NEY6QTR, STM32U545REI6, STM32U545REI6Q, STM32U545RET6, STM32U545RET6Q, STM32U545VEI6, STM32U545VEI6Q, STM32U545VET6, STM32U545VET6Q, STM32U595AIH6, STM32U595AIH6Q, STM32U595AJH6, STM32U595AJH6Q, STM32U595QII6, STM32U595QII6Q, STM32U595QJI6, STM32U595QJI6Q, STM32U595RIT6, STM32U595RIT6Q, STM32U595RJT6, STM32U595RJT6Q, STM32U595VIT6, STM32U595VIT6Q, STM32U595VJT6, STM32U595VJT6Q, STM32U595ZIT6, STM32U595ZIT6Q, STM32U595ZIY6QTR, STM32U595ZJT6, STM32U595ZJT6Q, STM32U595ZJY6QTR, STM32U599BJY6QTR, STM32U599NIH6Q, STM32U599NJH6Q, STM32U599VIT6Q, STM32U599VJT6, STM32U599VJT6Q, STM32U599ZIT6Q, STM32U599ZIY6QTR, STM32U599ZJT6Q, STM32U599ZJY6QTR, STM32U5A5AJH6, STM32U5A5AJH6Q, STM32U5A5QII3Q , STM32U5A5QJI6, STM32U5A5QJI6Q, STM32U5A5RJT6, STM32U5A5RJT6Q, STM32U5A5VJT6, STM32U5A5VJT6Q, STM32U5A5ZJT6, STM32U5A5ZJT6Q, STM32U5A5ZJY6QTR, STM32U5A9BJY6QTR, STM32U5A9J-DK, STM32U5A9NJH6Q, STM32U5A9VJT6Q, STM32U5A9ZJT6Q, STM32U5A9ZJY6QTR, STM32U5F7VIT6, STM32U5F7VIT6Q, STM32U5F7VJT6, STM32U5F7VJT6Q, STM32U5F9BJY6QTR, STM32U5F9NJH6Q, STM32U5F9VIT6Q, STM32U5F9VJT6Q, STM32U5F9ZIJ6QTR, STM32U5F9ZIT6Q, STM32U5F9ZJJ6QTR, STM32U5F9ZJT6Q, STM32U5G7VJT6, STM32U5G7VJT6Q, STM32U5G9BJY6QTR, STM32U5G9J-DK1, STM32U5G9J-DK2, STM32U5G9NJH6Q, STM32U5G9VJT6Q, STM32U5G9ZJJ6QTR, STM32U5G9ZJT6Q, STM32WB05KZV6TR, STM32WB05KZV7TR, STM32WB05TZF6TR, STM32WB05TZF7TR, STM32WB06CCF6TR, STM32WB06CCF7TR, STM32WB06CCV6TR, STM32WB06CCV7TR, STM32WB06KCV6TR, STM32WB06KCV7TR, STM32WB07CCF6TR, STM32WB07CCF7TR, STM32WB07CCV6TR, STM32WB07CCV7TR, STM32WB07KCV6TR, STM32WB07KCV7TR, STM32WB09KEV6TR, STM32WB09KEV7TR, STM32WB09TEF6TR, STM32WB09TEF7TR, STM32WB1MMCH6, STM32WBA50KGU6, STM32WBA50KGU6TR, STM32WBA52CEU6, STM32WBA52CEU6TR, STM32WBA52CEU7, STM32WBA52CEU7TR, STM32WBA52CGU6, STM32WBA52CGU6TR, STM32WBA52CGU6U, STM32WBA52CGU7, STM32WBA52CGU7TR, STM32WBA52KEU6, STM32WBA52KEU6TR, STM32WBA52KGU6, STM32WBA52KGU6TR, STM32WBA54CEU6, STM32WBA54CEU6TR, STM32WBA54CEU7, STM32WBA54CEU7TR, STM32WBA54CGU6, STM32WBA54CGU6TR, STM32WBA54CGU7, STM32WBA54CGU7TR, STM32WBA54KEU6, STM32WBA54KEU6TR, STM32WBA54KEU7, STM32WBA54KEU7TR, STM32WBA54KGU6, STM32WBA54KGU6TR, STM32WBA54KGU7, STM32WBA54KGU7TR, STM32WBA55CEU6, STM32WBA55CEU6TR, STM32WBA55CEU7, STM32WBA55CEU7TR, STM32WBA55CGU6, STM32WBA55CGU6TR, STM32WBA55CGU6U, STM32WBA55CGU7, STM32WBA55CGU7TR, STM32WBA55G-DK1, STM32WBA55HEF6, STM32WBA55HEF7, STM32WBA55HGF6, STM32WBA55HGF7, STM32WBA55UEI6, STM32WBA55UEI6TR, STM32WBA55UEI7, STM32WBA55UEI7TR, STM32WBA55UGI6, STM32WBA55UGI6TR, STM32WBA55UGI7, STM32WBA55UGI7TR, STM32WBA5MMGH6TR, STM32WBA62MGF6, STM32WBA62MIF6, STM32WBA65MGF7, STM32WBA65MIF6, STM32WBA65MIF7, STM32WL30K8V6, STM32WL30KBV6, STM32WL31C8V6, STM32WL31CBV6, STM32WL31K8V6, STM32WL31KBV6, STM32WL33C8V6, STM32WL33C8V6X, STM32WL33CBV6, STM32WL33CBV6X, STM32WL33CCV6, STM32WL33CCV6A, STM32WL33CCV6X, STM32WL33K8V7, STM32WL33K8V7X, STM32WL33KBV7 , STM32WL33KBV7X, STM32WL33KCV7, STM32WL33KCV7X, STM32WL5MOCH6, STM32WL5MOCH6TR]
2025-10-07 19:16:39,460 [INFO] BoardInfo:889 - No configuration file found for board P-NUCLEO-WB55
2025-10-07 19:16:39,461 [INFO] DbBoards:161 - Kit is not supported: P-NUCLEO-WB55
2025-10-07 19:16:39,468 [INFO] BoardInfo:889 - No configuration file found for board STEVAL-BFA001V1B
2025-10-07 19:16:39,470 [INFO] DbBoards:161 - Kit is not supported: STEVAL-BFA001V1B
2025-10-07 19:16:39,470 [INFO] BoardInfo:889 - No configuration file found for board STEVAL-BFA001V2B
2025-10-07 19:16:39,472 [INFO] DbBoards:161 - Kit is not supported: STEVAL-BFA001V2B
2025-10-07 19:16:39,702 [INFO] DbBoards:168 - Found 212 boards, 209 are supported
2025-10-07 19:16:39,702 [INFO] DbBoards:169 - Found 212 boards, 43 of them is supported for  Bsp
2025-10-07 19:16:39,705 [INFO] ApiDb:668 - CubeFinder database Data Model version=2.1
2025-10-07 19:16:39,705 [INFO] ApiDb:669 - CubeFinder database Configuration version=3.0.39
2025-10-07 19:16:39,705 [INFO] ApiDb:670 - CubeFinder database generation date=2025-08-25 (1756130511)
2025-10-07 19:16:39,705 [INFO] ApiDb:671 - CubeFinder database FW Pack versions=[FP-ATR-ASTRA1_V2.0.0, FP-SNS-FLIGHT1_V5.1.0, FP-SNS-MOTENV1_V5.0.0, FP-SNS-MOTENVWB1_V1.4.0, FP-SNS-SMARTAG2_V1.2.0, FP-SNS-STBOX1_V2.1.0, STM32Cube_FW_C0_V1.4.0, STM32Cube_FW_F4_V1.28.3, STM32Cube_FW_F7_V1.17.4, STM32Cube_FW_G0_V1.6.2, STM32Cube_FW_G4_V1.6.1, STM32Cube_FW_H5_V1.5.0, STM32Cube_FW_H7RS_V1.2.0, STM32Cube_FW_H7_V1.12.1, STM32Cube_FW_L0_V1.12.2, STM32Cube_FW_L4_V1.18.1, STM32Cube_FW_L5_V1.5.1, STM32Cube_FW_N6_V1.2.0, STM32Cube_FW_U0_V1.3.0, STM32Cube_FW_U3_V1.2.0, STM32Cube_FW_U5_V1.8.0, STM32Cube_FW_WB0_V1.3.0, STM32Cube_FW_WBA_V1.7.0, STM32Cube_FW_WB_V1.23.0, STM32Cube_FW_WL3_V1.2.0, STM32Cube_FW_WL_V1.3.1, X-CUBE-ALGOBUILD_V1.4.0, X-CUBE-ALS_V1.0.2, X-CUBE-AZRTOS-F4_V1.1.0, X-CUBE-AZRTOS-F7_V1.1.0, X-CUBE-AZRTOS-G0_V1.1.0, X-CUBE-AZRTOS-G4_V2.0.0, X-CUBE-AZRTOS-H7RS_V1.1.0, X-CUBE-AZRTOS-H7_V3.4.0, X-CUBE-AZRTOS-L4_V2.0.0, X-CUBE-AZRTOS-L5_V2.0.0, X-CUBE-AZRTOS-WB_V2.0.0, X-CUBE-AZRTOS-WL_V2.0.0, X-CUBE-BLE1_V7.1.0, X-CUBE-BLE2_V3.3.0, X-CUBE-BLEMGR_V4.1.0, X-CUBE-EEPRMA1_V5.2.0, X-CUBE-FREERTOS_V1.3.1, X-CUBE-GNSS1_V6.0.0, X-CUBE-MEMS1_V11.3.0, X-CUBE-NFC4_V3.0.0, X-CUBE-NFC7_V2.0.0, X-CUBE-SFXS2LP1_V4.0.0, X-CUBE-ST67W61_V1.0.0, X-CUBE-SUBG2_V5.0.0, X-CUBE-TOF1_V3.4.3]
2025-10-07 19:16:41,588 [INFO] ApiDb:240 - Found 880 in-development CPN: [B-G473E-ZEST1S, B-WB1M-WPAN1, B-WBA5M-WPAN, B-WL5M-SUBG1, NUCLEO-C031C6, NUCLEO-C051C8, NUCLEO-C071RB, NUCLEO-C092RC, NUCLEO-H503RB, NUCLEO-H533RE, NUCLEO-H563ZI, NUCLEO-H7S3L8, NUCLEO-N657X0-Q, NUCLEO-U031R8, NUCLEO-U083RC, NUCLEO-U385RG-Q, NUCLEO-U545RE-Q, NUCLEO-U5A5ZJ-Q, NUCLEO-WB05KZ, NUCLEO-WB07CC, NUCLEO-WB09KE, NUCLEO-WBA52CG, NUCLEO-WBA55CG, NUCLEO-WL33CC1, NUCLEO-WL33CC2, STEVAL-PROTEUS1, STEVAL-SMARTAG2, STEVAL-STWINBX1, STM320518-EVAL, STM32C0116-DK, STM32C011D6Y3TR, STM32C011D6Y6TR, STM32C011F4P3, STM32C011F4P6, STM32C011F4U3, STM32C011F4U6TR, STM32C011F6P3, STM32C011F6P6, STM32C011F6U3, STM32C011F6U6TR, STM32C011J4M3, STM32C011J4M6, STM32C011J6M3, STM32C011J6M6, STM32C0316-DK, STM32C031C4T3, STM32C031C4T6, STM32C031C4U3, STM32C031C4U6, STM32C031C6T3, STM32C031C6T6, STM32C031C6U3, STM32C031C6U6, STM32C031F4P3, STM32C031F4P6, STM32C031F6P3, STM32C031F6P6, STM32C031G4U3, STM32C031G4U6, STM32C031G6U3, STM32C031G6U6, STM32C031K4T3, STM32C031K4T6, STM32C031K4U3, STM32C031K4U6, STM32C031K6T3, STM32C031K6T6, STM32C031K6U3, STM32C031K6U6, STM32C051C6T6, STM32C051C6U6, STM32C051C8T6, STM32C051C8U6, STM32C051D8Y6TR, STM32C051F6P6, STM32C051F8P6, STM32C051G6U6, STM32C051G8U6, STM32C051K6T6, STM32C051K6U6, STM32C051K8T6, STM32C071C8T6, STM32C071C8T6N, STM32C071C8U6, STM32C071C8U6N, STM32C071CBT6, STM32C071CBT6N, STM32C071CBU6, STM32C071CBU6N, STM32C071F8P6, STM32C071F8P6N, STM32C071FBP6, STM32C071FBP6N, STM32C071FBY6TR, STM32C071G8U6, STM32C071G8U6N, STM32C071GBU6, STM32C071GBU6N, STM32C071K8T6, STM32C071K8T6N, STM32C071K8U6, STM32C071K8U6N, STM32C071KBT6, STM32C071KBT6N, STM32C071KBU6, STM32C071KBU6N, STM32C071R8T6, STM32C071R8T6N, STM32C071RBI6N, STM32C071RBT6, STM32C071RBT6N, STM32C091CBT6, STM32C091CBU6, STM32C091CCT6, STM32C091CCU6, STM32C091ECY6TR, STM32C091FBP6, STM32C091FCP6, STM32C091GBU6, STM32C091GCU6, STM32C091KBT6, STM32C091KBU6, STM32C091KCT6, STM32C091KCU6, STM32C091RBT6, STM32C091RCI6, STM32C091RCT6, STM32C092CBT6, STM32C092CBU6, STM32C092CCT6, STM32C092CCU6, STM32C092ECY6TR, STM32C092FBP6, STM32C092FCP6, STM32C092GBU6, STM32C092GCU6, STM32C092KBT6, STM32C092KBU6, STM32C092KCT6, STM32C092KCU6, STM32C092RBT6, STM32C092RCI6, STM32C092RCT6, STM32G071K8TXN, STM32G071K8UXN, STM32G081GBU6N, STM32G081KBT6N, STM32G081KBUXN, STM32G0B1CCT6N, STM32G0B1KCT6, STM32G0B1NEY6TR, STM32G0B1RCT6N, STM32G0C1CCT6, STM32G0C1CCT6N, STM32G0C1CCU6N, STM32G0C1CET6N, STM32G0C1CEU6N, STM32G0C1KCT6, STM32G0C1NEY6TR, STM32G0C1RCI6N, STM32G0C1RCT6N, STM32G0C1REI6N, STM32G0C1RET6N, STM32G0C1VCI6, STM32G0C1VEI6, STM32G411C6T3, STM32G411C6T6, STM32G411C6U3, STM32G411C6U6, STM32G411C8T3, STM32G411C8T6, STM32G411C8U3, STM32G411C8U6, STM32G411CBT3, STM32G411CBT6, STM32G411CBU3, STM32G411CBU6, STM32G411K6T3, STM32G411K6T6, STM32G411K6U3, STM32G411K6U6, STM32G411K8T3, STM32G411K8T6, STM32G411K8U3, STM32G411K8U6, STM32G411KBT3, STM32G411KBT6, STM32G411KBU3, STM32G411KBU6, STM32G411M6T3, STM32G411M6T6, STM32G411M8T3, STM32G411M8T6, STM32G411MBT3, STM32G411MBT6, STM32G411R6T3, STM32G411R6T6, STM32G411R8T3, STM32G411R8T6, STM32G411RBT3, STM32G411RBT6, STM32G414CBT3, STM32G414CBT6, STM32G414CBU3, STM32G414CBU6, STM32G414CCT3, STM32G414CCT6, STM32G414CCU3, STM32G414CCU6, STM32G414MBT3, STM32G414MBT6, STM32G414MCT3, STM32G414MCT6, STM32G414RBT3, STM32G414RBT6, STM32G414RCT3, STM32G414RCT6, STM32G414VBT3, STM32G414VBT6, STM32G414VCT3, STM32G414VCT6, STM32G431CBT3Z, STM32G431RBT3Z, STM32G471CCT6, STM32G471CCU6, STM32G471CET3, STM32G471CET6, STM32G471CEU3, STM32G471CEU6, STM32G471MCT6, STM32G471MET3, STM32G471MET6, STM32G471MEY6TR, STM32G471QCT6, STM32G471QET3, STM32G471RCT6, STM32G471RET3, STM32G471RET6, STM32G471VCH6, STM32G471VCI6, STM32G471VCT6, STM32G471VEH3, STM32G471VEH6, STM32G471VEI3, STM32G471VEI6, STM32G471VET3, STM32G471VET6, STM32G473QET3Z, STM32G473RET3Z, STM32G474CCT6, STM32G491RET3Z, STM32H503CBT6, STM32H503CBU6, STM32H503EBY6TR, STM32H503KBU6, STM32H503RBT6, STM32H523CCT6, STM32H523CCU6, STM32H523CET6, STM32H523CEU6, STM32H523HEY6TR, STM32H523RCT6, STM32H523RET6, STM32H523VCI6, STM32H523VCT6, STM32H523VEI6, STM32H523VET6, STM32H523ZCJ6, STM32H523ZCT6, STM32H523ZEJ6, STM32H523ZET6, STM32H533CET6, STM32H533CEU6, STM32H533HEY6TR, STM32H533RET6, STM32H533VEI6, STM32H533VET6, STM32H533ZEJ6, STM32H533ZET6, STM32H562AGI6, STM32H562AII6, STM32H562IGK6, STM32H562IGT6, STM32H562IIK6, STM32H562IIT6, STM32H562RGT6, STM32H562RGV6, STM32H562RIT6, STM32H562RIV6, STM32H562VGT6, STM32H562VIT6, STM32H562ZGT6, STM32H562ZIT6, STM32H563AGI6, STM32H563AII3Q, STM32H563AII6, STM32H563IGK6, STM32H563IGT6, STM32H563IIK3Q, STM32H563IIK6, STM32H563IIT3Q, STM32H563IIT6, STM32H563MIY3QTR, STM32H563RGT6, STM32H563RGV6, STM32H563RIT6, STM32H563RIV6, STM32H563VGT6, STM32H563VIT3Q, STM32H563VIT6, STM32H563ZGT6, STM32H563ZIT3Q, STM32H563ZIT6, STM32H573AII3Q, STM32H573AII6, STM32H573I-DK, STM32H573IIK3Q, STM32H573IIK6, STM32H573IIT3Q, STM32H573IIT6, STM32H573MIY3QTR, STM32H573RIT6, STM32H573RIV6, STM32H573VIT3Q, STM32H573VIT6, STM32H573ZIT3Q, STM32H573ZIT6, STM32H7R3A8I6, STM32H7R3I8K6, STM32H7R3I8T6, STM32H7R3L8H6, STM32H7R3L8H6H, STM32H7R3R8V6, STM32H7R3V8H6, STM32H7R3V8T6, STM32H7R3V8Y6TR, STM32H7R3Z8J6, STM32H7R3Z8T6, STM32H7R7A8I6, STM32H7R7I8K6, STM32H7R7I8T6, STM32H7R7L8H6, STM32H7R7L8H6H, STM32H7R7Z8J6, STM32H7S3A8I6, STM32H7S3I8K6, STM32H7S3I8T6, STM32H7S3L8H6, STM32H7S3L8H6H, STM32H7S3R8V6, STM32H7S3V8H6, STM32H7S3V8T6, STM32H7S3V8Y6TR, STM32H7S3Z8J6, STM32H7S3Z8T6, STM32H7S78-DK, STM32H7S7A8I6, STM32H7S7I8K6, STM32H7S7I8T6, STM32H7S7L8H6, STM32H7S7L8H6H, STM32H7S7Z8J6, STM32L4R5QGI6STR, STM32MP131AAE3, STM32MP131AAF3, STM32MP131AAG3, STM32MP131CAE3, STM32MP131CAF3, STM32MP131CAG3, STM32MP131DAE7, STM32MP131DAF7, STM32MP131DAG7, STM32MP131FAE7, STM32MP131FAF7, STM32MP131FAG7, STM32MP133AAE3, STM32MP133AAF3, STM32MP133AAG3, STM32MP133CAE3, STM32MP133CAF3, STM32MP133CAG3, STM32MP133DAE7, STM32MP133DAF7, STM32MP133DAG7, STM32MP133FAE7, STM32MP133FAF7, STM32MP133FAG7, STM32MP135AAE3, STM32MP135AAF3, STM32MP135AAG3, STM32MP135CAE3, STM32MP135CAF3, STM32MP135CAG3, STM32MP135DAE7, STM32MP135DAF7, STM32MP135DAG7, STM32MP135F-DK, STM32MP135FAE7, STM32MP135FAF7, STM32MP135FAF7T, STM32MP135FAF7U, STM32MP135FAG7, STM32MP211AAL3, STM32MP211AAM3, STM32MP211AAN3, STM32MP211AAO3, STM32MP211CAL3, STM32MP211CAM3, STM32MP211CAN3, STM32MP211CAO3, STM32MP211DAL3, STM32MP211DAM3, STM32MP211DAN3, STM32MP211DAO3, STM32MP211FAL3, STM32MP211FAM3, STM32MP211FAN3, STM32MP211FAO3, STM32MP213AAL3, STM32MP213AAM3, STM32MP213AAN3, STM32MP213AAO3, STM32MP213CAL3, STM32MP213CAM3, STM32MP213CAN3, STM32MP213CAO3, STM32MP213DAL3, STM32MP213DAM3, STM32MP213DAN3, STM32MP213DAO3, STM32MP213FAL3, STM32MP213FAM3, STM32MP213FAN3, STM32MP213FAO3, STM32MP215AAL3, STM32MP215AAM3, STM32MP215AAN3, STM32MP215AAO3, STM32MP215CAL3, STM32MP215CAM3, STM32MP215CAN3, STM32MP215CAO3, STM32MP215DAL3, STM32MP215DAM3, STM32MP215DAN3, STM32MP215DAO3, STM32MP215F-DK, STM32MP215FAL3, STM32MP215FAM3, STM32MP215FAN3, STM32MP215FAO3, STM32MP231AAJ3, STM32MP231AAK3, STM32MP231AAL3, STM32MP231CAJ3, STM32MP231CAK3, STM32MP231CAL3, STM32MP231DAJ3, STM32MP231DAK3, STM32MP231DAL3, STM32MP231FAJ3, STM32MP231FAK3, STM32MP231FAL3, STM32MP233AAJ3, STM32MP233AAK3, STM32MP233AAL3, STM32MP233CAJ3, STM32MP233CAK3, STM32MP233CAL3, STM32MP233DAJ3, STM32MP233DAK3, STM32MP233DAL3, STM32MP233FAJ3, STM32MP233FAK3, STM32MP233FAL3, STM32MP235AAJ3, STM32MP235AAK3, STM32MP235AAL3, STM32MP235CAJ3, STM32MP235CAK3, STM32MP235CAL3, STM32MP235DAJ3, STM32MP235DAK3, STM32MP235DAL3, STM32MP235FAJ3, STM32MP235FAK3, STM32MP235FAL3, STM32MP251AAI3, STM32MP251AAK3, STM32MP251AAL3, STM32MP251CAI3, STM32MP251CAK3, STM32MP251CAL3, STM32MP251DAI3, STM32MP251DAK3, STM32MP251DAL3, STM32MP251FAI3, STM32MP251FAK3, STM32MP251FAL3, STM32MP253AAI3, STM32MP253AAK3, STM32MP253AAL3, STM32MP253CAI3, STM32MP253CAK3, STM32MP253CAL3, STM32MP253DAI3, STM32MP253DAK3, STM32MP253DAL3, STM32MP253FAI3, STM32MP253FAK3, STM32MP253FAL3, STM32MP255AAI3, STM32MP255AAK3, STM32MP255AAL3, STM32MP255CAI3, STM32MP255CAK3, STM32MP255CAL3, STM32MP255DAI3, STM32MP255DAK3, STM32MP255DAL3, STM32MP255FAI3, STM32MP255FAK3, STM32MP255FAL3, STM32MP257AAI3, STM32MP257AAK3, STM32MP257AAL3, STM32MP257CAI3, STM32MP257CAK3, STM32MP257CAL3, STM32MP257DAI3, STM32MP257DAK3, STM32MP257DAL3, STM32MP257F-DK, STM32MP257F-EV1, STM32MP257FAI3, STM32MP257FAK3, STM32MP257FAL3, STM32N645A0H3Q, STM32N645B0H3Q, STM32N645I0H3Q, STM32N645L0H3Q, STM32N645X0H3Q, STM32N645Z0H3Q, STM32N647A0H3Q, STM32N647B0H3Q, STM32N647I0H3Q, STM32N647L0H3Q, STM32N647X0H3Q, STM32N647Z0H3Q, STM32N655A0H3Q, STM32N655B0H3Q, STM32N655I0H3Q, STM32N655L0H3Q, STM32N655X0H3Q, STM32N655Z0H3Q, STM32N6570-DK, STM32N657A0H3Q, STM32N657B0H3Q, STM32N657I0H3Q, STM32N657L0H3Q, STM32N657X0H3Q, STM32N657Z0H3Q, STM32U031C6T6, STM32U031C6U6, STM32U031C8T6, STM32U031C8U6, STM32U031F4P6, STM32U031F6P6, STM32U031F8P6, STM32U031G6Y6TR, STM32U031G8Y6TR, STM32U031K4U6, STM32U031K6U6, STM32U031K8U6, STM32U031R6I6, STM32U031R6T6, STM32U031R8I6, STM32U031R8T6, STM32U073C8T6, STM32U073C8U6, STM32U073CBT6, STM32U073CBU6, STM32U073CCT6, STM32U073CCU6, STM32U073H8Y6TR, STM32U073HBY6TR, STM32U073HCY6TR, STM32U073K8U6, STM32U073KBU6, STM32U073KCU6, STM32U073M8I6, STM32U073M8T6, STM32U073MBI6, STM32U073MBT6, STM32U073MCI6, STM32U073MCT6, STM32U073R8I6, STM32U073R8T6, STM32U073RBI6, STM32U073RBT6, STM32U073RCI6, STM32U073RCT6, STM32U083C-DK, STM32U083CCT6, STM32U083CCU6, STM32U083HCY6TR, STM32U083KCU6, STM32U083MCI6, STM32U083MCT6, STM32U083RCI6, STM32U083RCT6, STM32U375CET6, STM32U375CET6Q, STM32U375CEU6, STM32U375CEU6Q, STM32U375CEY6QTR, STM32U375CGT6, STM32U375CGT6Q, STM32U375CGU6, STM32U375CGU6Q, STM32U375CGY6QTR, STM32U375KEU6, STM32U375KGU6, STM32U375REI6, STM32U375REI6Q, STM32U375RET6, STM32U375RET6Q, STM32U375REY6GTR, STM32U375REY6QTR, STM32U375RGI6, STM32U375RGI6Q, STM32U375RGT6, STM32U375RGT6Q, STM32U375RGY6GTR, STM32U375RGY6QTR, STM32U375VEI6, STM32U375VEI6Q, STM32U375VET6, STM32U375VET6Q, STM32U375VGI6, STM32U375VGI6Q, STM32U375VGT6, STM32U375VGT6Q, STM32U385CGT6, STM32U385CGT6Q, STM32U385CGU6, STM32U385CGU6Q, STM32U385CGY6QTR, STM32U385KGU6, STM32U385RGI6, STM32U385RGI6Q, STM32U385RGT6, STM32U385RGT6Q, STM32U385RGY6GTR, STM32U385RGY6QTR, STM32U385VGI6, STM32U385VGI6Q, STM32U385VGT6, STM32U385VGT6Q, STM32U535CBT6, STM32U535CBT6Q, STM32U535CBU6, STM32U535CBU6Q, STM32U535CCT6, STM32U535CCT6Q, STM32U535CCU6, STM32U535CCU6Q, STM32U535CET6, STM32U535CET6Q, STM32U535CEU6, STM32U535CEU6Q, STM32U535JEY6QTR, STM32U535NCY6QTR, STM32U535NEY6QTR, STM32U535RBI6, STM32U535RBI6Q, STM32U535RBT6, STM32U535RBT6Q, STM32U535RCI6, STM32U535RCI6Q, STM32U535RCT6, STM32U535RCT6Q, STM32U535REI6, STM32U535REI6Q, STM32U535RET6, STM32U535RET6Q, STM32U535VCI6, STM32U535VCI6Q, STM32U535VCT6, STM32U535VCT6Q, STM32U535VEI6, STM32U535VEI6Q, STM32U535VET6, STM32U535VET6Q, STM32U545CET6, STM32U545CET6Q, STM32U545CEU6, STM32U545CEU6Q, STM32U545JEY6QTR, STM32U545NEY6QTR, STM32U545REI6, STM32U545REI6Q, STM32U545RET6, STM32U545RET6Q, STM32U545VEI6, STM32U545VEI6Q, STM32U545VET6, STM32U545VET6Q, STM32U595AIH6, STM32U595AIH6Q, STM32U595AJH6, STM32U595AJH6Q, STM32U595QII6, STM32U595QII6Q, STM32U595QJI6, STM32U595QJI6Q, STM32U595RIT6, STM32U595RIT6Q, STM32U595RJT6, STM32U595RJT6Q, STM32U595VIT6, STM32U595VIT6Q, STM32U595VJT6, STM32U595VJT6Q, STM32U595ZIT6, STM32U595ZIT6Q, STM32U595ZIY6QTR, STM32U595ZJT6, STM32U595ZJT6Q, STM32U595ZJY6QTR, STM32U599BJY6QTR, STM32U599NIH6Q, STM32U599NJH6Q, STM32U599VIT6Q, STM32U599VJT6, STM32U599VJT6Q, STM32U599ZIT6Q, STM32U599ZIY6QTR, STM32U599ZJT6Q, STM32U599ZJY6QTR, STM32U5A5AJH6, STM32U5A5AJH6Q, STM32U5A5QII3Q , STM32U5A5QJI6, STM32U5A5QJI6Q, STM32U5A5RJT6, STM32U5A5RJT6Q, STM32U5A5VJT6, STM32U5A5VJT6Q, STM32U5A5ZJT6, STM32U5A5ZJT6Q, STM32U5A5ZJY6QTR, STM32U5A9BJY6QTR, STM32U5A9J-DK, STM32U5A9NJH6Q, STM32U5A9VJT6Q, STM32U5A9ZJT6Q, STM32U5A9ZJY6QTR, STM32U5F7VIT6, STM32U5F7VIT6Q, STM32U5F7VJT6, STM32U5F7VJT6Q, STM32U5F9BJY6QTR, STM32U5F9NJH6Q, STM32U5F9VIT6Q, STM32U5F9VJT6Q, STM32U5F9ZIJ6QTR, STM32U5F9ZIT6Q, STM32U5F9ZJJ6QTR, STM32U5F9ZJT6Q, STM32U5G7VJT6, STM32U5G7VJT6Q, STM32U5G9BJY6QTR, STM32U5G9J-DK1, STM32U5G9J-DK2, STM32U5G9NJH6Q, STM32U5G9VJT6Q, STM32U5G9ZJJ6QTR, STM32U5G9ZJT6Q, STM32WB05KZV6TR, STM32WB05KZV7TR, STM32WB05TZF6TR, STM32WB05TZF7TR, STM32WB06CCF6TR, STM32WB06CCF7TR, STM32WB06CCV6TR, STM32WB06CCV7TR, STM32WB06KCV6TR, STM32WB06KCV7TR, STM32WB07CCF6TR, STM32WB07CCF7TR, STM32WB07CCV6TR, STM32WB07CCV7TR, STM32WB07KCV6TR, STM32WB07KCV7TR, STM32WB09KEV6TR, STM32WB09KEV7TR, STM32WB09TEF6TR, STM32WB09TEF7TR, STM32WB1MMCH6, STM32WBA50KGU6, STM32WBA50KGU6TR, STM32WBA52CEU6, STM32WBA52CEU6TR, STM32WBA52CEU7, STM32WBA52CEU7TR, STM32WBA52CGU6, STM32WBA52CGU6TR, STM32WBA52CGU6U, STM32WBA52CGU7, STM32WBA52CGU7TR, STM32WBA52KEU6, STM32WBA52KEU6TR, STM32WBA52KGU6, STM32WBA52KGU6TR, STM32WBA54CEU6, STM32WBA54CEU6TR, STM32WBA54CEU7, STM32WBA54CEU7TR, STM32WBA54CGU6, STM32WBA54CGU6TR, STM32WBA54CGU7, STM32WBA54CGU7TR, STM32WBA54KEU6, STM32WBA54KEU6TR, STM32WBA54KEU7, STM32WBA54KEU7TR, STM32WBA54KGU6, STM32WBA54KGU6TR, STM32WBA54KGU7, STM32WBA54KGU7TR, STM32WBA55CEU6, STM32WBA55CEU6TR, STM32WBA55CEU7, STM32WBA55CEU7TR, STM32WBA55CGU6, STM32WBA55CGU6TR, STM32WBA55CGU6U, STM32WBA55CGU7, STM32WBA55CGU7TR, STM32WBA55G-DK1, STM32WBA55HEF6, STM32WBA55HEF7, STM32WBA55HGF6, STM32WBA55HGF7, STM32WBA55UEI6, STM32WBA55UEI6TR, STM32WBA55UEI7, STM32WBA55UEI7TR, STM32WBA55UGI6, STM32WBA55UGI6TR, STM32WBA55UGI7, STM32WBA55UGI7TR, STM32WBA5MMGH6TR, STM32WBA62MGF6, STM32WBA62MIF6, STM32WBA65MGF7, STM32WBA65MIF6, STM32WBA65MIF7, STM32WL30K8V6, STM32WL30KBV6, STM32WL31C8V6, STM32WL31CBV6, STM32WL31K8V6, STM32WL31KBV6, STM32WL33C8V6, STM32WL33C8V6X, STM32WL33CBV6, STM32WL33CBV6X, STM32WL33CCV6, STM32WL33CCV6A, STM32WL33CCV6X, STM32WL33K8V7, STM32WL33K8V7X, STM32WL33KBV7 , STM32WL33KBV7X, STM32WL33KCV7, STM32WL33KCV7X, STM32WL5MOCH6, STM32WL5MOCH6TR]
2025-10-07 19:16:41,593 [INFO] DbMcus:218 - Found 4801 MCUs, 4801 are supported
2025-10-07 19:16:41,595 [INFO] ApiDb:423 - Load user favorites file C:\Users\lucas/.stm32cubeide/favorites.mcus.txt: 2 item(s)
2025-10-07 19:16:41,595 [INFO] ApiDb:427 - User favorites MCUs=[STM32F103C8T6, STM32F407VGT6TR]
2025-10-07 19:16:41,596 [INFO] DbMcus:224 - Set 2 / 2 favorites MCUs
2025-10-07 19:16:41,919 [INFO] ApiDb:423 - Load user favorites file C:\Users\lucas/.stm32cubeide/favorites.boards.txt: 0 item(s)
2025-10-07 19:16:41,919 [INFO] ApiDb:427 - User favorites Boards=[]
2025-10-07 19:16:41,919 [INFO] DbBoards:198 - Set 0 / 0 favorites Boards
2025-10-07 19:16:41,985 [INFO] UtilMem:75 - End LoadConfig() Used Memory: 720362592 Bytes (924844032)
2025-10-07 19:16:42,144 [WARN] ThirdParty:833 - waiting for thirdparty lock release [change project]
2025-10-07 19:16:42,144 [INFO] ThirdParty:835 - entering critical section [change project]
2025-10-07 19:16:42,144 [INFO] ThirdParty:1030 - CMSIS Pack Vendor :STMicroelectronics X-CUBE-PM33A1 1.0.0
2025-10-07 19:16:42,145 [INFO] ThirdParty:1030 - CMSIS Pack Vendor :STMicroelectronics USBPD 4.1
2025-10-07 19:16:42,145 [INFO] ThirdParty:1030 - CMSIS Pack Vendor :STMicroelectronics X-CUBE-GNSS1 6.0.0
2025-10-07 19:16:42,145 [INFO] ThirdParty:1030 - CMSIS Pack Vendor :STMicroelectronics USB_HOST 2.0.0
2025-10-07 19:16:42,145 [INFO] ThirdParty:1030 - CMSIS Pack Vendor :STMicroelectronics FP-SNS-MOTENVWB1 1.4.0
2025-10-07 19:16:42,145 [INFO] ThirdParty:1030 - CMSIS Pack Vendor :STMicroelectronics X-CUBE-AZRTOS-F4 1.1.0
2025-10-07 19:16:42,145 [INFO] ThirdParty:1030 - CMSIS Pack Vendor :STMicroelectronics LIBJPEG 8.0.0
2025-10-07 19:16:42,145 [INFO] ThirdParty:1030 - CMSIS Pack Vendor :STMicroelectronics FP-ATR-ASTRA1 2.0.2
2025-10-07 19:16:42,145 [INFO] ThirdParty:1030 - CMSIS Pack Vendor :Avnet-IotConnect X-CUBE-IoTC-DA16k-PMOD 1.0.0
2025-10-07 19:16:42,145 [INFO] ThirdParty:1030 - CMSIS Pack Vendor :STMicroelectronics X-CUBE-SMBUS 2.1.0
2025-10-07 19:16:42,145 [INFO] ThirdParty:1030 - CMSIS Pack Vendor :STMicroelectronics X-CUBE-ISPU 2.1.0
2025-10-07 19:16:42,145 [INFO] ThirdParty:1030 - CMSIS Pack Vendor :STMicroelectronics X-CUBE-FREERTOS 1.2.0
2025-10-07 19:16:42,145 [INFO] ThirdParty:1030 - CMSIS Pack Vendor :STMicroelectronics X-CUBE-ST60 1.0.0
2025-10-07 19:16:42,145 [INFO] ThirdParty:1030 - CMSIS Pack Vendor :STMicroelectronics X-CUBE-NFC12 1.0.0
2025-10-07 19:16:42,145 [INFO] ThirdParty:1030 - CMSIS Pack Vendor :STMicroelectronics X-CUBE-TOUCHGFX 4.23.2
2025-10-07 19:16:42,145 [INFO] ThirdParty:1030 - CMSIS Pack Vendor :STMicroelectronics X-CUBE-AZRTOS-F7 1.1.0
2025-10-07 19:16:42,145 [INFO] ThirdParty:1030 - CMSIS Pack Vendor :STMicroelectronics X-CUBE-AZRTOS-L5 2.0.0
2025-10-07 19:16:42,145 [INFO] ThirdParty:1030 - CMSIS Pack Vendor :STMicroelectronics USB_DEVICE 2.0.0
2025-10-07 19:16:42,145 [INFO] ThirdParty:1030 - CMSIS Pack Vendor :STMicroelectronics X-CUBE-NFC6 3.1.0
2025-10-07 19:16:42,145 [INFO] ThirdParty:1030 - CMSIS Pack Vendor :STMicroelectronics FreeRTOS 0.0.1
2025-10-07 19:16:42,145 [INFO] ThirdParty:1030 - CMSIS Pack Vendor :STMicroelectronics FP-SNS-FLIGHT1 5.0.2
2025-10-07 19:16:42,145 [INFO] ThirdParty:1030 - CMSIS Pack Vendor :STMicroelectronics X-CUBE-AI 9.0.0
2025-10-07 19:16:42,145 [INFO] ThirdParty:1030 - CMSIS Pack Vendor :STMicroelectronics PDM2PCM 3.3.0
2025-10-07 19:16:42,146 [INFO] ThirdParty:1030 - CMSIS Pack Vendor :STMicroelectronics X-CUBE-AZRTOS-H7 3.4.0
2025-10-07 19:16:42,146 [INFO] ThirdParty:1030 - CMSIS Pack Vendor :STMicroelectronics X-CUBE-DISPLAY 3.0.0
2025-10-07 19:16:42,146 [INFO] ThirdParty:1030 - CMSIS Pack Vendor :STMicroelectronics X-CUBE-BLE1 7.0.0
2025-10-07 19:16:42,146 [INFO] ThirdParty:1030 - CMSIS Pack Vendor :STMicroelectronics X-CUBE-NFC10 1.0.0
2025-10-07 19:16:42,146 [INFO] ThirdParty:1030 - CMSIS Pack Vendor :STMicroelectronics X-CUBE-BLEMGR 4.0.0
2025-10-07 19:16:42,146 [INFO] ThirdParty:1030 - CMSIS Pack Vendor :STMicroelectronics X-CUBE-FREERTOS 1.3.1
2025-10-07 19:16:42,146 [INFO] ThirdParty:1030 - CMSIS Pack Vendor :STMicroelectronics HAL Drivers 0.0.0
2025-10-07 19:16:42,146 [INFO] ThirdParty:1030 - CMSIS Pack Vendor :emotas I-CUBE-CANOPEN 1.3.0
2025-10-07 19:16:42,146 [INFO] ThirdParty:1030 - CMSIS Pack Vendor :STMicroelectronics X-CUBE-NFC7 1.0.1
2025-10-07 19:16:42,146 [INFO] ThirdParty:1030 - CMSIS Pack Vendor :STMicroelectronics MBEDTLS 2.14.1
2025-10-07 19:16:42,146 [INFO] ThirdParty:1030 - CMSIS Pack Vendor :STMicroelectronics X-CUBE-TOUCHGFX 4.26.0
2025-10-07 19:16:42,146 [INFO] ThirdParty:1030 - CMSIS Pack Vendor :quantropi X-CUBE-qispace-sdk-base 2.0.0
2025-10-07 19:16:42,146 [INFO] ThirdParty:1030 - CMSIS Pack Vendor :STMicroelectronics X-CUBE-BLEMGR 3.1.0
2025-10-07 19:16:42,146 [INFO] ThirdParty:1030 - CMSIS Pack Vendor :STMicroelectronics FP-SNS-STBOX1 2.1.0
2025-10-07 19:16:42,146 [INFO] ThirdParty:1030 - CMSIS Pack Vendor :STMicroelectronics FP-SNS-STAIOTCFT 1.0.0
2025-10-07 19:16:42,146 [INFO] ThirdParty:1030 - CMSIS Pack Vendor :STMicroelectronics FP-SNS-SMARTAG2 1.2.0
2025-10-07 19:16:42,146 [INFO] ThirdParty:1030 - CMSIS Pack Vendor :STMicroelectronics FP-SNS-FLIGHT1 5.1.0
2025-10-07 19:16:42,146 [INFO] ThirdParty:1030 - CMSIS Pack Vendor :STMicroelectronics X-CUBE-AZRTOS-WL 2.0.0
2025-10-07 19:16:42,147 [INFO] ThirdParty:1030 - CMSIS Pack Vendor :STMicroelectronics X-CUBE-DPower 1.3.0
2025-10-07 19:16:42,147 [INFO] ThirdParty:1030 - CMSIS Pack Vendor :STMicroelectronics FP-SNS-MOTENV1 5.0.0
2025-10-07 19:16:42,147 [INFO] ThirdParty:1030 - CMSIS Pack Vendor :STMicroelectronics USB_DEVICE 1.0.0
2025-10-07 19:16:42,147 [INFO] ThirdParty:1030 - CMSIS Pack Vendor :STMicroelectronics X-CUBE-AZRTOS-L4 2.0.0
2025-10-07 19:16:42,147 [INFO] ThirdParty:1030 - CMSIS Pack Vendor :STMicroelectronics ThreadX 0.0.2
2025-10-07 19:16:42,147 [INFO] ThirdParty:1030 - CMSIS Pack Vendor :WES I-CUBE-Cesium 1.3.0
2025-10-07 19:16:42,147 [INFO] ThirdParty:1030 - CMSIS Pack Vendor :STMicroelectronics lwIP 2.1.2
2025-10-07 19:16:42,147 [INFO] ThirdParty:1030 - CMSIS Pack Vendor :STMicroelectronics X-CUBE-SFXS2LP1 4.0.0
2025-10-07 19:16:42,147 [INFO] ThirdParty:1030 - CMSIS Pack Vendor :STMicroelectronics X-CUBE-BLE2 3.3.0
2025-10-07 19:16:42,147 [INFO] ThirdParty:1030 - CMSIS Pack Vendor :STMicroelectronics PDM2PCM 3.2.0
2025-10-07 19:16:42,147 [INFO] ThirdParty:1030 - CMSIS Pack Vendor :STMicroelectronics X-CUBE-AZRTOS-H7 3.3.0
2025-10-07 19:16:42,147 [INFO] ThirdParty:1030 - CMSIS Pack Vendor :STMicroelectronics X-CUBE-NFC9 1.0.0
2025-10-07 19:16:42,147 [INFO] ThirdParty:1030 - CMSIS Pack Vendor :STMicroelectronics X-CUBE-BLE1 7.1.0
2025-10-07 19:16:42,147 [INFO] ThirdParty:1030 - CMSIS Pack Vendor :wolfSSL I-CUBE-wolfMQTT 1.19.2
2025-10-07 19:16:42,147 [INFO] ThirdParty:1030 - CMSIS Pack Vendor :STMicroelectronics USB_DEVICE 3.0.0
2025-10-07 19:16:42,147 [INFO] ThirdParty:1030 - CMSIS Pack Vendor :STMicroelectronics X-CUBE-TCPP 4.1.0
2025-10-07 19:16:42,147 [INFO] ThirdParty:1030 - CMSIS Pack Vendor :STMicroelectronics X-CUBE-AZRTOS-WB 2.0.0
2025-10-07 19:16:42,147 [INFO] ThirdParty:1030 - CMSIS Pack Vendor :STMicroelectronics X-CUBE-GNSS1 7.0.1
2025-10-07 19:16:42,147 [INFO] ThirdParty:1030 - CMSIS Pack Vendor :STMicroelectronics X-CUBE-TOUCHGFX 4.25.0
2025-10-07 19:16:42,147 [INFO] ThirdParty:1030 - CMSIS Pack Vendor :STMicroelectronics X-CUBE-AI 10.1.0
2025-10-07 19:16:42,147 [INFO] ThirdParty:1030 - CMSIS Pack Vendor :STMicroelectronics FP-SNS-STBOX1 2.0.0
2025-10-07 19:16:42,147 [INFO] ThirdParty:1030 - CMSIS Pack Vendor :STMicroelectronics X-CUBE-ALGOBUILD 1.3.0
2025-10-07 19:16:42,148 [INFO] ThirdParty:1030 - CMSIS Pack Vendor :STMicroelectronics X-CUBE-AZRTOS-G0 1.1.0
2025-10-07 19:16:42,148 [INFO] ThirdParty:1030 - CMSIS Pack Vendor :STMicroelectronics X-CUBE-SAFEA1 1.2.2
2025-10-07 19:16:42,148 [INFO] ThirdParty:1030 - CMSIS Pack Vendor :STMicroelectronics X-CUBE-NFC4 3.0.0
2025-10-07 19:16:42,148 [INFO] ThirdParty:1030 - CMSIS Pack Vendor :STMicroelectronics X-CUBE-SUBG2 5.0.0
2025-10-07 19:16:42,148 [INFO] ThirdParty:1030 - CMSIS Pack Vendor :STMicroelectronics X-CUBE-AZRTOS-H7RS 1.1.0
2025-10-07 19:16:42,148 [INFO] ThirdParty:1030 - CMSIS Pack Vendor :STMicroelectronics STM32_WPAN 1.0.0
2025-10-07 19:16:42,148 [INFO] ThirdParty:1030 - CMSIS Pack Vendor :EmbeddedOffice I-CUBE-FS-RTOS 1.0.1
2025-10-07 19:16:42,148 [INFO] ThirdParty:1030 - CMSIS Pack Vendor :STMicroelectronics lwIP 2.0.3
2025-10-07 19:16:42,148 [INFO] ThirdParty:1030 - CMSIS Pack Vendor :STMicroelectronics USB_HOST 1.0.0
2025-10-07 19:16:42,148 [INFO] ThirdParty:1030 - CMSIS Pack Vendor :STMicroelectronics X-CUBE-AZRTOS-G4 2.0.0
2025-10-07 19:16:42,148 [INFO] ThirdParty:1030 - CMSIS Pack Vendor :STMicroelectronics X-CUBE-WB05N 2.0.0
2025-10-07 19:16:42,148 [INFO] ThirdParty:1030 - CMSIS Pack Vendor :STMicroelectronics PDM2PCM 3.1.0
2025-10-07 19:16:42,148 [INFO] ThirdParty:1030 - CMSIS Pack Vendor :wolfSSL I-CUBE-wolfTPM 3.8.0
2025-10-07 19:16:42,148 [INFO] ThirdParty:1030 - CMSIS Pack Vendor :wolfSSL I-CUBE-wolfSSH 1.4.20
2025-10-07 19:16:42,148 [INFO] ThirdParty:1030 - CMSIS Pack Vendor :STMicroelectronics X-CUBE-NFC7 2.0.0
2025-10-07 19:16:42,148 [INFO] ThirdParty:1030 - CMSIS Pack Vendor :STMicroelectronics X-CUBE-TCPP 4.2.0
2025-10-07 19:16:42,148 [INFO] ThirdParty:1030 - CMSIS Pack Vendor :RealThread X-CUBE-RT-Thread_Nano 4.1.1
2025-10-07 19:16:42,148 [INFO] ThirdParty:1030 - CMSIS Pack Vendor :wolfSSL I-CUBE-wolfSSL 5.7.0
2025-10-07 19:16:42,148 [INFO] ThirdParty:1030 - CMSIS Pack Vendor :STMicroelectronics FP-ATR-SIGFOX1 3.2.0
2025-10-07 19:16:42,148 [INFO] ThirdParty:1030 - CMSIS Pack Vendor :STMicroelectronics X-CUBE-ISPU 2.0.0
2025-10-07 19:16:42,148 [INFO] ThirdParty:1030 - CMSIS Pack Vendor :STMicroelectronics X-CUBE-EEPRMA1 5.1.0
2025-10-07 19:16:42,148 [INFO] ThirdParty:1030 - CMSIS Pack Vendor :STMicroelectronics MBEDTLS 2.16.2
2025-10-07 19:16:42,148 [INFO] ThirdParty:1030 - CMSIS Pack Vendor :STMicroelectronics X-CUBE-IPS 3.1.0
2025-10-07 19:16:42,150 [INFO] ThirdParty:1030 - CMSIS Pack Vendor :STMicroelectronics X-CUBE-ALS 1.0.2
2025-10-07 19:16:42,150 [INFO] ThirdParty:1030 - CMSIS Pack Vendor :STMicroelectronics X-CUBE-MEMS1 10.0.0
2025-10-07 19:16:42,150 [INFO] ThirdParty:1030 - CMSIS Pack Vendor :ITTIA_DB I-CUBE-ITTIADB 8.9.0
2025-10-07 19:16:42,150 [INFO] ThirdParty:1030 - CMSIS Pack Vendor :STMicroelectronics X-CUBE-STSE01 1.0.0
2025-10-07 19:16:42,150 [INFO] ThirdParty:1030 - CMSIS Pack Vendor :portGmbH I-Cube-SoM-uGOAL 1.1.0
2025-10-07 19:16:42,150 [INFO] ThirdParty:1030 - CMSIS Pack Vendor :STMicroelectronics X-CUBE-ALS 1.0.1
2025-10-07 19:16:42,150 [INFO] ThirdParty:1030 - CMSIS Pack Vendor :STMicroelectronics X-CUBE-ST67W61 1.0.0
2025-10-07 19:16:42,150 [INFO] ThirdParty:1030 - CMSIS Pack Vendor :STMicroelectronics X-CUBE-AI 10.2.0
2025-10-07 19:16:42,150 [INFO] ThirdParty:1030 - CMSIS Pack Vendor :STMicroelectronics ThreadX 1.0.0
2025-10-07 19:16:42,150 [INFO] ThirdParty:1030 - CMSIS Pack Vendor :SEGGER I-CUBE-embOS 1.3.1
2025-10-07 19:16:42,150 [INFO] ThirdParty:1030 - CMSIS Pack Vendor :STMicroelectronics X-CUBE-ALGOBUILD 1.4.0
2025-10-07 19:16:42,150 [INFO] ThirdParty:1030 - CMSIS Pack Vendor :STMicroelectronics X-CUBE-MEMS1 11.3.0
2025-10-07 19:16:42,150 [INFO] ThirdParty:1030 - CMSIS Pack Vendor :STMicroelectronics X-CUBE-AZRTOS-H7RS 1.0.0
2025-10-07 19:16:42,150 [INFO] ThirdParty:1030 - CMSIS Pack Vendor :STMicroelectronics FP-ATR-ASTRA1 2.0.0
2025-10-07 19:16:42,151 [INFO] ThirdParty:1030 - CMSIS Pack Vendor :STMicroelectronics X-CUBE-TOF1 3.4.3
2025-10-07 19:16:42,151 [INFO] ThirdParty:1030 - CMSIS Pack Vendor :STMicroelectronics X-CUBE-TOF1 3.4.1
2025-10-07 19:16:42,151 [INFO] ThirdParty:1030 - CMSIS Pack Vendor :STMicroelectronics X-CUBE-AZRTOS-H7 3.2.0
2025-10-07 19:16:42,151 [INFO] ThirdParty:1030 - CMSIS Pack Vendor :Infineon AIROC-Wi-Fi-Bluetooth-STM32 1.6.0
2025-10-07 19:16:42,151 [INFO] ThirdParty:841 - exiting critical section [change project]
2025-10-07 19:16:42,358 [INFO] PinOutPanel:1589 - setPackage(No Configuration,No Configuration)
2025-10-07 19:16:42,359 [INFO] PinOutPanel:1589 - setPackage(STM32F103C6Tx,LQFP48)
2025-10-07 19:16:42,686 [INFO] UtilMem:75 - Before build in PCC Used Memory: 813046368 Bytes (924844032)
2025-10-07 19:16:43,311 [INFO] UtilMem:75 - After build in PCC Used Memory: 615641560 Bytes (924844032)
2025-10-07 19:16:43,330 [INFO] IPUIPlugin:80 - create IPUIPlugin
2025-10-07 19:16:43,330 [INFO] IPUIPlugin:80 - create IPUIPlugin
2025-10-07 19:16:43,330 [INFO] IPUIPlugin:80 - create IPUIPlugin
2025-10-07 19:16:43,330 [INFO] IPUIPlugin:80 - create IPUIPlugin
2025-10-07 19:16:43,330 [INFO] IPUIPlugin:80 - create IPUIPlugin
2025-10-07 19:16:43,331 [INFO] IPUIPlugin:80 - create IPUIPlugin
2025-10-07 19:16:43,331 [INFO] IPUIPlugin:80 - create IPUIPlugin
2025-10-07 19:16:43,331 [INFO] IPUIPlugin:80 - create IPUIPlugin
2025-10-07 19:16:43,331 [INFO] IPUIPlugin:80 - create IPUIPlugin
2025-10-07 19:16:43,331 [INFO] IPUIPlugin:80 - create IPUIPlugin
2025-10-07 19:16:43,331 [INFO] IPUIPlugin:80 - create IPUIPlugin
2025-10-07 19:16:43,331 [INFO] IPUIPlugin:80 - create IPUIPlugin
2025-10-07 19:16:43,331 [INFO] IPUIPlugin:80 - create IPUIPlugin
2025-10-07 19:16:43,331 [INFO] IPUIPlugin:80 - create IPUIPlugin
2025-10-07 19:16:43,331 [INFO] IPUIPlugin:80 - create IPUIPlugin
2025-10-07 19:16:43,331 [INFO] IPUIPlugin:80 - create IPUIPlugin
2025-10-07 19:16:43,331 [INFO] IPUIPlugin:80 - create IPUIPlugin
2025-10-07 19:16:43,331 [INFO] IPUIPlugin:80 - create IPUIPlugin
2025-10-07 19:16:43,332 [INFO] IPUIPlugin:80 - create IPUIPlugin
2025-10-07 19:16:43,332 [INFO] IPUIPlugin:80 - create IPUIPlugin
2025-10-07 19:16:43,332 [INFO] IPUIPlugin:80 - create IPUIPlugin
2025-10-07 19:16:43,332 [INFO] IPUIPlugin:80 - create IPUIPlugin
2025-10-07 19:16:43,332 [INFO] IPUIPlugin:80 - create IPUIPlugin
2025-10-07 19:16:43,497 [INFO] CADModel:165 - CPN selected for project levelSTM32F103C6T6A
2025-10-07 19:16:43,497 [INFO] CADModel:114 - Register for checkConnection events
2025-10-07 19:16:43,557 [INFO] OpenFileManager:386 - Restore cursor
2025-10-07 19:16:50,694 [INFO] ADCParametersView:116 -                Rank 1 : false
2025-10-07 19:16:50,757 [INFO] ADCParametersView:116 -                Rank 1 : false
2025-10-07 19:16:50,758 [INFO] ADCParametersView:116 -                Rank 1 : false
2025-10-07 19:16:50,758 [INFO] ADCParametersView:116 -                Rank 1 : false
2025-10-07 19:16:50,758 [INFO] ADCParametersView:116 -                Rank 1 : false
2025-10-07 19:16:50,758 [INFO] ADCParametersView:116 -                Rank 1 : false
2025-10-07 19:16:50,758 [INFO] ADCParametersView:116 -                Rank 1 : false
2025-10-07 19:16:50,758 [INFO] ADCParametersView:116 -                Rank 1 : false
2025-10-07 19:16:50,758 [INFO] ADCParametersView:116 -                Rank 1 : false
2025-10-07 19:16:50,758 [INFO] ADCParametersView:116 -                Rank 1 : false
2025-10-07 19:16:50,758 [INFO] ADCParametersView:116 -                Rank 1 : false
2025-10-07 19:16:50,763 [INFO] ADCParametersView:116 -                Rank 1 : false
2025-10-07 19:17:20,766 [INFO] NvicIntPanel:101 - NVIC parent = com.st.microxplorer.plugins.ip.nvic.MultiNvicIntPanel[,0,0,0x0,invalid,layout=javax.swing.BoxLayout,alignmentX=0.0,alignmentY=0.0,border=,flags=9,maximumSize=,minimumSize=,preferredSize=]
2025-10-07 19:17:20,843 [INFO] NvicIntPanel:101 - NVIC parent = com.st.microxplorer.plugins.ip.nvic.MultiNvicIntPanel[,0,0,0x0,invalid,layout=javax.swing.BoxLayout,alignmentX=0.0,alignmentY=0.0,border=,flags=9,maximumSize=,minimumSize=,preferredSize=]
2025-10-07 19:17:20,863 [INFO] ADCParametersView:116 -                Rank 1 : false
2025-10-07 19:17:20,867 [INFO] ADCParametersView:116 -                Rank 1 : false
2025-10-07 19:17:20,868 [INFO] ADCParametersView:116 -                Rank 1 : false
2025-10-07 19:17:20,868 [INFO] ADCParametersView:116 -                Rank 1 : false
2025-10-07 19:17:20,868 [INFO] ADCParametersView:116 -                Rank 1 : false
2025-10-07 19:17:20,868 [INFO] ADCParametersView:116 -                Rank 1 : false
2025-10-07 19:17:20,868 [INFO] ADCParametersView:116 -                Rank 1 : false
2025-10-07 19:17:20,868 [INFO] ADCParametersView:116 -                Rank 1 : false
2025-10-07 19:17:20,868 [INFO] ADCParametersView:116 -                Rank 1 : false
2025-10-07 19:17:20,870 [INFO] ADCParametersView:116 -                Rank 1 : false
2025-10-07 19:17:20,874 [INFO] ADCParametersView:116 -                Rank 1 : false
2025-10-07 19:24:03,805 [INFO] ADCParametersView:116 -                Rank 1 : false
2025-10-07 19:24:03,821 [INFO] ADCParametersView:116 -                Rank 1 : false
2025-10-07 19:24:03,821 [INFO] ADCParametersView:116 -                Rank 1 : false
2025-10-07 19:24:03,821 [INFO] ADCParametersView:116 -                Rank 1 : false
2025-10-07 19:24:03,821 [INFO] ADCParametersView:116 -                Rank 1 : false
2025-10-07 19:24:03,821 [INFO] ADCParametersView:116 -                Rank 1 : false
2025-10-07 19:24:03,821 [INFO] ADCParametersView:116 -                Rank 1 : false
2025-10-07 19:24:03,821 [INFO] ADCParametersView:116 -                Rank 1 : false
2025-10-07 19:24:03,821 [INFO] ADCParametersView:116 -                Rank 1 : false
2025-10-07 19:24:03,821 [INFO] ADCParametersView:116 -                Rank 1 : false
2025-10-07 19:24:03,824 [INFO] ADCParametersView:116 -                Rank 1 : false
2025-10-07 19:24:18,497 [INFO] NvicIntPanel:101 - NVIC parent = com.st.microxplorer.plugins.ip.nvic.MultiNvicIntPanel[,0,0,0x0,invalid,layout=javax.swing.BoxLayout,alignmentX=0.0,alignmentY=0.0,border=,flags=9,maximumSize=,minimumSize=,preferredSize=]
2025-10-07 19:24:18,517 [INFO] ADCParametersView:116 -                Rank 1 : false
2025-10-07 19:24:18,520 [INFO] ADCParametersView:116 -                Rank 1 : false
2025-10-07 19:24:18,520 [INFO] ADCParametersView:116 -                Rank 1 : false
2025-10-07 19:24:18,520 [INFO] ADCParametersView:116 -                Rank 1 : false
2025-10-07 19:24:18,520 [INFO] ADCParametersView:116 -                Rank 1 : false
2025-10-07 19:24:18,520 [INFO] ADCParametersView:116 -                Rank 1 : false
2025-10-07 19:24:18,520 [INFO] ADCParametersView:116 -                Rank 1 : false
2025-10-07 19:24:18,520 [INFO] ADCParametersView:116 -                Rank 1 : false
2025-10-07 19:24:18,520 [INFO] ADCParametersView:116 -                Rank 1 : false
2025-10-07 19:24:18,524 [INFO] ADCParametersView:116 -                Rank 1 : false
2025-10-07 19:24:22,832 [INFO] NvicIntPanel:101 - NVIC parent = com.st.microxplorer.plugins.ip.nvic.MultiNvicIntPanel[,0,0,0x0,invalid,layout=javax.swing.BoxLayout,alignmentX=0.0,alignmentY=0.0,border=,flags=9,maximumSize=,minimumSize=,preferredSize=]
2025-10-07 19:24:22,853 [INFO] ADCParametersView:116 -                Rank 1 : false
2025-10-07 19:24:22,855 [INFO] ADCParametersView:116 -                Rank 1 : false
2025-10-07 19:24:22,855 [INFO] ADCParametersView:116 -                Rank 1 : false
2025-10-07 19:24:22,855 [INFO] ADCParametersView:116 -                Rank 1 : false
2025-10-07 19:24:22,855 [INFO] ADCParametersView:116 -                Rank 1 : false
2025-10-07 19:24:22,855 [INFO] ADCParametersView:116 -                Rank 1 : false
2025-10-07 19:24:22,855 [INFO] ADCParametersView:116 -                Rank 1 : false
2025-10-07 19:24:22,855 [INFO] ADCParametersView:116 -                Rank 1 : false
2025-10-07 19:24:22,855 [INFO] ADCParametersView:116 -                Rank 1 : false
2025-10-07 19:24:22,859 [INFO] ADCParametersView:116 -                Rank 1 : false
2025-10-07 19:24:59,080 [INFO] ADCParametersView:116 -                Rank 1 : false
2025-10-07 19:24:59,081 [INFO] ADCParametersView:116 -                Rank 1 : false
2025-10-07 19:24:59,081 [INFO] ADCParametersView:116 -                Rank 1 : false
2025-10-07 19:24:59,081 [INFO] ADCParametersView:116 -                Rank 1 : false
2025-10-07 19:24:59,081 [INFO] ADCParametersView:116 -                Rank 1 : false
2025-10-07 19:24:59,081 [INFO] ADCParametersView:116 -                Rank 1 : false
2025-10-07 19:24:59,081 [INFO] ADCParametersView:116 -                Rank 1 : false
2025-10-07 19:24:59,081 [INFO] ADCParametersView:116 -                Rank 1 : false
2025-10-07 19:24:59,081 [INFO] ADCParametersView:116 -                Rank 1 : false
2025-10-07 19:24:59,085 [INFO] ADCParametersView:116 -                Rank 1 : false
2025-10-07 19:24:59,086 [INFO] ADCParametersView:116 -                Rank 1 : false
2025-10-07 19:24:59,086 [INFO] ADCParametersView:116 -                Rank 1 : false
2025-10-07 19:24:59,086 [INFO] ADCParametersView:116 -                Rank 1 : false
2025-10-07 19:24:59,087 [INFO] ADCParametersView:116 -                Rank 1 : false
2025-10-07 19:24:59,087 [INFO] ADCParametersView:116 -                Rank 1 : false
2025-10-07 19:24:59,087 [INFO] ADCParametersView:116 -                Rank 1 : false
2025-10-07 19:24:59,087 [INFO] ADCParametersView:116 -                Rank 1 : false
2025-10-07 19:24:59,087 [INFO] ADCParametersView:116 -                Rank 1 : false
2025-10-07 19:24:59,087 [INFO] ADCParametersView:116 -                Rank 1 : false
2025-10-07 19:24:59,089 [INFO] ADCParametersView:116 -                Rank 1 : false
2025-10-07 19:24:59,090 [INFO] ADCParametersView:116 -                Rank 1 : false
2025-10-07 19:24:59,091 [INFO] ADCParametersView:116 -                Rank 1 : false
2025-10-07 19:24:59,091 [INFO] ADCParametersView:116 -                Rank 1 : false
2025-10-07 19:24:59,091 [INFO] ADCParametersView:116 -                Rank 1 : false
2025-10-07 19:24:59,091 [INFO] ADCParametersView:116 -                Rank 1 : false
2025-10-07 19:24:59,092 [INFO] ADCParametersView:116 -                Rank 1 : false
2025-10-07 19:24:59,092 [INFO] ADCParametersView:116 -                Rank 1 : false
2025-10-07 19:24:59,092 [INFO] ADCParametersView:116 -                Rank 1 : false
2025-10-07 19:24:59,092 [INFO] ADCParametersView:116 -                Rank 1 : false
2025-10-07 19:24:59,094 [INFO] ADCParametersView:116 -                Rank 1 : false
2025-10-07 19:25:04,214 [INFO] NvicIntPanel:101 - NVIC parent = com.st.microxplorer.plugins.ip.nvic.MultiNvicIntPanel[,0,0,675x289,layout=javax.swing.BoxLayout,alignmentX=0.0,alignmentY=0.0,border=,flags=9,maximumSize=,minimumSize=,preferredSize=]
2025-10-07 19:25:10,953 [INFO] NvicIntPanel:101 - NVIC parent = com.st.microxplorer.plugins.ip.nvic.MultiNvicIntPanel[,0,0,0x0,invalid,layout=javax.swing.BoxLayout,alignmentX=0.0,alignmentY=0.0,border=,flags=9,maximumSize=,minimumSize=,preferredSize=]
2025-10-07 19:25:17,690 [INFO] ADCParametersView:116 -                Rank 1 : false
2025-10-07 19:25:17,691 [INFO] ADCParametersView:116 -                Rank 1 : false
2025-10-07 19:25:17,691 [INFO] ADCParametersView:116 -                Rank 1 : false
2025-10-07 19:25:17,691 [INFO] ADCParametersView:116 -                Rank 1 : false
2025-10-07 19:25:17,691 [INFO] ADCParametersView:116 -                Rank 1 : false
2025-10-07 19:25:17,691 [INFO] ADCParametersView:116 -                Rank 1 : false
2025-10-07 19:25:17,691 [INFO] ADCParametersView:116 -                Rank 1 : false
2025-10-07 19:25:17,691 [INFO] ADCParametersView:116 -                Rank 1 : false
2025-10-07 19:25:17,691 [INFO] ADCParametersView:116 -                Rank 1 : false
2025-10-07 19:25:17,691 [INFO] ADCParametersView:116 -                Rank 1 : false
2025-10-07 19:25:17,695 [INFO] ADCParametersView:116 -                Rank 1 : false
2025-10-07 19:25:17,706 [INFO] ADCParametersView:116 -                Rank 1 : false
2025-10-07 19:25:17,707 [INFO] ADCParametersView:116 -                Rank 1 : false
2025-10-07 19:25:17,707 [INFO] ADCParametersView:116 -                Rank 1 : false
2025-10-07 19:25:17,707 [INFO] ADCParametersView:116 -                Rank 1 : false
2025-10-07 19:25:17,708 [INFO] ADCParametersView:116 -                Rank 1 : false
2025-10-07 19:25:17,708 [INFO] ADCParametersView:116 -                Rank 1 : false
2025-10-07 19:25:17,708 [INFO] ADCParametersView:116 -                Rank 1 : false
2025-10-07 19:25:17,708 [INFO] ADCParametersView:116 -                Rank 1 : false
2025-10-07 19:25:17,708 [INFO] ADCParametersView:116 -                Rank 1 : false
2025-10-07 19:25:17,708 [INFO] ADCParametersView:116 -                Rank 1 : false
2025-10-07 19:25:17,710 [INFO] ADCParametersView:116 -                Rank 1 : false
2025-10-07 19:25:20,566 [INFO] NvicIntPanel:101 - NVIC parent = com.st.microxplorer.plugins.ip.nvic.MultiNvicIntPanel[,0,0,675x289,layout=javax.swing.BoxLayout,alignmentX=0.0,alignmentY=0.0,border=,flags=9,maximumSize=,minimumSize=,preferredSize=]
2025-10-07 19:25:23,217 [INFO] NvicIntPanel:101 - NVIC parent = com.st.microxplorer.plugins.ip.nvic.MultiNvicIntPanel[,0,0,0x0,invalid,layout=javax.swing.BoxLayout,alignmentX=0.0,alignmentY=0.0,border=,flags=9,maximumSize=,minimumSize=,preferredSize=]
2025-10-07 19:25:28,878 [INFO] ADCParametersView:116 -                Rank 1 : false
2025-10-07 19:25:28,879 [INFO] ADCParametersView:116 -                Rank 1 : false
2025-10-07 19:25:28,879 [INFO] ADCParametersView:116 -                Rank 1 : false
2025-10-07 19:25:28,879 [INFO] ADCParametersView:116 -                Rank 1 : false
2025-10-07 19:25:28,879 [INFO] ADCParametersView:116 -                Rank 1 : false
2025-10-07 19:25:28,879 [INFO] ADCParametersView:116 -                Rank 1 : false
2025-10-07 19:25:28,879 [INFO] ADCParametersView:116 -                Rank 1 : false
2025-10-07 19:25:28,879 [INFO] ADCParametersView:116 -                Rank 1 : false
2025-10-07 19:25:28,879 [INFO] ADCParametersView:116 -                Rank 1 : false
2025-10-07 19:25:28,881 [INFO] ADCParametersView:116 -                Rank 1 : false
2025-10-07 19:25:28,893 [INFO] ADCParametersView:116 -                Rank 1 : false
2025-10-07 19:25:28,894 [INFO] ADCParametersView:116 -                Rank 1 : false
2025-10-07 19:25:28,894 [INFO] ADCParametersView:116 -                Rank 1 : false
2025-10-07 19:25:28,894 [INFO] ADCParametersView:116 -                Rank 1 : false
2025-10-07 19:25:28,894 [INFO] ADCParametersView:116 -                Rank 1 : false
2025-10-07 19:25:28,894 [INFO] ADCParametersView:116 -                Rank 1 : false
2025-10-07 19:25:28,894 [INFO] ADCParametersView:116 -                Rank 1 : false
2025-10-07 19:25:28,894 [INFO] ADCParametersView:116 -                Rank 1 : false
2025-10-07 19:25:28,894 [INFO] ADCParametersView:116 -                Rank 1 : false
2025-10-07 19:25:28,898 [INFO] ADCParametersView:116 -                Rank 1 : false
2025-10-07 19:25:31,292 [INFO] NvicIntPanel:101 - NVIC parent = com.st.microxplorer.plugins.ip.nvic.MultiNvicIntPanel[,0,0,675x289,layout=javax.swing.BoxLayout,alignmentX=0.0,alignmentY=0.0,border=,flags=9,maximumSize=,minimumSize=,preferredSize=]
2025-10-07 19:25:43,537 [INFO] ADCParametersView:116 -                Rank 1 : false
2025-10-07 19:25:43,538 [INFO] ADCParametersView:116 -                Rank 1 : false
2025-10-07 19:25:43,539 [INFO] ADCParametersView:116 -                Rank 1 : false
2025-10-07 19:25:43,539 [INFO] ADCParametersView:116 -                Rank 1 : false
2025-10-07 19:25:43,539 [INFO] ADCParametersView:116 -                Rank 1 : false
2025-10-07 19:25:43,539 [INFO] ADCParametersView:116 -                Rank 1 : false
2025-10-07 19:25:43,539 [INFO] ADCParametersView:116 -                Rank 1 : false
2025-10-07 19:25:43,539 [INFO] ADCParametersView:116 -                Rank 1 : false
2025-10-07 19:25:43,539 [INFO] ADCParametersView:116 -                Rank 1 : false
2025-10-07 19:25:43,543 [INFO] ADCParametersView:116 -                Rank 1 : false
2025-10-07 19:27:22,188 [INFO] ADCParametersView:116 -                Rank 1 : false
2025-10-07 19:27:22,189 [INFO] ADCParametersView:116 -                Rank 1 : false
2025-10-07 19:27:22,189 [INFO] ADCParametersView:116 -                Rank 1 : false
2025-10-07 19:27:22,189 [INFO] ADCParametersView:116 -                Rank 1 : false
2025-10-07 19:27:22,189 [INFO] ADCParametersView:116 -                Rank 1 : false
2025-10-07 19:27:22,189 [INFO] ADCParametersView:116 -                Rank 1 : false
2025-10-07 19:27:22,189 [INFO] ADCParametersView:116 -                Rank 1 : false
2025-10-07 19:27:22,190 [INFO] ADCParametersView:116 -                Rank 1 : false
2025-10-07 19:27:22,190 [INFO] ADCParametersView:116 -                Rank 1 : false
2025-10-07 19:27:22,190 [INFO] ADCParametersView:116 -                Rank 1 : false
2025-10-07 19:27:22,192 [INFO] ADCParametersView:116 -                Rank 1 : false
2025-10-07 19:27:22,203 [INFO] ADCParametersView:116 -                Rank 1 : false
2025-10-07 19:27:22,204 [INFO] ADCParametersView:116 -                Rank 1 : false
2025-10-07 19:27:22,204 [INFO] ADCParametersView:116 -                Rank 1 : false
2025-10-07 19:27:22,204 [INFO] ADCParametersView:116 -                Rank 1 : false
2025-10-07 19:27:22,204 [INFO] ADCParametersView:116 -                Rank 1 : false
2025-10-07 19:27:22,204 [INFO] ADCParametersView:116 -                Rank 1 : false
2025-10-07 19:27:22,204 [INFO] ADCParametersView:116 -                Rank 1 : false
2025-10-07 19:27:22,204 [INFO] ADCParametersView:116 -                Rank 1 : false
2025-10-07 19:27:22,205 [INFO] ADCParametersView:116 -                Rank 1 : false
2025-10-07 19:27:22,205 [INFO] ADCParametersView:116 -                Rank 1 : false
2025-10-07 19:27:22,207 [INFO] ADCParametersView:116 -                Rank 1 : false
2025-10-07 19:30:05,351 [INFO] UtilMem:75 - End SaveConfig() Used Memory: 774977496 Bytes (1073741824)
2025-10-07 19:43:39,411 [INFO] MainUpdater:2872 - connection check result : 10
2025-10-07 19:43:39,411 [INFO] MainUpdater:2872 - connection check result : 10
2025-10-07 19:43:39,421 [INFO] MicroXplorer:468 - Change Database Path : 
2025-10-07 19:43:39,421 [INFO] MicroXplorer:498 - Change Database Version : DB.6.0.150
2025-10-07 19:43:39,430 [ERROR] ProjectManagerView:395 - 
java.lang.NullPointerException: Cannot invoke "javax.swing.JTextField.getText()" because the return value of "java.util.List.get(int)" is null
	at com.st.microxplorer.plugins.projectmanager.gui.ProjectChoiceTab$9.caretUpdate(ProjectChoiceTab.java:2706) ~[filemanager.jar:?]
	at javax.swing.text.JTextComponent.fireCaretUpdate(JTextComponent.java:408) ~[?:?]
	at javax.swing.text.JTextComponent$MutableCaretEvent.fire(JTextComponent.java:4484) ~[?:?]
	at javax.swing.text.JTextComponent$MutableCaretEvent.stateChanged(JTextComponent.java:4506) ~[?:?]
	at javax.swing.text.DefaultCaret.fireStateChanged(DefaultCaret.java:857) ~[?:?]
	at javax.swing.text.DefaultCaret.changeCaretPosition(DefaultCaret.java:1343) ~[?:?]
	at javax.swing.text.DefaultCaret.handleSetDot(DefaultCaret.java:1242) ~[?:?]
	at javax.swing.text.DefaultCaret.setDot(DefaultCaret.java:1223) ~[?:?]
	at javax.swing.text.DefaultCaret$Handler.insertUpdate(DefaultCaret.java:1819) ~[?:?]
	at javax.swing.text.AbstractDocument.fireInsertUpdate(AbstractDocument.java:227) ~[?:?]
	at javax.swing.text.AbstractDocument.handleInsertString(AbstractDocument.java:781) ~[?:?]
	at javax.swing.text.AbstractDocument.insertString(AbstractDocument.java:740) ~[?:?]
	at javax.swing.text.PlainDocument.insertString(PlainDocument.java:131) ~[?:?]
	at javax.swing.text.AbstractDocument.replace(AbstractDocument.java:699) ~[?:?]
	at javax.swing.text.JTextComponent.setText(JTextComponent.java:1725) ~[?:?]
	at com.st.microxplorer.plugins.projectmanager.gui.ProjectChoiceTab.createHeapStackFields(ProjectChoiceTab.java:993) ~[filemanager.jar:?]
	at com.st.microxplorer.plugins.projectmanager.gui.ProjectChoiceTab.buildLinkSettingsPanel(ProjectChoiceTab.java:3813) ~[filemanager.jar:?]
	at com.st.microxplorer.plugins.projectmanager.gui.ProjectChoiceTab.defineWindowsFields(ProjectChoiceTab.java:1987) ~[filemanager.jar:?]
	at com.st.microxplorer.plugins.projectmanager.gui.ProjectChoiceTab.updateSettings(ProjectChoiceTab.java:558) ~[filemanager.jar:?]
	at com.st.microxplorer.plugins.projectmanager.gui.ProjectSettingsPanel.UpdateDialog(ProjectSettingsPanel.java:247) ~[filemanager.jar:?]
	at com.st.microxplorer.plugins.projectmanager.ProjectManagerView.propertyChange(ProjectManagerView.java:392) ~[filemanager.jar:?]
	at java.beans.PropertyChangeSupport.fire(PropertyChangeSupport.java:343) ~[?:?]
	at java.beans.PropertyChangeSupport.firePropertyChange(PropertyChangeSupport.java:335) ~[?:?]
	at java.beans.PropertyChangeSupport.firePropertyChange(PropertyChangeSupport.java:268) ~[?:?]
	at com.st.microxplorer.util.MXPropertyChangeSupport.firePropertyChange(MXPropertyChangeSupport.java:54) ~[STM32CubeMX.jar:?]
	at com.st.microxplorer.mxsystem.MxSystem.closeConfig(MxSystem.java:899) ~[STM32CubeMX.jar:?]
	at com.st.microxplorer.maingui.MainPanel.closeConfig(MainPanel.java:792) ~[STM32CubeMX.jar:?]
	at com.st.microxplorer.plugins.filemanager.engine.OpenFileManager.loadConfigurationFile(OpenFileManager.java:288) ~[filemanager.jar:?]
	at com.st.microxplorer.plugins.filemanager.engine.MainFileManager.userLoadConfig(MainFileManager.java:364) ~[filemanager.jar:?]
	at com.st.microxplorer.plugins.filemanager.engine.MainFileManager.userLoadConfig(MainFileManager.java:342) ~[filemanager.jar:?]
	at com.st.microxplorer.plugins.filemanager.FileManagerView.getSpecificTask(FileManagerView.java:264) ~[filemanager.jar:?]
	at com.st.stm32cube.common.mx.editor.CubeMxEditor.getMxTabbedPaneInstance(CubeMxEditor.java:1198) ~[com.st.stm32cube.common.mx_6.15.0.202507011659/:?]
	at com.st.stm32cube.common.mx.editor.CubeMxEditor$12$1.createSwingComponent(CubeMxEditor.java:1068) ~[com.st.stm32cube.common.mx_6.15.0.202507011659/:?]
	at com.st.stm32cube.common.mx.oss.core.awtswtbridge.EmbeddedSwingComposite.doComponentCreation(EmbeddedSwingComposite.java:492) ~[com.st.stm32cube.common.mx.oss_6.15.0.202507011659/:?]
	at com.st.stm32cube.common.mx.oss.core.awtswtbridge.EmbeddedSwingComposite$4.run(EmbeddedSwingComposite.java:291) ~[com.st.stm32cube.common.mx.oss_6.15.0.202507011659/:?]
	at com.st.stm32cube.common.mx.oss.core.awtswtbridge.AwtEnvironment$2.run(AwtEnvironment.java:166) ~[com.st.stm32cube.common.mx.oss_6.15.0.202507011659/:?]
	at java.awt.event.InvocationEvent.dispatch(InvocationEvent.java:318) ~[?:?]
	at java.awt.EventQueue.dispatchEventImpl(EventQueue.java:773) ~[?:?]
	at java.awt.EventQueue$4.run(EventQueue.java:720) ~[?:?]
	at java.awt.EventQueue$4.run(EventQueue.java:714) ~[?:?]
	at java.security.AccessController.doPrivileged(AccessController.java:400) ~[?:?]
	at java.security.ProtectionDomain$JavaSecurityAccessImpl.doIntersectionPrivilege(ProtectionDomain.java:87) ~[?:?]
	at java.awt.EventQueue.dispatchEvent(EventQueue.java:742) ~[?:?]
	at java.awt.EventDispatchThread.pumpOneEventForFilters(EventDispatchThread.java:203) ~[?:?]
	at java.awt.EventDispatchThread.pumpEventsForFilter(EventDispatchThread.java:124) ~[?:?]
	at java.awt.EventDispatchThread.pumpEventsForHierarchy(EventDispatchThread.java:113) ~[?:?]
	at java.awt.EventDispatchThread.pumpEvents(EventDispatchThread.java:109) ~[?:?]
	at java.awt.EventDispatchThread.pumpEvents(EventDispatchThread.java:101) ~[?:?]
	at java.awt.EventDispatchThread.run(EventDispatchThread.java:90) ~[?:?]
2025-10-07 19:43:39,435 [WARN] ThirdParty:871 - waiting for thirdparty lock release [close project]
2025-10-07 19:43:39,435 [INFO] ThirdParty:873 - entering critical section [close project]
2025-10-07 19:43:39,435 [INFO] ThirdParty:883 - exiting critical section [close project]
2025-10-07 19:43:39,436 [INFO] PinOutPanel:1589 - setPackage(No Configuration,No Configuration)
2025-10-07 19:43:39,443 [INFO] UtilMem:75 - Begin LoadConfig() Used Memory: 335232048 Bytes (1073741824)
2025-10-07 19:43:39,443 [INFO] MicroXplorer:468 - Change Database Path : 
2025-10-07 19:43:39,443 [INFO] MicroXplorer:498 - Change Database Version : DB.6.0.150
2025-10-07 19:43:39,443 [INFO] OpenFileManager:355 - Change cursor
2025-10-07 19:43:39,457 [INFO] RulesReader:64 - Compatibility file has been processed (317 Rules)
2025-10-07 19:43:39,458 [INFO] Mcu:2029 - Initializing MCU STM32F103C(4-6)Tx STM32F103C6Tx STM32F103C6T6A
2025-10-07 19:43:39,721 [INFO] Context:786 - Trying to add GPIOservice into a context  which must be forbidden
2025-10-07 19:43:39,802 [INFO] ImportTextPane:234 - (OptionalMessage_ERROR) Pin35 (VP_RIF_VS_RIF1) cannot be retrieved for this MCU
2025-10-07 19:43:39,811 [INFO] RtosManager:558 - Registered RTOS mode: class=CMSIS, group=RTOS, mode=CMSIS_V1, owner=FREERTOS
2025-10-07 19:43:39,811 [INFO] RtosManager:558 - Registered RTOS mode: class=CMSIS, group=RTOS2, mode=CMSIS_V2, owner=FREERTOS
2025-10-07 19:43:39,811 [INFO] RtosManager:558 - Registered RTOS mode: class=RTOS, group=Core, mode=CMSIS_V1, owner=FREERTOS
2025-10-07 19:43:39,811 [INFO] RtosManager:558 - Registered RTOS mode: class=RTOS, group=Core, mode=CMSIS_V2, owner=FREERTOS
2025-10-07 19:43:39,811 [WARN] ModelIntegratedComponent:184 - Missing modes for component STMicroelectronics:FreeRTOS:0.0.1:STMicroelectronics:RTOS:FreeRTOS:Core:::10.2.0:
2025-10-07 19:43:39,814 [WARN] ModelIntegratedComponent:63 - No mode defined for component null
2025-10-07 19:43:39,814 [WARN] ModelIntegratedComponent:63 - No mode defined for component null
2025-10-07 19:43:39,814 [WARN] ModelIntegratedComponent:63 - No mode defined for component null
2025-10-07 19:43:39,814 [WARN] ModelIntegratedComponent:63 - No mode defined for component null
2025-10-07 19:43:39,814 [WARN] ModelIntegratedComponent:63 - No mode defined for component null
2025-10-07 19:43:39,814 [WARN] ModelIntegratedComponent:63 - No mode defined for component null
2025-10-07 19:43:39,814 [WARN] ModelIntegratedComponent:63 - No mode defined for component null
2025-10-07 19:43:39,815 [WARN] ModelIntegratedComponent:63 - No mode defined for component null
2025-10-07 19:43:39,815 [WARN] ModelIntegratedComponent:63 - No mode defined for component null
2025-10-07 19:43:39,815 [WARN] ModelIntegratedComponent:63 - No mode defined for component null
2025-10-07 19:43:39,815 [WARN] ModelIntegratedComponent:63 - No mode defined for component null
2025-10-07 19:43:39,815 [WARN] ModelIntegratedComponent:63 - No mode defined for component null
2025-10-07 19:43:39,815 [WARN] ModelIntegratedComponent:63 - No mode defined for component null
2025-10-07 19:43:39,815 [WARN] ModelIntegratedComponent:63 - No mode defined for component null
2025-10-07 19:43:39,815 [WARN] ModelIntegratedComponent:63 - No mode defined for component null
2025-10-07 19:43:39,815 [WARN] ModelIntegratedComponent:63 - No mode defined for component null
2025-10-07 19:43:39,815 [WARN] ModelIntegratedComponent:63 - No mode defined for component null
2025-10-07 19:43:39,815 [WARN] ModelIntegratedComponent:63 - No mode defined for component null
2025-10-07 19:43:39,815 [WARN] ModelIntegratedComponent:63 - No mode defined for component null
2025-10-07 19:43:39,815 [WARN] ModelIntegratedComponent:63 - No mode defined for component null
2025-10-07 19:43:39,815 [WARN] ModelIntegratedComponent:63 - No mode defined for component null
2025-10-07 19:43:39,815 [WARN] ModelIntegratedComponent:63 - No mode defined for component null
2025-10-07 19:43:39,815 [WARN] ModelIntegratedComponent:63 - No mode defined for component null
2025-10-07 19:43:39,815 [WARN] ModelIntegratedComponent:63 - No mode defined for component null
2025-10-07 19:43:39,815 [WARN] ModelIntegratedComponent:63 - No mode defined for component null
2025-10-07 19:43:39,815 [WARN] ModelIntegratedComponent:63 - No mode defined for component null
2025-10-07 19:43:39,815 [WARN] ModelIntegratedComponent:63 - No mode defined for component null
2025-10-07 19:43:39,815 [WARN] ModelIntegratedComponent:63 - No mode defined for component null
2025-10-07 19:43:39,815 [WARN] ModelIntegratedComponent:63 - No mode defined for component null
2025-10-07 19:43:39,816 [WARN] ModelIntegratedComponent:63 - No mode defined for component null
2025-10-07 19:43:39,816 [WARN] ModelIntegratedComponent:63 - No mode defined for component null
2025-10-07 19:43:39,816 [WARN] ModelIntegratedComponent:63 - No mode defined for component null
2025-10-07 19:43:39,816 [WARN] ModelIntegratedComponent:63 - No mode defined for component null
2025-10-07 19:43:39,816 [WARN] ModelIntegratedComponent:63 - No mode defined for component null
2025-10-07 19:43:39,816 [WARN] ModelIntegratedComponent:63 - No mode defined for component null
2025-10-07 19:43:39,816 [WARN] ModelPack:524 - Component already loaded: STMicroelectronics:HAL Drivers:0.0.0:STMicroelectronics:Device:STMicro_Driver:XSPI:HAL::0.0.1:HAL_XSPI
2025-10-07 19:43:39,914 [INFO] ThirdPartyModel:298 - Start build external matchings
2025-10-07 19:43:40,441 [INFO] ThirdPartyModel:316 - End build external matchings
2025-10-07 19:43:40,454 [INFO] ImportTextPane:234 - (OptionalMessage_ERROR) IP (RCC) : Invalid parameter (FamilyName)
2025-10-07 19:43:40,454 [INFO] ImportTextPane:234 - (OptionalMessage_ERROR) IP (RCC) : Parameter (MCOFreq_Value) has invalid value (72000000)
2025-10-07 19:43:40,455 [INFO] ImportTextPane:234 - (OptionalMessage_ERROR) IP (RCC) : Parameter (USBFreq_Value) has invalid value (72000000)
2025-10-07 19:43:40,557 [INFO] UtilMem:75 - End LoadConfig() Used Memory: 788231312 Bytes (1073741824)
2025-10-07 19:43:40,605 [WARN] ThirdParty:833 - waiting for thirdparty lock release [change project]
2025-10-07 19:43:40,605 [INFO] ThirdParty:835 - entering critical section [change project]
2025-10-07 19:43:40,605 [INFO] ThirdParty:1030 - CMSIS Pack Vendor :STMicroelectronics X-CUBE-PM33A1 1.0.0
2025-10-07 19:43:40,605 [INFO] ThirdParty:1030 - CMSIS Pack Vendor :STMicroelectronics USBPD 4.1
2025-10-07 19:43:40,605 [INFO] ThirdParty:1030 - CMSIS Pack Vendor :STMicroelectronics X-CUBE-GNSS1 6.0.0
2025-10-07 19:43:40,605 [INFO] ThirdParty:1030 - CMSIS Pack Vendor :STMicroelectronics USB_HOST 2.0.0
2025-10-07 19:43:40,605 [INFO] ThirdParty:1030 - CMSIS Pack Vendor :STMicroelectronics FP-SNS-MOTENVWB1 1.4.0
2025-10-07 19:43:40,605 [INFO] ThirdParty:1030 - CMSIS Pack Vendor :STMicroelectronics X-CUBE-AZRTOS-F4 1.1.0
2025-10-07 19:43:40,606 [INFO] ThirdParty:1030 - CMSIS Pack Vendor :STMicroelectronics LIBJPEG 8.0.0
2025-10-07 19:43:40,606 [INFO] ThirdParty:1030 - CMSIS Pack Vendor :STMicroelectronics FP-ATR-ASTRA1 2.0.2
2025-10-07 19:43:40,606 [INFO] ThirdParty:1030 - CMSIS Pack Vendor :Avnet-IotConnect X-CUBE-IoTC-DA16k-PMOD 1.0.0
2025-10-07 19:43:40,606 [INFO] ThirdParty:1030 - CMSIS Pack Vendor :STMicroelectronics X-CUBE-SMBUS 2.1.0
2025-10-07 19:43:40,606 [INFO] ThirdParty:1030 - CMSIS Pack Vendor :STMicroelectronics X-CUBE-ISPU 2.1.0
2025-10-07 19:43:40,606 [INFO] ThirdParty:1030 - CMSIS Pack Vendor :STMicroelectronics X-CUBE-FREERTOS 1.2.0
2025-10-07 19:43:40,606 [INFO] ThirdParty:1030 - CMSIS Pack Vendor :STMicroelectronics X-CUBE-ST60 1.0.0
2025-10-07 19:43:40,606 [INFO] ThirdParty:1030 - CMSIS Pack Vendor :STMicroelectronics X-CUBE-NFC12 1.0.0
2025-10-07 19:43:40,606 [INFO] ThirdParty:1030 - CMSIS Pack Vendor :STMicroelectronics X-CUBE-TOUCHGFX 4.23.2
2025-10-07 19:43:40,606 [INFO] ThirdParty:1030 - CMSIS Pack Vendor :STMicroelectronics X-CUBE-AZRTOS-F7 1.1.0
2025-10-07 19:43:40,606 [INFO] ThirdParty:1030 - CMSIS Pack Vendor :STMicroelectronics X-CUBE-AZRTOS-L5 2.0.0
2025-10-07 19:43:40,606 [INFO] ThirdParty:1030 - CMSIS Pack Vendor :STMicroelectronics USB_DEVICE 2.0.0
2025-10-07 19:43:40,606 [INFO] ThirdParty:1030 - CMSIS Pack Vendor :STMicroelectronics X-CUBE-NFC6 3.1.0
2025-10-07 19:43:40,606 [INFO] ThirdParty:1030 - CMSIS Pack Vendor :STMicroelectronics FreeRTOS 0.0.1
2025-10-07 19:43:40,606 [INFO] ThirdParty:1030 - CMSIS Pack Vendor :STMicroelectronics FP-SNS-FLIGHT1 5.0.2
2025-10-07 19:43:40,606 [INFO] ThirdParty:1030 - CMSIS Pack Vendor :STMicroelectronics X-CUBE-AI 9.0.0
2025-10-07 19:43:40,606 [INFO] ThirdParty:1030 - CMSIS Pack Vendor :STMicroelectronics PDM2PCM 3.3.0
2025-10-07 19:43:40,606 [INFO] ThirdParty:1030 - CMSIS Pack Vendor :STMicroelectronics X-CUBE-AZRTOS-H7 3.4.0
2025-10-07 19:43:40,606 [INFO] ThirdParty:1030 - CMSIS Pack Vendor :STMicroelectronics X-CUBE-DISPLAY 3.0.0
2025-10-07 19:43:40,606 [INFO] ThirdParty:1030 - CMSIS Pack Vendor :STMicroelectronics X-CUBE-BLE1 7.0.0
2025-10-07 19:43:40,606 [INFO] ThirdParty:1030 - CMSIS Pack Vendor :STMicroelectronics X-CUBE-NFC10 1.0.0
2025-10-07 19:43:40,606 [INFO] ThirdParty:1030 - CMSIS Pack Vendor :STMicroelectronics X-CUBE-BLEMGR 4.0.0
2025-10-07 19:43:40,606 [INFO] ThirdParty:1030 - CMSIS Pack Vendor :STMicroelectronics X-CUBE-FREERTOS 1.3.1
2025-10-07 19:43:40,606 [INFO] ThirdParty:1030 - CMSIS Pack Vendor :STMicroelectronics HAL Drivers 0.0.0
2025-10-07 19:43:40,606 [INFO] ThirdParty:1030 - CMSIS Pack Vendor :emotas I-CUBE-CANOPEN 1.3.0
2025-10-07 19:43:40,606 [INFO] ThirdParty:1030 - CMSIS Pack Vendor :STMicroelectronics X-CUBE-NFC7 1.0.1
2025-10-07 19:43:40,606 [INFO] ThirdParty:1030 - CMSIS Pack Vendor :STMicroelectronics MBEDTLS 2.14.1
2025-10-07 19:43:40,606 [INFO] ThirdParty:1030 - CMSIS Pack Vendor :STMicroelectronics X-CUBE-TOUCHGFX 4.26.0
2025-10-07 19:43:40,606 [INFO] ThirdParty:1030 - CMSIS Pack Vendor :quantropi X-CUBE-qispace-sdk-base 2.0.0
2025-10-07 19:43:40,606 [INFO] ThirdParty:1030 - CMSIS Pack Vendor :STMicroelectronics X-CUBE-BLEMGR 3.1.0
2025-10-07 19:43:40,606 [INFO] ThirdParty:1030 - CMSIS Pack Vendor :STMicroelectronics FP-SNS-STBOX1 2.1.0
2025-10-07 19:43:40,606 [INFO] ThirdParty:1030 - CMSIS Pack Vendor :STMicroelectronics FP-SNS-STAIOTCFT 1.0.0
2025-10-07 19:43:40,606 [INFO] ThirdParty:1030 - CMSIS Pack Vendor :STMicroelectronics FP-SNS-SMARTAG2 1.2.0
2025-10-07 19:43:40,606 [INFO] ThirdParty:1030 - CMSIS Pack Vendor :STMicroelectronics FP-SNS-FLIGHT1 5.1.0
2025-10-07 19:43:40,606 [INFO] ThirdParty:1030 - CMSIS Pack Vendor :STMicroelectronics X-CUBE-AZRTOS-WL 2.0.0
2025-10-07 19:43:40,606 [INFO] ThirdParty:1030 - CMSIS Pack Vendor :STMicroelectronics X-CUBE-DPower 1.3.0
2025-10-07 19:43:40,606 [INFO] ThirdParty:1030 - CMSIS Pack Vendor :STMicroelectronics FP-SNS-MOTENV1 5.0.0
2025-10-07 19:43:40,606 [INFO] ThirdParty:1030 - CMSIS Pack Vendor :STMicroelectronics USB_DEVICE 1.0.0
2025-10-07 19:43:40,606 [INFO] ThirdParty:1030 - CMSIS Pack Vendor :STMicroelectronics X-CUBE-AZRTOS-L4 2.0.0
2025-10-07 19:43:40,606 [INFO] ThirdParty:1030 - CMSIS Pack Vendor :STMicroelectronics ThreadX 0.0.2
2025-10-07 19:43:40,606 [INFO] ThirdParty:1030 - CMSIS Pack Vendor :WES I-CUBE-Cesium 1.3.0
2025-10-07 19:43:40,606 [INFO] ThirdParty:1030 - CMSIS Pack Vendor :STMicroelectronics lwIP 2.1.2
2025-10-07 19:43:40,606 [INFO] ThirdParty:1030 - CMSIS Pack Vendor :STMicroelectronics X-CUBE-SFXS2LP1 4.0.0
2025-10-07 19:43:40,607 [INFO] ThirdParty:1030 - CMSIS Pack Vendor :STMicroelectronics X-CUBE-BLE2 3.3.0
2025-10-07 19:43:40,607 [INFO] ThirdParty:1030 - CMSIS Pack Vendor :STMicroelectronics PDM2PCM 3.2.0
2025-10-07 19:43:40,607 [INFO] ThirdParty:1030 - CMSIS Pack Vendor :STMicroelectronics X-CUBE-AZRTOS-H7 3.3.0
2025-10-07 19:43:40,607 [INFO] ThirdParty:1030 - CMSIS Pack Vendor :STMicroelectronics X-CUBE-NFC9 1.0.0
2025-10-07 19:43:40,607 [INFO] ThirdParty:1030 - CMSIS Pack Vendor :STMicroelectronics X-CUBE-BLE1 7.1.0
2025-10-07 19:43:40,607 [INFO] ThirdParty:1030 - CMSIS Pack Vendor :wolfSSL I-CUBE-wolfMQTT 1.19.2
2025-10-07 19:43:40,607 [INFO] ThirdParty:1030 - CMSIS Pack Vendor :STMicroelectronics USB_DEVICE 3.0.0
2025-10-07 19:43:40,607 [INFO] ThirdParty:1030 - CMSIS Pack Vendor :STMicroelectronics X-CUBE-TCPP 4.1.0
2025-10-07 19:43:40,607 [INFO] ThirdParty:1030 - CMSIS Pack Vendor :STMicroelectronics X-CUBE-AZRTOS-WB 2.0.0
2025-10-07 19:43:40,607 [INFO] ThirdParty:1030 - CMSIS Pack Vendor :STMicroelectronics X-CUBE-GNSS1 7.0.1
2025-10-07 19:43:40,607 [INFO] ThirdParty:1030 - CMSIS Pack Vendor :STMicroelectronics X-CUBE-TOUCHGFX 4.25.0
2025-10-07 19:43:40,607 [INFO] ThirdParty:1030 - CMSIS Pack Vendor :STMicroelectronics X-CUBE-AI 10.1.0
2025-10-07 19:43:40,607 [INFO] ThirdParty:1030 - CMSIS Pack Vendor :STMicroelectronics FP-SNS-STBOX1 2.0.0
2025-10-07 19:43:40,607 [INFO] ThirdParty:1030 - CMSIS Pack Vendor :STMicroelectronics X-CUBE-ALGOBUILD 1.3.0
2025-10-07 19:43:40,607 [INFO] ThirdParty:1030 - CMSIS Pack Vendor :STMicroelectronics X-CUBE-AZRTOS-G0 1.1.0
2025-10-07 19:43:40,607 [INFO] ThirdParty:1030 - CMSIS Pack Vendor :STMicroelectronics X-CUBE-SAFEA1 1.2.2
2025-10-07 19:43:40,607 [INFO] ThirdParty:1030 - CMSIS Pack Vendor :STMicroelectronics X-CUBE-NFC4 3.0.0
2025-10-07 19:43:40,607 [INFO] ThirdParty:1030 - CMSIS Pack Vendor :STMicroelectronics X-CUBE-SUBG2 5.0.0
2025-10-07 19:43:40,607 [INFO] ThirdParty:1030 - CMSIS Pack Vendor :STMicroelectronics X-CUBE-AZRTOS-H7RS 1.1.0
2025-10-07 19:43:40,607 [INFO] ThirdParty:1030 - CMSIS Pack Vendor :STMicroelectronics STM32_WPAN 1.0.0
2025-10-07 19:43:40,607 [INFO] ThirdParty:1030 - CMSIS Pack Vendor :EmbeddedOffice I-CUBE-FS-RTOS 1.0.1
2025-10-07 19:43:40,607 [INFO] ThirdParty:1030 - CMSIS Pack Vendor :STMicroelectronics lwIP 2.0.3
2025-10-07 19:43:40,607 [INFO] ThirdParty:1030 - CMSIS Pack Vendor :STMicroelectronics USB_HOST 1.0.0
2025-10-07 19:43:40,608 [INFO] ThirdParty:1030 - CMSIS Pack Vendor :STMicroelectronics X-CUBE-AZRTOS-G4 2.0.0
2025-10-07 19:43:40,608 [INFO] ThirdParty:1030 - CMSIS Pack Vendor :STMicroelectronics X-CUBE-WB05N 2.0.0
2025-10-07 19:43:40,608 [INFO] ThirdParty:1030 - CMSIS Pack Vendor :STMicroelectronics PDM2PCM 3.1.0
2025-10-07 19:43:40,608 [INFO] ThirdParty:1030 - CMSIS Pack Vendor :wolfSSL I-CUBE-wolfTPM 3.8.0
2025-10-07 19:43:40,608 [INFO] ThirdParty:1030 - CMSIS Pack Vendor :wolfSSL I-CUBE-wolfSSH 1.4.20
2025-10-07 19:43:40,608 [INFO] ThirdParty:1030 - CMSIS Pack Vendor :STMicroelectronics X-CUBE-NFC7 2.0.0
2025-10-07 19:43:40,608 [INFO] ThirdParty:1030 - CMSIS Pack Vendor :STMicroelectronics X-CUBE-TCPP 4.2.0
2025-10-07 19:43:40,608 [INFO] ThirdParty:1030 - CMSIS Pack Vendor :RealThread X-CUBE-RT-Thread_Nano 4.1.1
2025-10-07 19:43:40,608 [INFO] ThirdParty:1030 - CMSIS Pack Vendor :wolfSSL I-CUBE-wolfSSL 5.7.0
2025-10-07 19:43:40,608 [INFO] ThirdParty:1030 - CMSIS Pack Vendor :STMicroelectronics FP-ATR-SIGFOX1 3.2.0
2025-10-07 19:43:40,608 [INFO] ThirdParty:1030 - CMSIS Pack Vendor :STMicroelectronics X-CUBE-ISPU 2.0.0
2025-10-07 19:43:40,608 [INFO] ThirdParty:1030 - CMSIS Pack Vendor :STMicroelectronics X-CUBE-EEPRMA1 5.1.0
2025-10-07 19:43:40,608 [INFO] ThirdParty:1030 - CMSIS Pack Vendor :STMicroelectronics MBEDTLS 2.16.2
2025-10-07 19:43:40,608 [INFO] ThirdParty:1030 - CMSIS Pack Vendor :STMicroelectronics X-CUBE-IPS 3.1.0
2025-10-07 19:43:40,608 [INFO] ThirdParty:1030 - CMSIS Pack Vendor :STMicroelectronics X-CUBE-ALS 1.0.2
2025-10-07 19:43:40,608 [INFO] ThirdParty:1030 - CMSIS Pack Vendor :STMicroelectronics X-CUBE-MEMS1 10.0.0
2025-10-07 19:43:40,608 [INFO] ThirdParty:1030 - CMSIS Pack Vendor :ITTIA_DB I-CUBE-ITTIADB 8.9.0
2025-10-07 19:43:40,608 [INFO] ThirdParty:1030 - CMSIS Pack Vendor :STMicroelectronics X-CUBE-STSE01 1.0.0
2025-10-07 19:43:40,608 [INFO] ThirdParty:1030 - CMSIS Pack Vendor :portGmbH I-Cube-SoM-uGOAL 1.1.0
2025-10-07 19:43:40,608 [INFO] ThirdParty:1030 - CMSIS Pack Vendor :STMicroelectronics X-CUBE-ALS 1.0.1
2025-10-07 19:43:40,608 [INFO] ThirdParty:1030 - CMSIS Pack Vendor :STMicroelectronics X-CUBE-ST67W61 1.0.0
2025-10-07 19:43:40,608 [INFO] ThirdParty:1030 - CMSIS Pack Vendor :STMicroelectronics X-CUBE-AI 10.2.0
2025-10-07 19:43:40,608 [INFO] ThirdParty:1030 - CMSIS Pack Vendor :STMicroelectronics ThreadX 1.0.0
2025-10-07 19:43:40,608 [INFO] ThirdParty:1030 - CMSIS Pack Vendor :SEGGER I-CUBE-embOS 1.3.1
2025-10-07 19:43:40,608 [INFO] ThirdParty:1030 - CMSIS Pack Vendor :STMicroelectronics X-CUBE-ALGOBUILD 1.4.0
2025-10-07 19:43:40,608 [INFO] ThirdParty:1030 - CMSIS Pack Vendor :STMicroelectronics X-CUBE-MEMS1 11.3.0
2025-10-07 19:43:40,608 [INFO] ThirdParty:1030 - CMSIS Pack Vendor :STMicroelectronics X-CUBE-AZRTOS-H7RS 1.0.0
2025-10-07 19:43:40,608 [INFO] ThirdParty:1030 - CMSIS Pack Vendor :STMicroelectronics FP-ATR-ASTRA1 2.0.0
2025-10-07 19:43:40,608 [INFO] ThirdParty:1030 - CMSIS Pack Vendor :STMicroelectronics X-CUBE-TOF1 3.4.3
2025-10-07 19:43:40,608 [INFO] ThirdParty:1030 - CMSIS Pack Vendor :STMicroelectronics X-CUBE-TOF1 3.4.1
2025-10-07 19:43:40,608 [INFO] ThirdParty:1030 - CMSIS Pack Vendor :STMicroelectronics X-CUBE-AZRTOS-H7 3.2.0
2025-10-07 19:43:40,608 [INFO] ThirdParty:1030 - CMSIS Pack Vendor :Infineon AIROC-Wi-Fi-Bluetooth-STM32 1.6.0
2025-10-07 19:43:40,608 [INFO] ThirdParty:841 - exiting critical section [change project]
2025-10-07 19:43:40,664 [INFO] PinOutPanel:1589 - setPackage(No Configuration,No Configuration)
2025-10-07 19:43:40,665 [INFO] PinOutPanel:1589 - setPackage(STM32F103C6Tx,LQFP48)
2025-10-07 19:43:40,849 [INFO] UtilMem:75 - Before build in PCC Used Memory: 298733776 Bytes (954204160)
2025-10-07 19:43:41,007 [INFO] UtilMem:75 - After build in PCC Used Memory: 340676816 Bytes (954204160)
2025-10-07 19:43:41,019 [INFO] IPUIPlugin:80 - create IPUIPlugin
2025-10-07 19:43:41,042 [INFO] IPUIPlugin:80 - create IPUIPlugin
2025-10-07 19:43:41,042 [INFO] IPUIPlugin:80 - create IPUIPlugin
2025-10-07 19:43:41,042 [INFO] IPUIPlugin:80 - create IPUIPlugin
2025-10-07 19:43:41,043 [INFO] IPUIPlugin:80 - create IPUIPlugin
2025-10-07 19:43:41,043 [INFO] IPUIPlugin:80 - create IPUIPlugin
2025-10-07 19:43:41,043 [INFO] IPUIPlugin:80 - create IPUIPlugin
2025-10-07 19:43:41,043 [INFO] IPUIPlugin:80 - create IPUIPlugin
2025-10-07 19:43:41,043 [INFO] IPUIPlugin:80 - create IPUIPlugin
2025-10-07 19:43:41,043 [INFO] IPUIPlugin:80 - create IPUIPlugin
2025-10-07 19:43:41,043 [INFO] IPUIPlugin:80 - create IPUIPlugin
2025-10-07 19:43:41,043 [INFO] IPUIPlugin:80 - create IPUIPlugin
2025-10-07 19:43:41,043 [INFO] IPUIPlugin:80 - create IPUIPlugin
2025-10-07 19:43:41,044 [INFO] IPUIPlugin:80 - create IPUIPlugin
2025-10-07 19:43:41,044 [INFO] IPUIPlugin:80 - create IPUIPlugin
2025-10-07 19:43:41,044 [INFO] IPUIPlugin:80 - create IPUIPlugin
2025-10-07 19:43:41,044 [INFO] IPUIPlugin:80 - create IPUIPlugin
2025-10-07 19:43:41,044 [INFO] IPUIPlugin:80 - create IPUIPlugin
2025-10-07 19:43:41,044 [INFO] IPUIPlugin:80 - create IPUIPlugin
2025-10-07 19:43:41,044 [INFO] IPUIPlugin:80 - create IPUIPlugin
2025-10-07 19:43:41,045 [INFO] IPUIPlugin:80 - create IPUIPlugin
2025-10-07 19:43:41,045 [INFO] IPUIPlugin:80 - create IPUIPlugin
2025-10-07 19:43:41,045 [INFO] IPUIPlugin:80 - create IPUIPlugin
2025-10-07 19:43:41,079 [INFO] CADModel:165 - CPN selected for project levelSTM32F103C6T6A
2025-10-07 19:43:41,079 [INFO] CADModel:114 - Register for checkConnection events
2025-10-07 19:43:41,140 [INFO] OpenFileManager:386 - Restore cursor
2025-10-07 19:43:54,843 [INFO] ADCParametersView:116 -                Rank 1 : false
2025-10-07 19:43:54,858 [INFO] ADCParametersView:116 -                Rank 1 : false
2025-10-07 19:43:54,859 [INFO] ADCParametersView:116 -                Rank 1 : false
2025-10-07 19:43:54,859 [INFO] ADCParametersView:116 -                Rank 1 : false
2025-10-07 19:43:54,859 [INFO] ADCParametersView:116 -                Rank 1 : false
2025-10-07 19:43:54,859 [INFO] ADCParametersView:116 -                Rank 1 : false
2025-10-07 19:43:54,859 [INFO] ADCParametersView:116 -                Rank 1 : false
2025-10-07 19:43:54,859 [INFO] ADCParametersView:116 -                Rank 1 : false
2025-10-07 19:43:54,859 [INFO] ADCParametersView:116 -                Rank 1 : false
2025-10-07 19:43:54,859 [INFO] ADCParametersView:116 -                Rank 1 : false
2025-10-07 19:43:54,859 [INFO] ADCParametersView:116 -                Rank 1 : false
2025-10-07 19:43:54,861 [INFO] ADCParametersView:116 -                Rank 1 : false
2025-10-07 19:44:50,542 [INFO] NvicIntPanel:101 - NVIC parent = com.st.microxplorer.plugins.ip.nvic.MultiNvicIntPanel[,0,0,0x0,invalid,layout=javax.swing.BoxLayout,alignmentX=0.0,alignmentY=0.0,border=,flags=9,maximumSize=,minimumSize=,preferredSize=]
2025-10-07 19:44:50,575 [INFO] ADCParametersView:116 -                Rank 1 : false
2025-10-07 19:44:50,575 [INFO] ADCParametersView:116 -                Rank 1 : false
2025-10-07 19:44:50,575 [INFO] ADCParametersView:116 -                Rank 1 : false
2025-10-07 19:44:50,575 [INFO] ADCParametersView:116 -                Rank 1 : false
2025-10-07 19:44:50,575 [INFO] ADCParametersView:116 -                Rank 1 : false
2025-10-07 19:44:50,576 [INFO] ADCParametersView:116 -                Rank 1 : false
2025-10-07 19:44:50,576 [INFO] ADCParametersView:116 -                Rank 1 : false
2025-10-07 19:44:50,576 [INFO] ADCParametersView:116 -                Rank 1 : false
2025-10-07 19:44:50,576 [INFO] ADCParametersView:116 -                Rank 1 : false
2025-10-07 19:44:50,576 [INFO] ADCParametersView:116 -                Rank 1 : false
2025-10-07 19:44:50,578 [INFO] ADCParametersView:116 -                Rank 1 : false
2025-10-07 19:44:50,596 [INFO] ADCParametersView:116 -                Rank 1 : false
2025-10-07 19:44:50,596 [INFO] ADCParametersView:116 -                Rank 1 : false
2025-10-07 19:44:50,596 [INFO] ADCParametersView:116 -                Rank 1 : false
2025-10-07 19:44:50,596 [INFO] ADCParametersView:116 -                Rank 1 : false
2025-10-07 19:44:50,596 [INFO] ADCParametersView:116 -                Rank 1 : false
2025-10-07 19:44:50,597 [INFO] ADCParametersView:116 -                Rank 1 : false
2025-10-07 19:44:50,597 [INFO] ADCParametersView:116 -                Rank 1 : false
2025-10-07 19:44:50,597 [INFO] ADCParametersView:116 -                Rank 1 : false
2025-10-07 19:44:50,597 [INFO] ADCParametersView:116 -                Rank 1 : false
2025-10-07 19:44:50,597 [INFO] ADCParametersView:116 -                Rank 1 : false
2025-10-07 19:44:50,600 [INFO] ADCParametersView:116 -                Rank 1 : false
2025-10-07 19:44:50,640 [INFO] ADCParametersView:116 -                Rank 1 : false
2025-10-07 19:44:50,641 [INFO] ADCParametersView:116 -                Rank 1 : false
2025-10-07 19:44:50,641 [INFO] ADCParametersView:116 -                Rank 1 : false
2025-10-07 19:44:50,641 [INFO] ADCParametersView:116 -                Rank 1 : false
2025-10-07 19:44:50,641 [INFO] ADCParametersView:116 -                Rank 1 : false
2025-10-07 19:44:50,641 [INFO] ADCParametersView:116 -                Rank 1 : false
2025-10-07 19:44:50,641 [INFO] ADCParametersView:116 -                Rank 1 : false
2025-10-07 19:44:50,641 [INFO] ADCParametersView:116 -                Rank 1 : false
2025-10-07 19:44:50,641 [INFO] ADCParametersView:116 -                Rank 1 : false
2025-10-07 19:44:50,641 [INFO] ADCParametersView:116 -                Rank 1 : false
2025-10-07 19:44:50,645 [INFO] ADCParametersView:116 -                Rank 1 : false
2025-10-07 19:44:50,657 [INFO] ADCParametersView:116 -                Rank 1 : false
2025-10-07 19:44:50,657 [INFO] ADCParametersView:116 -                Rank 1 : false
2025-10-07 19:44:50,657 [INFO] ADCParametersView:116 -                Rank 1 : false
2025-10-07 19:44:50,657 [INFO] ADCParametersView:116 -                Rank 1 : false
2025-10-07 19:44:50,657 [INFO] ADCParametersView:116 -                Rank 1 : false
2025-10-07 19:44:50,657 [INFO] ADCParametersView:116 -                Rank 1 : false
2025-10-07 19:44:50,657 [INFO] ADCParametersView:116 -                Rank 1 : false
2025-10-07 19:44:50,657 [INFO] ADCParametersView:116 -                Rank 1 : false
2025-10-07 19:44:50,657 [INFO] ADCParametersView:116 -                Rank 1 : false
2025-10-07 19:44:50,657 [INFO] ADCParametersView:116 -                Rank 1 : false
2025-10-07 19:44:50,660 [INFO] ADCParametersView:116 -                Rank 1 : false
2025-10-07 19:44:54,174 [INFO] ADCParametersView:116 -                Rank 1 : false
2025-10-07 19:44:54,174 [INFO] ADCParametersView:116 -                Rank 1 : false
2025-10-07 19:44:54,175 [INFO] ADCParametersView:116 -                Rank 1 : false
2025-10-07 19:44:54,175 [INFO] ADCParametersView:116 -                Rank 1 : false
2025-10-07 19:44:54,175 [INFO] ADCParametersView:116 -                Rank 1 : false
2025-10-07 19:44:54,175 [INFO] ADCParametersView:116 -                Rank 1 : false
2025-10-07 19:44:54,175 [INFO] ADCParametersView:116 -                Rank 1 : false
2025-10-07 19:44:54,175 [INFO] ADCParametersView:116 -                Rank 1 : false
2025-10-07 19:44:54,175 [INFO] ADCParametersView:116 -                Rank 1 : false
2025-10-07 19:44:54,175 [INFO] ADCParametersView:116 -                Rank 1 : false
2025-10-07 19:44:54,177 [INFO] ADCParametersView:116 -                Rank 1 : false
2025-10-07 19:44:54,188 [INFO] ADCParametersView:116 -                Rank 1 : false
2025-10-07 19:44:54,188 [INFO] ADCParametersView:116 -                Rank 1 : false
2025-10-07 19:44:54,188 [INFO] ADCParametersView:116 -                Rank 1 : false
2025-10-07 19:44:54,188 [INFO] ADCParametersView:116 -                Rank 1 : false
2025-10-07 19:44:54,188 [INFO] ADCParametersView:116 -                Rank 1 : false
2025-10-07 19:44:54,189 [INFO] ADCParametersView:116 -                Rank 1 : false
2025-10-07 19:44:54,189 [INFO] ADCParametersView:116 -                Rank 1 : false
2025-10-07 19:44:54,189 [INFO] ADCParametersView:116 -                Rank 1 : false
2025-10-07 19:44:54,189 [INFO] ADCParametersView:116 -                Rank 1 : false
2025-10-07 19:44:54,189 [INFO] ADCParametersView:116 -                Rank 1 : false
2025-10-07 19:44:54,192 [INFO] ADCParametersView:116 -                Rank 1 : false
2025-10-07 19:44:54,210 [INFO] ADCParametersView:116 -                Rank 1 : false
2025-10-07 19:44:54,210 [INFO] ADCParametersView:116 -                Rank 1 : false
2025-10-07 19:44:54,210 [INFO] ADCParametersView:116 -                Rank 1 : false
2025-10-07 19:44:54,210 [INFO] ADCParametersView:116 -                Rank 1 : false
2025-10-07 19:44:54,211 [INFO] ADCParametersView:116 -                Rank 1 : false
2025-10-07 19:44:54,211 [INFO] ADCParametersView:116 -                Rank 1 : false
2025-10-07 19:44:54,211 [INFO] ADCParametersView:116 -                Rank 1 : false
2025-10-07 19:44:54,211 [INFO] ADCParametersView:116 -                Rank 1 : false
2025-10-07 19:44:54,211 [INFO] ADCParametersView:116 -                Rank 1 : false
2025-10-07 19:44:54,211 [INFO] ADCParametersView:116 -                Rank 1 : false
2025-10-07 19:44:54,214 [INFO] ADCParametersView:116 -                Rank 1 : false
2025-10-07 19:44:54,226 [INFO] ADCParametersView:116 -                Rank 1 : false
2025-10-07 19:44:54,226 [INFO] ADCParametersView:116 -                Rank 1 : false
2025-10-07 19:44:54,226 [INFO] ADCParametersView:116 -                Rank 1 : false
2025-10-07 19:44:54,226 [INFO] ADCParametersView:116 -                Rank 1 : false
2025-10-07 19:44:54,226 [INFO] ADCParametersView:116 -                Rank 1 : false
2025-10-07 19:44:54,226 [INFO] ADCParametersView:116 -                Rank 1 : false
2025-10-07 19:44:54,226 [INFO] ADCParametersView:116 -                Rank 1 : false
2025-10-07 19:44:54,226 [INFO] ADCParametersView:116 -                Rank 1 : false
2025-10-07 19:44:54,226 [INFO] ADCParametersView:116 -                Rank 1 : false
2025-10-07 19:44:54,226 [INFO] ADCParametersView:116 -                Rank 1 : false
2025-10-07 19:44:54,228 [INFO] ADCParametersView:116 -                Rank 1 : false
2025-10-07 19:44:54,280 [INFO] ADCParametersView:116 -                Rank 1 : false
2025-10-07 19:44:54,280 [INFO] ADCParametersView:116 -                Rank 1 : false
2025-10-07 19:44:54,280 [INFO] ADCParametersView:116 -                Rank 1 : false
2025-10-07 19:44:54,280 [INFO] ADCParametersView:116 -                Rank 1 : false
2025-10-07 19:44:54,280 [INFO] ADCParametersView:116 -                Rank 1 : false
2025-10-07 19:44:54,281 [INFO] ADCParametersView:116 -                Rank 1 : false
2025-10-07 19:44:54,281 [INFO] ADCParametersView:116 -                Rank 1 : false
2025-10-07 19:44:54,281 [INFO] ADCParametersView:116 -                Rank 1 : false
2025-10-07 19:44:54,281 [INFO] ADCParametersView:116 -                Rank 1 : false
2025-10-07 19:44:54,281 [INFO] ADCParametersView:116 -                Rank 1 : false
2025-10-07 19:44:54,283 [INFO] ADCParametersView:116 -                Rank 1 : false
2025-10-07 19:44:54,293 [INFO] ADCParametersView:116 -                Rank 1 : false
2025-10-07 19:44:54,293 [INFO] ADCParametersView:116 -                Rank 1 : false
2025-10-07 19:44:54,293 [INFO] ADCParametersView:116 -                Rank 1 : false
2025-10-07 19:44:54,293 [INFO] ADCParametersView:116 -                Rank 1 : false
2025-10-07 19:44:54,293 [INFO] ADCParametersView:116 -                Rank 1 : false
2025-10-07 19:44:54,293 [INFO] ADCParametersView:116 -                Rank 1 : false
2025-10-07 19:44:54,293 [INFO] ADCParametersView:116 -                Rank 1 : false
2025-10-07 19:44:54,293 [INFO] ADCParametersView:116 -                Rank 1 : false
2025-10-07 19:44:54,293 [INFO] ADCParametersView:116 -                Rank 1 : false
2025-10-07 19:44:54,293 [INFO] ADCParametersView:116 -                Rank 1 : false
2025-10-07 19:44:54,295 [INFO] ADCParametersView:116 -                Rank 1 : false
2025-10-07 19:45:12,196 [INFO] ADCParametersView:116 -                Rank 1 : false
2025-10-07 19:45:12,200 [INFO] ADCParametersView:116 -                Rank 1 : false
2025-10-07 19:45:12,200 [INFO] ADCParametersView:116 -                Rank 1 : false
2025-10-07 19:45:12,200 [INFO] ADCParametersView:116 -                Rank 1 : false
2025-10-07 19:45:12,200 [INFO] ADCParametersView:116 -                Rank 1 : false
2025-10-07 19:45:12,200 [INFO] ADCParametersView:116 -                Rank 1 : false
2025-10-07 19:45:12,200 [INFO] ADCParametersView:116 -                Rank 1 : false
2025-10-07 19:45:12,200 [INFO] ADCParametersView:116 -                Rank 1 : false
2025-10-07 19:45:12,200 [INFO] ADCParametersView:116 -                Rank 1 : false
2025-10-07 19:45:12,200 [INFO] ADCParametersView:116 -                Rank 1 : false
2025-10-07 19:45:12,203 [INFO] ADCParametersView:116 -                Rank 1 : false
2025-10-07 19:45:12,213 [INFO] ADCParametersView:116 -                Rank 1 : false
2025-10-07 19:45:12,214 [INFO] ADCParametersView:116 -                Rank 1 : false
2025-10-07 19:45:12,214 [INFO] ADCParametersView:116 -                Rank 1 : false
2025-10-07 19:45:12,214 [INFO] ADCParametersView:116 -                Rank 1 : false
2025-10-07 19:45:12,214 [INFO] ADCParametersView:116 -                Rank 1 : false
2025-10-07 19:45:12,214 [INFO] ADCParametersView:116 -                Rank 1 : false
2025-10-07 19:45:12,214 [INFO] ADCParametersView:116 -                Rank 1 : false
2025-10-07 19:45:12,214 [INFO] ADCParametersView:116 -                Rank 1 : false
2025-10-07 19:45:12,215 [INFO] ADCParametersView:116 -                Rank 1 : false
2025-10-07 19:45:12,215 [INFO] ADCParametersView:116 -                Rank 1 : false
2025-10-07 19:45:12,217 [INFO] ADCParametersView:116 -                Rank 1 : false
2025-10-07 19:45:12,255 [INFO] ADCParametersView:116 -                Rank 1 : false
2025-10-07 19:45:12,255 [INFO] ADCParametersView:116 -                Rank 1 : false
2025-10-07 19:45:12,255 [INFO] ADCParametersView:116 -                Rank 1 : false
2025-10-07 19:45:12,256 [INFO] ADCParametersView:116 -                Rank 1 : false
2025-10-07 19:45:12,256 [INFO] ADCParametersView:116 -                Rank 1 : false
2025-10-07 19:45:12,256 [INFO] ADCParametersView:116 -                Rank 1 : false
2025-10-07 19:45:12,256 [INFO] ADCParametersView:116 -                Rank 1 : false
2025-10-07 19:45:12,256 [INFO] ADCParametersView:116 -                Rank 1 : false
2025-10-07 19:45:12,256 [INFO] ADCParametersView:116 -                Rank 1 : false
2025-10-07 19:45:12,256 [INFO] ADCParametersView:116 -                Rank 1 : false
2025-10-07 19:45:12,258 [INFO] ADCParametersView:116 -                Rank 1 : false
2025-10-07 19:45:23,860 [INFO] NvicIntPanel:101 - NVIC parent = com.st.microxplorer.plugins.ip.nvic.MultiNvicIntPanel[,0,0,0x0,invalid,layout=javax.swing.BoxLayout,alignmentX=0.0,alignmentY=0.0,border=,flags=9,maximumSize=,minimumSize=,preferredSize=]
2025-10-07 19:45:23,879 [INFO] ADCParametersView:116 -                Rank 1 : false
2025-10-07 19:45:23,881 [INFO] ADCParametersView:116 -                Rank 1 : false
2025-10-07 19:45:23,881 [INFO] ADCParametersView:116 -                Rank 1 : false
2025-10-07 19:45:23,881 [INFO] ADCParametersView:116 -                Rank 1 : false
2025-10-07 19:45:23,881 [INFO] ADCParametersView:116 -                Rank 1 : false
2025-10-07 19:45:23,881 [INFO] ADCParametersView:116 -                Rank 1 : false
2025-10-07 19:45:23,881 [INFO] ADCParametersView:116 -                Rank 1 : false
2025-10-07 19:45:23,881 [INFO] ADCParametersView:116 -                Rank 1 : false
2025-10-07 19:45:23,881 [INFO] ADCParametersView:116 -                Rank 1 : false
2025-10-07 19:45:23,882 [INFO] ADCParametersView:116 -                Rank 1 : false
2025-10-07 19:45:23,884 [INFO] ADCParametersView:116 -                Rank 1 : false
2025-10-07 19:46:13,040 [INFO] NvicIntPanel:101 - NVIC parent = com.st.microxplorer.plugins.ip.nvic.MultiNvicIntPanel[,0,0,0x0,invalid,layout=javax.swing.BoxLayout,alignmentX=0.0,alignmentY=0.0,border=,flags=9,maximumSize=,minimumSize=,preferredSize=]
2025-10-07 19:46:13,077 [INFO] NvicIntPanel:101 - NVIC parent = com.st.microxplorer.plugins.ip.nvic.MultiNvicIntPanel[,0,0,0x0,invalid,layout=javax.swing.BoxLayout,alignmentX=0.0,alignmentY=0.0,border=,flags=9,maximumSize=,minimumSize=,preferredSize=]
2025-10-07 19:46:13,093 [INFO] ADCParametersView:116 -                Rank 1 : false
2025-10-07 19:46:13,095 [INFO] ADCParametersView:116 -                Rank 1 : false
2025-10-07 19:46:13,096 [INFO] ADCParametersView:116 -                Rank 1 : false
2025-10-07 19:46:13,096 [INFO] ADCParametersView:116 -                Rank 1 : false
2025-10-07 19:46:13,096 [INFO] ADCParametersView:116 -                Rank 1 : false
2025-10-07 19:46:13,096 [INFO] ADCParametersView:116 -                Rank 1 : false
2025-10-07 19:46:13,096 [INFO] ADCParametersView:116 -                Rank 1 : false
2025-10-07 19:46:13,096 [INFO] ADCParametersView:116 -                Rank 1 : false
2025-10-07 19:46:13,096 [INFO] ADCParametersView:116 -                Rank 1 : false
2025-10-07 19:46:13,096 [INFO] ADCParametersView:116 -                Rank 1 : false
2025-10-07 19:46:13,099 [INFO] ADCParametersView:116 -                Rank 1 : false
2025-10-07 19:46:21,217 [INFO] ParamManager:905 - [Generic UI] PropertyChangeEvent: TAB_STATUS_CHANGED , "dont care", "never mind"
2025-10-07 19:46:21,231 [INFO] NvicIntPanel:101 - NVIC parent = com.st.microxplorer.plugins.ip.nvic.MultiNvicIntPanel[,0,0,0x0,invalid,layout=javax.swing.BoxLayout,alignmentX=0.0,alignmentY=0.0,border=,flags=9,maximumSize=,minimumSize=,preferredSize=]
2025-10-07 19:46:21,256 [INFO] ADCParametersView:116 -                Rank 1 : false
2025-10-07 19:46:21,257 [INFO] ADCParametersView:116 -                Rank 1 : false
2025-10-07 19:46:21,257 [INFO] ADCParametersView:116 -                Rank 1 : false
2025-10-07 19:46:21,257 [INFO] ADCParametersView:116 -                Rank 1 : false
2025-10-07 19:46:21,257 [INFO] ADCParametersView:116 -                Rank 1 : false
2025-10-07 19:46:21,257 [INFO] ADCParametersView:116 -                Rank 1 : false
2025-10-07 19:46:21,257 [INFO] ADCParametersView:116 -                Rank 1 : false
2025-10-07 19:46:21,258 [INFO] ADCParametersView:116 -                Rank 1 : false
2025-10-07 19:46:21,258 [INFO] ADCParametersView:116 -                Rank 1 : false
2025-10-07 19:46:21,258 [INFO] ADCParametersView:116 -                Rank 1 : false
2025-10-07 19:46:21,261 [INFO] ADCParametersView:116 -                Rank 1 : false
2025-10-07 19:46:21,273 [INFO] ADCParametersView:116 -                Rank 1 : false
2025-10-07 19:46:21,275 [INFO] ADCParametersView:116 -                Rank 1 : false
2025-10-07 19:46:21,275 [INFO] ADCParametersView:116 -                Rank 1 : false
2025-10-07 19:46:21,275 [INFO] ADCParametersView:116 -                Rank 1 : false
2025-10-07 19:46:21,275 [INFO] ADCParametersView:116 -                Rank 1 : false
2025-10-07 19:46:21,275 [INFO] ADCParametersView:116 -                Rank 1 : false
2025-10-07 19:46:21,275 [INFO] ADCParametersView:116 -                Rank 1 : false
2025-10-07 19:46:21,275 [INFO] ADCParametersView:116 -                Rank 1 : false
2025-10-07 19:46:21,275 [INFO] ADCParametersView:116 -                Rank 1 : false
2025-10-07 19:46:21,275 [INFO] ADCParametersView:116 -                Rank 1 : false
2025-10-07 19:46:21,277 [INFO] ADCParametersView:116 -                Rank 1 : false
2025-10-07 19:46:21,312 [INFO] ADCParametersView:116 -                Rank 1 : false
2025-10-07 19:46:21,313 [INFO] ADCParametersView:116 -                Rank 1 : false
2025-10-07 19:46:21,313 [INFO] ADCParametersView:116 -                Rank 1 : false
2025-10-07 19:46:21,313 [INFO] ADCParametersView:116 -                Rank 1 : false
2025-10-07 19:46:21,313 [INFO] ADCParametersView:116 -                Rank 1 : false
2025-10-07 19:46:21,313 [INFO] ADCParametersView:116 -                Rank 1 : false
2025-10-07 19:46:21,313 [INFO] ADCParametersView:116 -                Rank 1 : false
2025-10-07 19:46:21,313 [INFO] ADCParametersView:116 -                Rank 1 : false
2025-10-07 19:46:21,313 [INFO] ADCParametersView:116 -                Rank 1 : false
2025-10-07 19:46:21,313 [INFO] ADCParametersView:116 -                Rank 1 : false
2025-10-07 19:46:21,317 [INFO] ADCParametersView:116 -                Rank 1 : false
2025-10-07 19:46:21,326 [INFO] ADCParametersView:116 -                Rank 1 : false
2025-10-07 19:46:21,327 [INFO] ADCParametersView:116 -                Rank 1 : false
2025-10-07 19:46:21,327 [INFO] ADCParametersView:116 -                Rank 1 : false
2025-10-07 19:46:21,327 [INFO] ADCParametersView:116 -                Rank 1 : false
2025-10-07 19:46:21,327 [INFO] ADCParametersView:116 -                Rank 1 : false
2025-10-07 19:46:21,327 [INFO] ADCParametersView:116 -                Rank 1 : false
2025-10-07 19:46:21,327 [INFO] ADCParametersView:116 -                Rank 1 : false
2025-10-07 19:46:21,327 [INFO] ADCParametersView:116 -                Rank 1 : false
2025-10-07 19:46:21,327 [INFO] ADCParametersView:116 -                Rank 1 : false
2025-10-07 19:46:21,327 [INFO] ADCParametersView:116 -                Rank 1 : false
2025-10-07 19:46:21,330 [INFO] ADCParametersView:116 -                Rank 1 : false
2025-10-07 19:46:26,234 [INFO] ADCParametersView:116 -                Rank 1 : false
2025-10-07 19:46:26,235 [INFO] ADCParametersView:116 -                Rank 1 : false
2025-10-07 19:46:26,235 [INFO] ADCParametersView:116 -                Rank 1 : false
2025-10-07 19:46:26,235 [INFO] ADCParametersView:116 -                Rank 1 : false
2025-10-07 19:46:26,235 [INFO] ADCParametersView:116 -                Rank 1 : false
2025-10-07 19:46:26,235 [INFO] ADCParametersView:116 -                Rank 1 : false
2025-10-07 19:46:26,235 [INFO] ADCParametersView:116 -                Rank 1 : false
2025-10-07 19:46:26,235 [INFO] ADCParametersView:116 -                Rank 1 : false
2025-10-07 19:46:26,235 [INFO] ADCParametersView:116 -                Rank 1 : false
2025-10-07 19:46:26,235 [INFO] ADCParametersView:116 -                Rank 1 : false
2025-10-07 19:46:26,238 [INFO] ADCParametersView:116 -                Rank 1 : false
2025-10-07 19:46:31,708 [INFO] ADCParametersView:116 -                Rank 1 : false
2025-10-07 19:46:31,712 [INFO] ADCParametersView:116 -                Rank 1 : false
2025-10-07 19:46:31,712 [INFO] ADCParametersView:116 -                Rank 1 : false
2025-10-07 19:46:31,712 [INFO] ADCParametersView:116 -                Rank 1 : false
2025-10-07 19:46:31,712 [INFO] ADCParametersView:116 -                Rank 1 : false
2025-10-07 19:46:31,712 [INFO] ADCParametersView:116 -                Rank 1 : false
2025-10-07 19:46:31,712 [INFO] ADCParametersView:116 -                Rank 1 : false
2025-10-07 19:46:31,712 [INFO] ADCParametersView:116 -                Rank 1 : false
2025-10-07 19:46:31,712 [INFO] ADCParametersView:116 -                Rank 1 : false
2025-10-07 19:46:31,712 [INFO] ADCParametersView:116 -                Rank 1 : false
2025-10-07 19:46:31,714 [INFO] ADCParametersView:116 -                Rank 1 : false
2025-10-07 19:46:31,726 [INFO] ADCParametersView:116 -                Rank 1 : false
2025-10-07 19:46:31,727 [INFO] ADCParametersView:116 -                Rank 1 : false
2025-10-07 19:46:31,727 [INFO] ADCParametersView:116 -                Rank 1 : false
2025-10-07 19:46:31,727 [INFO] ADCParametersView:116 -                Rank 1 : false
2025-10-07 19:46:31,727 [INFO] ADCParametersView:116 -                Rank 1 : false
2025-10-07 19:46:31,727 [INFO] ADCParametersView:116 -                Rank 1 : false
2025-10-07 19:46:31,727 [INFO] ADCParametersView:116 -                Rank 1 : false
2025-10-07 19:46:31,727 [INFO] ADCParametersView:116 -                Rank 1 : false
2025-10-07 19:46:31,727 [INFO] ADCParametersView:116 -                Rank 1 : false
2025-10-07 19:46:31,727 [INFO] ADCParametersView:116 -                Rank 1 : false
2025-10-07 19:46:31,730 [INFO] ADCParametersView:116 -                Rank 1 : false
2025-10-07 19:46:31,768 [INFO] ADCParametersView:116 -                Rank 1 : false
2025-10-07 19:46:31,770 [INFO] ADCParametersView:116 -                Rank 1 : false
2025-10-07 19:46:31,770 [INFO] ADCParametersView:116 -                Rank 1 : false
2025-10-07 19:46:31,770 [INFO] ADCParametersView:116 -                Rank 1 : false
2025-10-07 19:46:31,770 [INFO] ADCParametersView:116 -                Rank 1 : false
2025-10-07 19:46:31,770 [INFO] ADCParametersView:116 -                Rank 1 : false
2025-10-07 19:46:31,770 [INFO] ADCParametersView:116 -                Rank 1 : false
2025-10-07 19:46:31,770 [INFO] ADCParametersView:116 -                Rank 1 : false
2025-10-07 19:46:31,770 [INFO] ADCParametersView:116 -                Rank 1 : false
2025-10-07 19:46:31,770 [INFO] ADCParametersView:116 -                Rank 1 : false
2025-10-07 19:46:31,773 [INFO] ADCParametersView:116 -                Rank 1 : false
2025-10-07 19:46:42,410 [INFO] ParamManager:905 - [Generic UI] PropertyChangeEvent: TAB_STATUS_CHANGED , "dont care", "never mind"
2025-10-07 19:46:42,434 [INFO] NvicIntPanel:101 - NVIC parent = com.st.microxplorer.plugins.ip.nvic.MultiNvicIntPanel[,0,0,0x0,invalid,layout=javax.swing.BoxLayout,alignmentX=0.0,alignmentY=0.0,border=,flags=9,maximumSize=,minimumSize=,preferredSize=]
2025-10-07 19:46:42,453 [INFO] ADCParametersView:116 -                Rank 1 : false
2025-10-07 19:46:42,454 [INFO] ADCParametersView:116 -                Rank 1 : false
2025-10-07 19:46:42,454 [INFO] ADCParametersView:116 -                Rank 1 : false
2025-10-07 19:46:42,454 [INFO] ADCParametersView:116 -                Rank 1 : false
2025-10-07 19:46:42,454 [INFO] ADCParametersView:116 -                Rank 1 : false
2025-10-07 19:46:42,455 [INFO] ADCParametersView:116 -                Rank 1 : false
2025-10-07 19:46:42,455 [INFO] ADCParametersView:116 -                Rank 1 : false
2025-10-07 19:46:42,455 [INFO] ADCParametersView:116 -                Rank 1 : false
2025-10-07 19:46:42,455 [INFO] ADCParametersView:116 -                Rank 1 : false
2025-10-07 19:46:42,455 [INFO] ADCParametersView:116 -                Rank 1 : false
2025-10-07 19:46:42,457 [INFO] ADCParametersView:116 -                Rank 1 : false
2025-10-07 19:46:42,468 [INFO] ADCParametersView:116 -                Rank 1 : false
2025-10-07 19:46:42,469 [INFO] ADCParametersView:116 -                Rank 1 : false
2025-10-07 19:46:42,469 [INFO] ADCParametersView:116 -                Rank 1 : false
2025-10-07 19:46:42,469 [INFO] ADCParametersView:116 -                Rank 1 : false
2025-10-07 19:46:42,469 [INFO] ADCParametersView:116 -                Rank 1 : false
2025-10-07 19:46:42,469 [INFO] ADCParametersView:116 -                Rank 1 : false
2025-10-07 19:46:42,469 [INFO] ADCParametersView:116 -                Rank 1 : false
2025-10-07 19:46:42,469 [INFO] ADCParametersView:116 -                Rank 1 : false
2025-10-07 19:46:42,469 [INFO] ADCParametersView:116 -                Rank 1 : false
2025-10-07 19:46:42,469 [INFO] ADCParametersView:116 -                Rank 1 : false
2025-10-07 19:46:42,471 [INFO] ADCParametersView:116 -                Rank 1 : false
2025-10-07 19:46:42,512 [INFO] ADCParametersView:116 -                Rank 1 : false
2025-10-07 19:46:42,513 [INFO] ADCParametersView:116 -                Rank 1 : false
2025-10-07 19:46:42,513 [INFO] ADCParametersView:116 -                Rank 1 : false
2025-10-07 19:46:42,513 [INFO] ADCParametersView:116 -                Rank 1 : false
2025-10-07 19:46:42,513 [INFO] ADCParametersView:116 -                Rank 1 : false
2025-10-07 19:46:42,513 [INFO] ADCParametersView:116 -                Rank 1 : false
2025-10-07 19:46:42,514 [INFO] ADCParametersView:116 -                Rank 1 : false
2025-10-07 19:46:42,514 [INFO] ADCParametersView:116 -                Rank 1 : false
2025-10-07 19:46:42,514 [INFO] ADCParametersView:116 -                Rank 1 : false
2025-10-07 19:46:42,514 [INFO] ADCParametersView:116 -                Rank 1 : false
2025-10-07 19:46:42,516 [INFO] ADCParametersView:116 -                Rank 1 : false
2025-10-07 19:46:42,525 [INFO] ADCParametersView:116 -                Rank 1 : false
2025-10-07 19:46:42,526 [INFO] ADCParametersView:116 -                Rank 1 : false
2025-10-07 19:46:42,526 [INFO] ADCParametersView:116 -                Rank 1 : false
2025-10-07 19:46:42,526 [INFO] ADCParametersView:116 -                Rank 1 : false
2025-10-07 19:46:42,526 [INFO] ADCParametersView:116 -                Rank 1 : false
2025-10-07 19:46:42,526 [INFO] ADCParametersView:116 -                Rank 1 : false
2025-10-07 19:46:42,526 [INFO] ADCParametersView:116 -                Rank 1 : false
2025-10-07 19:46:42,526 [INFO] ADCParametersView:116 -                Rank 1 : false
2025-10-07 19:46:42,526 [INFO] ADCParametersView:116 -                Rank 1 : false
2025-10-07 19:46:42,526 [INFO] ADCParametersView:116 -                Rank 1 : false
2025-10-07 19:46:42,530 [INFO] ADCParametersView:116 -                Rank 1 : false
2025-10-07 19:47:27,671 [INFO] NvicIntPanel:101 - NVIC parent = com.st.microxplorer.plugins.ip.nvic.MultiNvicIntPanel[,0,0,675x250,layout=javax.swing.BoxLayout,alignmentX=0.0,alignmentY=0.0,border=,flags=9,maximumSize=,minimumSize=,preferredSize=]
2025-10-07 19:47:30,419 [INFO] ADCParametersView:116 -                Rank 1 : false
2025-10-07 19:47:30,421 [INFO] ADCParametersView:116 -                Rank 1 : false
2025-10-07 19:47:30,421 [INFO] ADCParametersView:116 -                Rank 1 : false
2025-10-07 19:47:30,421 [INFO] ADCParametersView:116 -                Rank 1 : false
2025-10-07 19:47:30,421 [INFO] ADCParametersView:116 -                Rank 1 : false
2025-10-07 19:47:30,421 [INFO] ADCParametersView:116 -                Rank 1 : false
2025-10-07 19:47:30,421 [INFO] ADCParametersView:116 -                Rank 1 : false
2025-10-07 19:47:30,421 [INFO] ADCParametersView:116 -                Rank 1 : false
2025-10-07 19:47:30,421 [INFO] ADCParametersView:116 -                Rank 1 : false
2025-10-07 19:47:30,421 [INFO] ADCParametersView:116 -                Rank 1 : false
2025-10-07 19:47:30,424 [INFO] ADCParametersView:116 -                Rank 1 : false
2025-10-07 19:47:43,464 [INFO] UtilMem:75 - End SaveConfig() Used Memory: 507576072 Bytes (859832320)
2025-10-07 19:48:22,505 [INFO] UtilMem:75 - End SaveConfig() Used Memory: 583511536 Bytes (859832320)
2025-10-07 19:48:22,849 [INFO] BlockDiagram:2775 - set Specific Code input for plugin: SPI
2025-10-07 19:48:22,849 [INFO] BlockDiagram:2775 - set Specific Code input for plugin: NVIC
2025-10-07 19:48:22,849 [INFO] BlockDiagram:2775 - set Specific Code input for plugin: ADC
2025-10-07 19:48:22,849 [INFO] BlockDiagram:2775 - set Specific Code input for plugin: SYS
2025-10-07 19:48:22,850 [INFO] BlockDiagram:2775 - set Specific Code input for plugin: GPIO
2025-10-07 19:48:22,850 [INFO] BlockDiagram:2775 - set Specific Code input for plugin: ADC
2025-10-07 19:48:22,850 [INFO] BlockDiagram:2775 - set Specific Code input for plugin: RCC
2025-10-07 19:48:22,850 [INFO] BlockDiagram:2775 - set Specific Code input for plugin: TIM1_8F1
2025-10-07 19:48:22,851 [INFO] CodeGenerator:892 - code generatio: config db path: C:\ST\STM32CubeIDE_1.15.1\STM32CubeIDE\plugins\com.st.stm32cube.common.mx_6.15.0.202507011659\\db\
2025-10-07 19:48:22,966 [INFO] CodeEngine:265 - oldGeneratedFile, C:\Users\lucas\Documents\Github\STM3205P\3.Firmware\STM3205P\MXTmpFiles\license.tmp_save
2025-10-07 19:48:23,289 [INFO] CodeEngine:289 - Generated code: C:\Users\lucas\Documents\Github\STM3205P\3.Firmware\STM3205P\MXTmpFiles\license.tmp
2025-10-07 19:48:23,415 [INFO] CodeEngine:265 - oldGeneratedFile, C:\Users\lucas\Documents\Github\STM3205P\3.Firmware\STM3205P\MXTmpFiles\gpio.tmp_save
2025-10-07 19:48:23,536 [INFO] CodeEngine:289 - Generated code: C:\Users\lucas\Documents\Github\STM3205P\3.Firmware\STM3205P\MXTmpFiles\gpio.tmp
2025-10-07 19:48:23,735 [INFO] CodeEngine:265 - oldGeneratedFile, C:\Users\lucas\Documents\Github\STM3205P\3.Firmware\STM3205P\Core\Src\stm32f1xx_it.c_save
2025-10-07 19:48:23,847 [INFO] CodeEngine:289 - Generated code: C:\Users\lucas\Documents\Github\STM3205P\3.Firmware\STM3205P\Core\Src\stm32f1xx_it.c
2025-10-07 19:48:23,857 [INFO] CodeEngine:265 - oldGeneratedFile, C:\Users\lucas\Documents\Github\STM3205P\3.Firmware\STM3205P\Core\Inc\stm32f1xx_it.h_save
2025-10-07 19:48:23,920 [INFO] CodeEngine:289 - Generated code: C:\Users\lucas\Documents\Github\STM3205P\3.Firmware\STM3205P\Core\Inc\stm32f1xx_it.h
2025-10-07 19:48:23,944 [INFO] CodeEngine:265 - oldGeneratedFile, C:\Users\lucas\Documents\Github\STM3205P\3.Firmware\STM3205P\Core\Src\stm32f1xx_hal_msp.c_save
2025-10-07 19:48:24,068 [INFO] CodeEngine:289 - Generated code: C:\Users\lucas\Documents\Github\STM3205P\3.Firmware\STM3205P\Core\Src\stm32f1xx_hal_msp.c
2025-10-07 19:48:24,075 [INFO] CodeEngine:265 - oldGeneratedFile, C:\Users\lucas\Documents\Github\STM3205P\3.Firmware\STM3205P\MXTmpFiles\system.tmp_save
2025-10-07 19:48:24,130 [INFO] CodeEngine:289 - Generated code: C:\Users\lucas\Documents\Github\STM3205P\3.Firmware\STM3205P\MXTmpFiles\system.tmp
2025-10-07 19:48:24,149 [INFO] CodeEngine:321 - oldGeneratedFile, C:\Users\lucas\Documents\Github\STM3205P\3.Firmware\STM3205P\Core\Inc\stm32f1xx_hal_conf.h_save
2025-10-07 19:48:24,217 [INFO] CodeEngine:345 - Generated code: C:\Users\lucas\Documents\Github\STM3205P\3.Firmware\STM3205P\Core\Inc\stm32f1xx_hal_conf.h
2025-10-07 19:48:24,243 [INFO] ApiDbMcu:532 - Load IP Config File for ADC1
2025-10-07 19:48:24,246 [INFO] ApiDbMcu:532 - Load IP Config File for ADC2
2025-10-07 19:48:24,248 [INFO] ApiDbMcu:532 - Load IP Config File for SPI1
2025-10-07 19:48:24,255 [INFO] ApiDbMcu:532 - Load IP Config File for TIM1
2025-10-07 19:48:24,257 [INFO] ApiDbMcu:532 - Load IP Config File for RCC
2025-10-07 19:48:24,259 [WARN] IPConfigManager:3811 - IP not found : TIM
2025-10-07 19:48:24,260 [WARN] CodeGenerator:4259 - IP not found : null
2025-10-07 19:48:24,272 [INFO] CodeEngine:265 - oldGeneratedFile, C:\Users\lucas\Documents\Github\STM3205P\3.Firmware\STM3205P\Core\Inc\main.h_save
2025-10-07 19:48:24,356 [INFO] CodeEngine:289 - Generated code: C:\Users\lucas\Documents\Github\STM3205P\3.Firmware\STM3205P\Core\Inc\main.h
2025-10-07 19:48:24,368 [INFO] CodeEngine:265 - oldGeneratedFile, C:\Users\lucas\Documents\Github\STM3205P\3.Firmware\STM3205P\Core\Src\main.c_save
2025-10-07 19:48:24,493 [INFO] CodeEngine:289 - Generated code: C:\Users\lucas\Documents\Github\STM3205P\3.Firmware\STM3205P\Core\Src\main.c
2025-10-07 19:48:25,039 [INFO] ProjectBuilder:3606 - Time for Copy HAL[1] : 329mS.
2025-10-07 19:48:25,045 [INFO] ProjectBuilder:5216 - Project Generator version: 4.7.0-B52
2025-10-07 19:48:25,125 [INFO] ConfigFileManager:1595 - The Die is : DIE412
2025-10-07 19:48:25,134 [INFO] ApiDbMcu:532 - Load IP Config File for FATFS
2025-10-07 19:48:25,144 [INFO] ApiDbMcu:532 - Load IP Config File for FREERTOS
2025-10-07 19:48:25,153 [INFO] ApiDbMcu:532 - Load IP Config File for USB_DEVICE
2025-10-07 19:48:25,558 [INFO] LogOutputStream:77 - [STDOUT_REDIRECT] 
2025-10-07 19:48:26,918 [INFO] ProjectBuilder:5496 - Time for Generating toolchain IDE Files: 1873mS.
2025-10-07 19:48:26,919 [INFO] ProjectBuilder:3463 - Time for Copy CMSIS : 0mS.
2025-10-07 19:48:26,922 [INFO] ProjectBuilder:3463 - Time for Copy CMSIS : 0mS.
2025-10-07 19:50:15,564 [INFO] NvicIntPanel:101 - NVIC parent = com.st.microxplorer.plugins.ip.nvic.MultiNvicIntPanel[,0,0,0x0,invalid,layout=javax.swing.BoxLayout,alignmentX=0.0,alignmentY=0.0,border=,flags=9,maximumSize=,minimumSize=,preferredSize=]
2025-10-07 19:50:23,723 [INFO] NvicIntPanel:101 - NVIC parent = com.st.microxplorer.plugins.ip.nvic.MultiNvicIntPanel[,0,0,0x0,invalid,layout=javax.swing.BoxLayout,alignmentX=0.0,alignmentY=0.0,border=,flags=9,maximumSize=,minimumSize=,preferredSize=]
2025-10-07 19:51:07,544 [INFO] NvicIntPanel:101 - NVIC parent = com.st.microxplorer.plugins.ip.nvic.MultiNvicIntPanel[,0,0,0x0,invalid,layout=javax.swing.BoxLayout,alignmentX=0.0,alignmentY=0.0,border=,flags=9,maximumSize=,minimumSize=,preferredSize=]
2025-10-07 19:51:42,791 [INFO] ADCParametersView:116 -                Rank 1 : false
2025-10-07 19:51:42,792 [INFO] ADCParametersView:116 -                Rank 1 : false
2025-10-07 19:51:42,792 [INFO] ADCParametersView:116 -                Rank 1 : false
2025-10-07 19:51:42,792 [INFO] ADCParametersView:116 -                Rank 1 : false
2025-10-07 19:51:42,792 [INFO] ADCParametersView:116 -                Rank 1 : false
2025-10-07 19:51:42,792 [INFO] ADCParametersView:116 -                Rank 1 : false
2025-10-07 19:51:42,792 [INFO] ADCParametersView:116 -                Rank 1 : false
2025-10-07 19:51:42,793 [INFO] ADCParametersView:116 -                Rank 1 : false
2025-10-07 19:51:42,793 [INFO] ADCParametersView:116 -                Rank 1 : false
2025-10-07 19:51:42,793 [INFO] ADCParametersView:116 -                Rank 1 : false
2025-10-07 19:51:42,795 [INFO] ADCParametersView:116 -                Rank 1 : false
2025-10-07 19:51:42,806 [INFO] ADCParametersView:116 -                Rank 1 : false
2025-10-07 19:51:42,807 [INFO] ADCParametersView:116 -                Rank 1 : false
2025-10-07 19:51:42,807 [INFO] ADCParametersView:116 -                Rank 1 : false
2025-10-07 19:51:42,807 [INFO] ADCParametersView:116 -                Rank 1 : false
2025-10-07 19:51:42,807 [INFO] ADCParametersView:116 -                Rank 1 : false
2025-10-07 19:51:42,807 [INFO] ADCParametersView:116 -                Rank 1 : false
2025-10-07 19:51:42,807 [INFO] ADCParametersView:116 -                Rank 1 : false
2025-10-07 19:51:42,807 [INFO] ADCParametersView:116 -                Rank 1 : false
2025-10-07 19:51:42,807 [INFO] ADCParametersView:116 -                Rank 1 : false
2025-10-07 19:51:42,807 [INFO] ADCParametersView:116 -                Rank 1 : false
2025-10-07 19:51:42,809 [INFO] ADCParametersView:116 -                Rank 1 : false
2025-10-07 19:51:44,543 [INFO] SpinnerEditorADC:65 - is string kkkk
2025-10-07 19:51:45,420 [INFO] NvicIntPanel:101 - NVIC parent = com.st.microxplorer.plugins.ip.nvic.MultiNvicIntPanel[,0,0,0x0,invalid,layout=javax.swing.BoxLayout,alignmentX=0.0,alignmentY=0.0,border=,flags=9,maximumSize=,minimumSize=,preferredSize=]
2025-10-07 19:51:45,435 [INFO] ADCParametersView:116 -                Rank 1 : false
2025-10-07 19:51:45,437 [INFO] ADCParametersView:116 -                Rank 1 : false
2025-10-07 19:51:45,437 [INFO] ADCParametersView:116 -                Rank 1 : false
2025-10-07 19:51:45,437 [INFO] ADCParametersView:116 -                Rank 1 : false
2025-10-07 19:51:45,437 [INFO] ADCParametersView:116 -                Rank 1 : false
2025-10-07 19:51:45,437 [INFO] ADCParametersView:116 -                Rank 1 : false
2025-10-07 19:51:45,437 [INFO] ADCParametersView:116 -                Rank 1 : false
2025-10-07 19:51:45,437 [INFO] ADCParametersView:116 -                Rank 1 : false
2025-10-07 19:51:45,437 [INFO] ADCParametersView:116 -                Rank 1 : false
2025-10-07 19:51:45,437 [INFO] ADCParametersView:116 -                Rank 1 : false
2025-10-07 19:51:45,440 [INFO] ADCParametersView:116 -                Rank 1 : false
2025-10-07 19:53:26,225 [INFO] NvicIntPanel:101 - NVIC parent = com.st.microxplorer.plugins.ip.nvic.MultiNvicIntPanel[,0,0,0x0,invalid,layout=javax.swing.BoxLayout,alignmentX=0.0,alignmentY=0.0,border=,flags=9,maximumSize=,minimumSize=,preferredSize=]
2025-10-07 19:53:51,760 [INFO] ADCParametersView:116 -                Rank 1 : false
2025-10-07 19:53:51,761 [INFO] ADCParametersView:116 -                Rank 1 : false
2025-10-07 19:53:51,761 [INFO] ADCParametersView:116 -                Rank 1 : false
2025-10-07 19:53:51,761 [INFO] ADCParametersView:116 -                Rank 1 : false
2025-10-07 19:53:51,761 [INFO] ADCParametersView:116 -                Rank 1 : false
2025-10-07 19:53:51,761 [INFO] ADCParametersView:116 -                Rank 1 : false
2025-10-07 19:53:51,761 [INFO] ADCParametersView:116 -                Rank 1 : false
2025-10-07 19:53:51,761 [INFO] ADCParametersView:116 -                Rank 1 : false
2025-10-07 19:53:51,761 [INFO] ADCParametersView:116 -                Rank 1 : false
2025-10-07 19:53:51,761 [INFO] ADCParametersView:116 -                Rank 1 : false
2025-10-07 19:53:51,764 [INFO] ADCParametersView:116 -                Rank 1 : false
2025-10-07 19:53:51,773 [INFO] ADCParametersView:116 -                Rank 1 : false
2025-10-07 19:53:51,774 [INFO] ADCParametersView:116 -                Rank 1 : false
2025-10-07 19:53:51,774 [INFO] ADCParametersView:116 -                Rank 1 : false
2025-10-07 19:53:51,774 [INFO] ADCParametersView:116 -                Rank 1 : false
2025-10-07 19:53:51,774 [INFO] ADCParametersView:116 -                Rank 1 : false
2025-10-07 19:53:51,774 [INFO] ADCParametersView:116 -                Rank 1 : false
2025-10-07 19:53:51,774 [INFO] ADCParametersView:116 -                Rank 1 : false
2025-10-07 19:53:51,774 [INFO] ADCParametersView:116 -                Rank 1 : false
2025-10-07 19:53:51,774 [INFO] ADCParametersView:116 -                Rank 1 : false
2025-10-07 19:53:51,774 [INFO] ADCParametersView:116 -                Rank 1 : false
2025-10-07 19:53:51,776 [INFO] ADCParametersView:116 -                Rank 1 : false
2025-10-07 19:55:15,782 [INFO] NvicIntPanel:101 - NVIC parent = com.st.microxplorer.plugins.ip.nvic.MultiNvicIntPanel[,0,0,0x0,invalid,layout=javax.swing.BoxLayout,alignmentX=0.0,alignmentY=0.0,border=,flags=9,maximumSize=,minimumSize=,preferredSize=]
2025-10-07 19:55:15,820 [INFO] NvicIntPanel:101 - NVIC parent = com.st.microxplorer.plugins.ip.nvic.MultiNvicIntPanel[,0,0,0x0,invalid,layout=javax.swing.BoxLayout,alignmentX=0.0,alignmentY=0.0,border=,flags=9,maximumSize=,minimumSize=,preferredSize=]
2025-10-07 19:55:15,833 [INFO] ADCParametersView:116 -                Rank 1 : false
2025-10-07 19:55:15,834 [INFO] ADCParametersView:116 -                Rank 1 : false
2025-10-07 19:55:15,834 [INFO] ADCParametersView:116 -                Rank 1 : false
2025-10-07 19:55:15,834 [INFO] ADCParametersView:116 -                Rank 1 : false
2025-10-07 19:55:15,834 [INFO] ADCParametersView:116 -                Rank 1 : false
2025-10-07 19:55:15,834 [INFO] ADCParametersView:116 -                Rank 1 : false
2025-10-07 19:55:15,834 [INFO] ADCParametersView:116 -                Rank 1 : false
2025-10-07 19:55:15,834 [INFO] ADCParametersView:116 -                Rank 1 : false
2025-10-07 19:55:15,834 [INFO] ADCParametersView:116 -                Rank 1 : false
2025-10-07 19:55:15,834 [INFO] ADCParametersView:116 -                Rank 1 : false
2025-10-07 19:55:15,837 [INFO] ADCParametersView:116 -                Rank 1 : false
2025-10-07 19:55:19,427 [INFO] NvicIntPanel:101 - NVIC parent = com.st.microxplorer.plugins.ip.nvic.MultiNvicIntPanel[,0,0,0x0,invalid,layout=javax.swing.BoxLayout,alignmentX=0.0,alignmentY=0.0,border=,flags=9,maximumSize=,minimumSize=,preferredSize=]
2025-10-07 19:55:19,460 [INFO] NvicIntPanel:101 - NVIC parent = com.st.microxplorer.plugins.ip.nvic.MultiNvicIntPanel[,0,0,0x0,invalid,layout=javax.swing.BoxLayout,alignmentX=0.0,alignmentY=0.0,border=,flags=9,maximumSize=,minimumSize=,preferredSize=]
2025-10-07 19:55:19,475 [INFO] ADCParametersView:116 -                Rank 1 : false
2025-10-07 19:55:19,476 [INFO] ADCParametersView:116 -                Rank 1 : false
2025-10-07 19:55:19,476 [INFO] ADCParametersView:116 -                Rank 1 : false
2025-10-07 19:55:19,476 [INFO] ADCParametersView:116 -                Rank 1 : false
2025-10-07 19:55:19,476 [INFO] ADCParametersView:116 -                Rank 1 : false
2025-10-07 19:55:19,476 [INFO] ADCParametersView:116 -                Rank 1 : false
2025-10-07 19:55:19,476 [INFO] ADCParametersView:116 -                Rank 1 : false
2025-10-07 19:55:19,476 [INFO] ADCParametersView:116 -                Rank 1 : false
2025-10-07 19:55:19,476 [INFO] ADCParametersView:116 -                Rank 1 : false
2025-10-07 19:55:19,476 [INFO] ADCParametersView:116 -                Rank 1 : false
2025-10-07 19:55:19,478 [INFO] ADCParametersView:116 -                Rank 1 : false
2025-10-07 19:55:37,498 [INFO] ParamManager:905 - [Generic UI] PropertyChangeEvent: TAB_STATUS_CHANGED , "dont care", "never mind"
2025-10-07 19:55:37,509 [INFO] NvicIntPanel:101 - NVIC parent = com.st.microxplorer.plugins.ip.nvic.MultiNvicIntPanel[,0,0,0x0,invalid,layout=javax.swing.BoxLayout,alignmentX=0.0,alignmentY=0.0,border=,flags=9,maximumSize=,minimumSize=,preferredSize=]
2025-10-07 19:55:37,543 [INFO] ADCParametersView:116 -                Rank 1 : false
2025-10-07 19:55:37,544 [INFO] ADCParametersView:116 -                Rank 1 : false
2025-10-07 19:55:37,544 [INFO] ADCParametersView:116 -                Rank 1 : false
2025-10-07 19:55:37,544 [INFO] ADCParametersView:116 -                Rank 1 : false
2025-10-07 19:55:37,544 [INFO] ADCParametersView:116 -                Rank 1 : false
2025-10-07 19:55:37,544 [INFO] ADCParametersView:116 -                Rank 1 : false
2025-10-07 19:55:37,544 [INFO] ADCParametersView:116 -                Rank 1 : false
2025-10-07 19:55:37,544 [INFO] ADCParametersView:116 -                Rank 1 : false
2025-10-07 19:55:37,544 [INFO] ADCParametersView:116 -                Rank 1 : false
2025-10-07 19:55:37,544 [INFO] ADCParametersView:116 -                Rank 1 : false
2025-10-07 19:55:37,546 [INFO] ADCParametersView:116 -                Rank 1 : false
2025-10-07 19:55:37,557 [INFO] ADCParametersView:116 -                Rank 1 : false
2025-10-07 19:55:37,557 [INFO] ADCParametersView:116 -                Rank 1 : false
2025-10-07 19:55:37,557 [INFO] ADCParametersView:116 -                Rank 1 : false
2025-10-07 19:55:37,557 [INFO] ADCParametersView:116 -                Rank 1 : false
2025-10-07 19:55:37,557 [INFO] ADCParametersView:116 -                Rank 1 : false
2025-10-07 19:55:37,557 [INFO] ADCParametersView:116 -                Rank 1 : false
2025-10-07 19:55:37,557 [INFO] ADCParametersView:116 -                Rank 1 : false
2025-10-07 19:55:37,557 [INFO] ADCParametersView:116 -                Rank 1 : false
2025-10-07 19:55:37,557 [INFO] ADCParametersView:116 -                Rank 1 : false
2025-10-07 19:55:37,557 [INFO] ADCParametersView:116 -                Rank 1 : false
2025-10-07 19:55:37,559 [INFO] ADCParametersView:116 -                Rank 1 : false
2025-10-07 19:55:37,594 [INFO] ADCParametersView:116 -                Rank 1 : false
2025-10-07 19:55:37,595 [INFO] ADCParametersView:116 -                Rank 1 : false
2025-10-07 19:55:37,595 [INFO] ADCParametersView:116 -                Rank 1 : false
2025-10-07 19:55:37,595 [INFO] ADCParametersView:116 -                Rank 1 : false
2025-10-07 19:55:37,595 [INFO] ADCParametersView:116 -                Rank 1 : false
2025-10-07 19:55:37,595 [INFO] ADCParametersView:116 -                Rank 1 : false
2025-10-07 19:55:37,595 [INFO] ADCParametersView:116 -                Rank 1 : false
2025-10-07 19:55:37,595 [INFO] ADCParametersView:116 -                Rank 1 : false
2025-10-07 19:55:37,595 [INFO] ADCParametersView:116 -                Rank 1 : false
2025-10-07 19:55:37,595 [INFO] ADCParametersView:116 -                Rank 1 : false
2025-10-07 19:55:37,597 [INFO] ADCParametersView:116 -                Rank 1 : false
2025-10-07 19:55:37,606 [INFO] ADCParametersView:116 -                Rank 1 : false
2025-10-07 19:55:37,607 [INFO] ADCParametersView:116 -                Rank 1 : false
2025-10-07 19:55:37,607 [INFO] ADCParametersView:116 -                Rank 1 : false
2025-10-07 19:55:37,607 [INFO] ADCParametersView:116 -                Rank 1 : false
2025-10-07 19:55:37,607 [INFO] ADCParametersView:116 -                Rank 1 : false
2025-10-07 19:55:37,607 [INFO] ADCParametersView:116 -                Rank 1 : false
2025-10-07 19:55:37,607 [INFO] ADCParametersView:116 -                Rank 1 : false
2025-10-07 19:55:37,607 [INFO] ADCParametersView:116 -                Rank 1 : false
2025-10-07 19:55:37,607 [INFO] ADCParametersView:116 -                Rank 1 : false
2025-10-07 19:55:37,607 [INFO] ADCParametersView:116 -                Rank 1 : false
2025-10-07 19:55:37,610 [INFO] ADCParametersView:116 -                Rank 1 : false
2025-10-07 19:55:42,001 [INFO] ADCParametersView:116 -                Rank 1 : false
2025-10-07 19:55:42,002 [INFO] ADCParametersView:116 -                Rank 1 : false
2025-10-07 19:55:42,002 [INFO] ADCParametersView:116 -                Rank 1 : false
2025-10-07 19:55:42,002 [INFO] ADCParametersView:116 -                Rank 1 : false
2025-10-07 19:55:42,002 [INFO] ADCParametersView:116 -                Rank 1 : false
2025-10-07 19:55:42,002 [INFO] ADCParametersView:116 -                Rank 1 : false
2025-10-07 19:55:42,002 [INFO] ADCParametersView:116 -                Rank 1 : false
2025-10-07 19:55:42,003 [INFO] ADCParametersView:116 -                Rank 1 : false
2025-10-07 19:55:42,003 [INFO] ADCParametersView:116 -                Rank 1 : false
2025-10-07 19:55:42,003 [INFO] ADCParametersView:116 -                Rank 1 : false
2025-10-07 19:55:42,005 [INFO] ADCParametersView:116 -                Rank 1 : false
2025-10-07 19:55:44,481 [INFO] ADCParametersView:116 -                Rank 1 : false
2025-10-07 19:55:44,484 [INFO] ADCParametersView:116 -                Rank 1 : false
2025-10-07 19:55:44,484 [INFO] ADCParametersView:116 -                Rank 1 : false
2025-10-07 19:55:44,484 [INFO] ADCParametersView:116 -                Rank 1 : false
2025-10-07 19:55:44,484 [INFO] ADCParametersView:116 -                Rank 1 : false
2025-10-07 19:55:44,484 [INFO] ADCParametersView:116 -                Rank 1 : false
2025-10-07 19:55:44,484 [INFO] ADCParametersView:116 -                Rank 1 : false
2025-10-07 19:55:44,484 [INFO] ADCParametersView:116 -                Rank 1 : false
2025-10-07 19:55:44,484 [INFO] ADCParametersView:116 -                Rank 1 : false
2025-10-07 19:55:44,484 [INFO] ADCParametersView:116 -                Rank 1 : false
2025-10-07 19:55:44,486 [INFO] ADCParametersView:116 -                Rank 1 : false
2025-10-07 19:55:44,498 [INFO] ADCParametersView:116 -                Rank 1 : false
2025-10-07 19:55:44,499 [INFO] ADCParametersView:116 -                Rank 1 : false
2025-10-07 19:55:44,499 [INFO] ADCParametersView:116 -                Rank 1 : false
2025-10-07 19:55:44,499 [INFO] ADCParametersView:116 -                Rank 1 : false
2025-10-07 19:55:44,499 [INFO] ADCParametersView:116 -                Rank 1 : false
2025-10-07 19:55:44,499 [INFO] ADCParametersView:116 -                Rank 1 : false
2025-10-07 19:55:44,499 [INFO] ADCParametersView:116 -                Rank 1 : false
2025-10-07 19:55:44,499 [INFO] ADCParametersView:116 -                Rank 1 : false
2025-10-07 19:55:44,499 [INFO] ADCParametersView:116 -                Rank 1 : false
2025-10-07 19:55:44,499 [INFO] ADCParametersView:116 -                Rank 1 : false
2025-10-07 19:55:44,501 [INFO] ADCParametersView:116 -                Rank 1 : false
2025-10-07 19:55:44,538 [INFO] ADCParametersView:116 -                Rank 1 : false
2025-10-07 19:55:44,539 [INFO] ADCParametersView:116 -                Rank 1 : false
2025-10-07 19:55:44,539 [INFO] ADCParametersView:116 -                Rank 1 : false
2025-10-07 19:55:44,539 [INFO] ADCParametersView:116 -                Rank 1 : false
2025-10-07 19:55:44,539 [INFO] ADCParametersView:116 -                Rank 1 : false
2025-10-07 19:55:44,539 [INFO] ADCParametersView:116 -                Rank 1 : false
2025-10-07 19:55:44,539 [INFO] ADCParametersView:116 -                Rank 1 : false
2025-10-07 19:55:44,539 [INFO] ADCParametersView:116 -                Rank 1 : false
2025-10-07 19:55:44,539 [INFO] ADCParametersView:116 -                Rank 1 : false
2025-10-07 19:55:44,539 [INFO] ADCParametersView:116 -                Rank 1 : false
2025-10-07 19:55:44,541 [INFO] ADCParametersView:116 -                Rank 1 : false
2025-10-07 19:55:46,397 [INFO] NvicIntPanel:101 - NVIC parent = com.st.microxplorer.plugins.ip.nvic.MultiNvicIntPanel[,0,0,0x0,invalid,layout=javax.swing.BoxLayout,alignmentX=0.0,alignmentY=0.0,border=,flags=9,maximumSize=,minimumSize=,preferredSize=]
2025-10-07 19:55:46,438 [INFO] NvicIntPanel:101 - NVIC parent = com.st.microxplorer.plugins.ip.nvic.MultiNvicIntPanel[,0,0,0x0,invalid,layout=javax.swing.BoxLayout,alignmentX=0.0,alignmentY=0.0,border=,flags=9,maximumSize=,minimumSize=,preferredSize=]
2025-10-07 19:55:46,451 [INFO] ADCParametersView:116 -                Rank 1 : false
2025-10-07 19:55:46,453 [INFO] ADCParametersView:116 -                Rank 1 : false
2025-10-07 19:55:46,453 [INFO] ADCParametersView:116 -                Rank 1 : false
2025-10-07 19:55:46,453 [INFO] ADCParametersView:116 -                Rank 1 : false
2025-10-07 19:55:46,453 [INFO] ADCParametersView:116 -                Rank 1 : false
2025-10-07 19:55:46,454 [INFO] ADCParametersView:116 -                Rank 1 : false
2025-10-07 19:55:46,454 [INFO] ADCParametersView:116 -                Rank 1 : false
2025-10-07 19:55:46,454 [INFO] ADCParametersView:116 -                Rank 1 : false
2025-10-07 19:55:46,454 [INFO] ADCParametersView:116 -                Rank 1 : false
2025-10-07 19:55:46,454 [INFO] ADCParametersView:116 -                Rank 1 : false
2025-10-07 19:55:46,457 [INFO] ADCParametersView:116 -                Rank 1 : false
2025-10-07 19:56:14,040 [INFO] ADCParametersView:116 -                Rank 1 : false
2025-10-07 19:56:14,042 [INFO] ADCParametersView:116 -                Rank 1 : false
2025-10-07 19:56:14,042 [INFO] ADCParametersView:116 -                Rank 1 : false
2025-10-07 19:56:14,042 [INFO] ADCParametersView:116 -                Rank 1 : false
2025-10-07 19:56:14,042 [INFO] ADCParametersView:116 -                Rank 1 : false
2025-10-07 19:56:14,042 [INFO] ADCParametersView:116 -                Rank 1 : false
2025-10-07 19:56:14,042 [INFO] ADCParametersView:116 -                Rank 1 : false
2025-10-07 19:56:14,042 [INFO] ADCParametersView:116 -                Rank 1 : false
2025-10-07 19:56:14,042 [INFO] ADCParametersView:116 -                Rank 1 : false
2025-10-07 19:56:14,042 [INFO] ADCParametersView:116 -                Rank 1 : false
2025-10-07 19:56:14,045 [INFO] ADCParametersView:116 -                Rank 1 : false
2025-10-07 19:56:15,514 [INFO] ParamManager:905 - [Generic UI] PropertyChangeEvent: TAB_STATUS_CHANGED , "dont care", "never mind"
2025-10-07 19:56:15,528 [INFO] NvicIntPanel:101 - NVIC parent = com.st.microxplorer.plugins.ip.nvic.MultiNvicIntPanel[,0,0,0x0,invalid,layout=javax.swing.BoxLayout,alignmentX=0.0,alignmentY=0.0,border=,flags=9,maximumSize=,minimumSize=,preferredSize=]
2025-10-07 19:56:15,545 [INFO] ADCParametersView:116 -                Rank 1 : false
2025-10-07 19:56:15,546 [INFO] ADCParametersView:116 -                Rank 1 : false
2025-10-07 19:56:15,546 [INFO] ADCParametersView:116 -                Rank 1 : false
2025-10-07 19:56:15,546 [INFO] ADCParametersView:116 -                Rank 1 : false
2025-10-07 19:56:15,546 [INFO] ADCParametersView:116 -                Rank 1 : false
2025-10-07 19:56:15,546 [INFO] ADCParametersView:116 -                Rank 1 : false
2025-10-07 19:56:15,547 [INFO] ADCParametersView:116 -                Rank 1 : false
2025-10-07 19:56:15,547 [INFO] ADCParametersView:116 -                Rank 1 : false
2025-10-07 19:56:15,547 [INFO] ADCParametersView:116 -                Rank 1 : false
2025-10-07 19:56:15,547 [INFO] ADCParametersView:116 -                Rank 1 : false
2025-10-07 19:56:18,219 [INFO] NvicIntPanel:101 - NVIC parent = com.st.microxplorer.plugins.ip.nvic.MultiNvicIntPanel[,0,0,0x0,invalid,layout=javax.swing.BoxLayout,alignmentX=0.0,alignmentY=0.0,border=,flags=9,maximumSize=,minimumSize=,preferredSize=]
2025-10-07 19:56:18,242 [INFO] ADCParametersView:116 -        *      Rank 1 : false
2025-10-07 19:56:24,243 [INFO] ADCParametersView:116 -        *      Rank 1 : true
2025-10-07 19:58:02,268 [INFO] NvicIntPanel:101 - NVIC parent = com.st.microxplorer.plugins.ip.nvic.MultiNvicIntPanel[,0,0,0x0,invalid,layout=javax.swing.BoxLayout,alignmentX=0.0,alignmentY=0.0,border=,flags=9,maximumSize=,minimumSize=,preferredSize=]
2025-10-07 19:58:02,285 [INFO] ADCParametersView:116 -        *      Rank 1 : true
2025-10-07 19:58:02,285 [INFO] ADCParametersView:116 -        *      Rank 1 : true
2025-10-07 19:58:02,286 [INFO] ADCParametersView:116 -        *      Rank 1 : true
2025-10-07 19:58:02,286 [INFO] ADCParametersView:116 -        *      Rank 1 : true
2025-10-07 19:58:02,286 [INFO] ADCParametersView:116 -        *      Rank 1 : true
2025-10-07 19:58:02,286 [INFO] ADCParametersView:116 -        *      Rank 1 : true
2025-10-07 19:58:02,286 [INFO] ADCParametersView:116 -        *      Rank 1 : true
2025-10-07 19:58:02,286 [INFO] ADCParametersView:116 -        *      Rank 1 : true
2025-10-07 19:58:02,286 [INFO] ADCParametersView:116 -        *      Rank 1 : true
2025-10-07 19:58:02,286 [INFO] ADCParametersView:116 -        *      Rank 1 : true
2025-10-07 19:58:02,288 [INFO] ADCParametersView:116 -                Rank 1 : true
2025-10-07 19:58:05,486 [INFO] SpinnerEditorADC:65 - is string kkkk
2025-10-07 19:58:07,282 [INFO] NvicIntPanel:101 - NVIC parent = com.st.microxplorer.plugins.ip.nvic.MultiNvicIntPanel[,0,0,0x0,invalid,layout=javax.swing.BoxLayout,alignmentX=0.0,alignmentY=0.0,border=,flags=9,maximumSize=,minimumSize=,preferredSize=]
2025-10-07 19:58:07,298 [INFO] ADCParametersView:116 -                Rank 1 : true
2025-10-07 19:58:07,298 [INFO] ADCParametersView:116 -                Rank 1 : true
2025-10-07 19:58:07,298 [INFO] ADCParametersView:116 -                Rank 1 : true
2025-10-07 19:58:07,298 [INFO] ADCParametersView:116 -                Rank 1 : true
2025-10-07 19:58:07,298 [INFO] ADCParametersView:116 -                Rank 1 : true
2025-10-07 19:58:07,299 [INFO] ADCParametersView:116 -                Rank 1 : true
2025-10-07 19:58:07,299 [INFO] ADCParametersView:116 -                Rank 1 : true
2025-10-07 19:58:07,299 [INFO] ADCParametersView:116 -                Rank 1 : true
2025-10-07 19:58:07,299 [INFO] ADCParametersView:116 -                Rank 1 : true
2025-10-07 19:58:07,299 [INFO] ADCParametersView:116 -                Rank 1 : true
2025-10-07 19:58:07,301 [INFO] ADCParametersView:116 -                Rank 1 : true
2025-10-07 19:58:11,274 [INFO] NvicIntPanel:101 - NVIC parent = com.st.microxplorer.plugins.ip.nvic.MultiNvicIntPanel[,0,0,0x0,invalid,layout=javax.swing.BoxLayout,alignmentX=0.0,alignmentY=0.0,border=,flags=9,maximumSize=,minimumSize=,preferredSize=]
2025-10-07 19:58:11,295 [INFO] ADCParametersView:116 -                Rank 1 : true
2025-10-07 19:58:11,296 [INFO] ADCParametersView:116 -                Rank 1 : true
2025-10-07 19:58:11,296 [INFO] ADCParametersView:116 -                Rank 1 : true
2025-10-07 19:58:11,296 [INFO] ADCParametersView:116 -                Rank 1 : true
2025-10-07 19:58:11,296 [INFO] ADCParametersView:116 -                Rank 1 : true
2025-10-07 19:58:11,296 [INFO] ADCParametersView:116 -                Rank 1 : true
2025-10-07 19:58:11,296 [INFO] ADCParametersView:116 -                Rank 1 : true
2025-10-07 19:58:11,296 [INFO] ADCParametersView:116 -                Rank 1 : true
2025-10-07 19:58:11,296 [INFO] ADCParametersView:116 -                Rank 1 : true
2025-10-07 19:58:11,296 [INFO] ADCParametersView:116 -                Rank 1 : true
2025-10-07 19:58:11,298 [INFO] ADCParametersView:116 -                Rank 1 : true
2025-10-07 19:58:11,308 [INFO] ADCParametersView:116 -                Rank 1 : true
2025-10-07 19:58:11,309 [INFO] ADCParametersView:116 -                Rank 1 : true
2025-10-07 19:58:11,310 [INFO] ADCParametersView:116 -                Rank 1 : true
2025-10-07 19:58:11,310 [INFO] ADCParametersView:116 -                Rank 1 : true
2025-10-07 19:58:11,310 [INFO] ADCParametersView:116 -                Rank 1 : true
2025-10-07 19:58:11,310 [INFO] ADCParametersView:116 -                Rank 1 : true
2025-10-07 19:58:11,310 [INFO] ADCParametersView:116 -                Rank 1 : true
2025-10-07 19:58:11,310 [INFO] ADCParametersView:116 -                Rank 1 : true
2025-10-07 19:58:11,310 [INFO] ADCParametersView:116 -                Rank 1 : true
2025-10-07 19:58:11,310 [INFO] ADCParametersView:116 -                Rank 1 : true
2025-10-07 19:58:11,313 [INFO] ADCParametersView:116 -                Rank 1 : true
2025-10-07 19:58:11,352 [INFO] ADCParametersView:116 -                Rank 1 : true
2025-10-07 19:58:11,353 [INFO] ADCParametersView:116 -                Rank 1 : true
2025-10-07 19:58:11,353 [INFO] ADCParametersView:116 -                Rank 1 : true
2025-10-07 19:58:11,353 [INFO] ADCParametersView:116 -                Rank 1 : true
2025-10-07 19:58:11,354 [INFO] ADCParametersView:116 -                Rank 1 : true
2025-10-07 19:58:11,354 [INFO] ADCParametersView:116 -                Rank 1 : true
2025-10-07 19:58:11,354 [INFO] ADCParametersView:116 -                Rank 1 : true
2025-10-07 19:58:11,354 [INFO] ADCParametersView:116 -                Rank 1 : true
2025-10-07 19:58:11,354 [INFO] ADCParametersView:116 -                Rank 1 : true
2025-10-07 19:58:11,354 [INFO] ADCParametersView:116 -                Rank 1 : true
2025-10-07 19:58:11,358 [INFO] ADCParametersView:116 -                Rank 1 : true
2025-10-07 19:58:11,368 [INFO] ADCParametersView:116 -                Rank 1 : true
2025-10-07 19:58:11,368 [INFO] ADCParametersView:116 -                Rank 1 : true
2025-10-07 19:58:11,369 [INFO] ADCParametersView:116 -                Rank 1 : true
2025-10-07 19:58:11,369 [INFO] ADCParametersView:116 -                Rank 1 : true
2025-10-07 19:58:11,369 [INFO] ADCParametersView:116 -                Rank 1 : true
2025-10-07 19:58:11,369 [INFO] ADCParametersView:116 -                Rank 1 : true
2025-10-07 19:58:11,369 [INFO] ADCParametersView:116 -                Rank 1 : true
2025-10-07 19:58:11,369 [INFO] ADCParametersView:116 -                Rank 1 : true
2025-10-07 19:58:11,369 [INFO] ADCParametersView:116 -                Rank 1 : true
2025-10-07 19:58:11,369 [INFO] ADCParametersView:116 -                Rank 1 : true
2025-10-07 19:58:11,371 [INFO] ADCParametersView:116 -                Rank 1 : true
2025-10-07 19:58:47,117 [INFO] ADCParametersView:116 -                Rank 1 : true
2025-10-07 19:58:47,119 [INFO] ADCParametersView:116 -                Rank 1 : true
2025-10-07 19:58:47,119 [INFO] ADCParametersView:116 -                Rank 1 : true
2025-10-07 19:58:47,119 [INFO] ADCParametersView:116 -                Rank 1 : true
2025-10-07 19:58:47,119 [INFO] ADCParametersView:116 -                Rank 1 : true
2025-10-07 19:58:47,119 [INFO] ADCParametersView:116 -                Rank 1 : true
2025-10-07 19:58:47,120 [INFO] ADCParametersView:116 -                Rank 1 : true
2025-10-07 19:58:47,120 [INFO] ADCParametersView:116 -                Rank 1 : true
2025-10-07 19:58:47,120 [INFO] ADCParametersView:116 -                Rank 1 : true
2025-10-07 19:58:47,120 [INFO] ADCParametersView:116 -                Rank 1 : true
2025-10-07 19:58:47,122 [INFO] ADCParametersView:116 -                Rank 1 : true
2025-10-07 19:58:47,131 [INFO] ADCParametersView:116 -                Rank 1 : true
2025-10-07 19:58:47,131 [INFO] ADCParametersView:116 -                Rank 1 : true
2025-10-07 19:58:47,131 [INFO] ADCParametersView:116 -                Rank 1 : true
2025-10-07 19:58:47,131 [INFO] ADCParametersView:116 -                Rank 1 : true
2025-10-07 19:58:47,131 [INFO] ADCParametersView:116 -                Rank 1 : true
2025-10-07 19:58:47,131 [INFO] ADCParametersView:116 -                Rank 1 : true
2025-10-07 19:58:47,131 [INFO] ADCParametersView:116 -                Rank 1 : true
2025-10-07 19:58:47,131 [INFO] ADCParametersView:116 -                Rank 1 : true
2025-10-07 19:58:47,131 [INFO] ADCParametersView:116 -                Rank 1 : true
2025-10-07 19:58:47,131 [INFO] ADCParametersView:116 -                Rank 1 : true
2025-10-07 19:58:47,134 [INFO] ADCParametersView:116 -                Rank 1 : true
2025-10-07 19:58:47,145 [INFO] ADCParametersView:116 -                Rank 1 : true
2025-10-07 19:58:47,146 [INFO] ADCParametersView:116 -                Rank 1 : true
2025-10-07 19:58:47,146 [INFO] ADCParametersView:116 -                Rank 1 : true
2025-10-07 19:58:47,146 [INFO] ADCParametersView:116 -                Rank 1 : true
2025-10-07 19:58:47,146 [INFO] ADCParametersView:116 -                Rank 1 : true
2025-10-07 19:58:47,146 [INFO] ADCParametersView:116 -                Rank 1 : true
2025-10-07 19:58:47,146 [INFO] ADCParametersView:116 -                Rank 1 : true
2025-10-07 19:58:47,146 [INFO] ADCParametersView:116 -                Rank 1 : true
2025-10-07 19:58:47,146 [INFO] ADCParametersView:116 -                Rank 1 : true
2025-10-07 19:58:47,146 [INFO] ADCParametersView:116 -                Rank 1 : true
2025-10-07 19:58:47,148 [INFO] ADCParametersView:116 -                Rank 1 : true
2025-10-07 20:06:55,207 [INFO] NvicIntPanel:101 - NVIC parent = com.st.microxplorer.plugins.ip.nvic.MultiNvicIntPanel[,0,0,0x0,invalid,layout=javax.swing.BoxLayout,alignmentX=0.0,alignmentY=0.0,border=,flags=9,maximumSize=,minimumSize=,preferredSize=]
2025-10-07 20:07:06,682 [INFO] NvicIntPanel:101 - NVIC parent = com.st.microxplorer.plugins.ip.nvic.MultiNvicIntPanel[,0,0,0x0,invalid,layout=javax.swing.BoxLayout,alignmentX=0.0,alignmentY=0.0,border=,flags=9,maximumSize=,minimumSize=,preferredSize=]
2025-10-07 20:07:14,582 [INFO] NvicIntPanel:101 - NVIC parent = com.st.microxplorer.plugins.ip.nvic.MultiNvicIntPanel[,0,0,0x0,invalid,layout=javax.swing.BoxLayout,alignmentX=0.0,alignmentY=0.0,border=,flags=9,maximumSize=,minimumSize=,preferredSize=]
2025-10-07 20:07:16,837 [INFO] ADCParametersView:116 -                Rank 1 : true
2025-10-07 20:07:16,838 [INFO] ADCParametersView:116 -                Rank 1 : true
2025-10-07 20:07:16,838 [INFO] ADCParametersView:116 -                Rank 1 : true
2025-10-07 20:07:16,838 [INFO] ADCParametersView:116 -                Rank 1 : true
2025-10-07 20:07:16,838 [INFO] ADCParametersView:116 -                Rank 1 : true
2025-10-07 20:07:16,838 [INFO] ADCParametersView:116 -                Rank 1 : true
2025-10-07 20:07:16,838 [INFO] ADCParametersView:116 -                Rank 1 : true
2025-10-07 20:07:16,838 [INFO] ADCParametersView:116 -                Rank 1 : true
2025-10-07 20:07:16,838 [INFO] ADCParametersView:116 -                Rank 1 : true
2025-10-07 20:07:16,838 [INFO] ADCParametersView:116 -                Rank 1 : true
2025-10-07 20:07:16,840 [INFO] ADCParametersView:116 -                Rank 1 : true
2025-10-07 20:07:16,852 [INFO] ADCParametersView:116 -                Rank 1 : true
2025-10-07 20:07:16,852 [INFO] ADCParametersView:116 -                Rank 1 : true
2025-10-07 20:07:16,852 [INFO] ADCParametersView:116 -                Rank 1 : true
2025-10-07 20:07:16,852 [INFO] ADCParametersView:116 -                Rank 1 : true
2025-10-07 20:07:16,852 [INFO] ADCParametersView:116 -                Rank 1 : true
2025-10-07 20:07:16,852 [INFO] ADCParametersView:116 -                Rank 1 : true
2025-10-07 20:07:16,852 [INFO] ADCParametersView:116 -                Rank 1 : true
2025-10-07 20:07:16,853 [INFO] ADCParametersView:116 -                Rank 1 : true
2025-10-07 20:07:16,853 [INFO] ADCParametersView:116 -                Rank 1 : true
2025-10-07 20:07:16,853 [INFO] ADCParametersView:116 -                Rank 1 : true
2025-10-07 20:07:16,855 [INFO] ADCParametersView:116 -                Rank 1 : true
2025-10-07 20:07:24,278 [INFO] UtilMem:75 - End SaveConfig() Used Memory: 332851272 Bytes (883949568)
2025-10-07 20:07:24,350 [INFO] UtilMem:75 - End SaveConfig() Used Memory: 342242192 Bytes (883949568)
2025-10-07 20:07:24,831 [INFO] UtilMem:75 - End SaveConfig() Used Memory: 368098176 Bytes (883949568)
2025-10-07 20:07:25,037 [INFO] BlockDiagram:2775 - set Specific Code input for plugin: SPI
2025-10-07 20:07:25,037 [INFO] BlockDiagram:2775 - set Specific Code input for plugin: NVIC
2025-10-07 20:07:25,037 [INFO] BlockDiagram:2775 - set Specific Code input for plugin: ADC
2025-10-07 20:07:25,037 [INFO] BlockDiagram:2775 - set Specific Code input for plugin: SYS
2025-10-07 20:07:25,037 [INFO] BlockDiagram:2775 - set Specific Code input for plugin: GPIO
2025-10-07 20:07:25,037 [INFO] BlockDiagram:2775 - set Specific Code input for plugin: ADC
2025-10-07 20:07:25,037 [INFO] BlockDiagram:2775 - set Specific Code input for plugin: RCC
2025-10-07 20:07:25,037 [INFO] BlockDiagram:2775 - set Specific Code input for plugin: TIM1_8F1
2025-10-07 20:07:25,038 [INFO] CodeGenerator:892 - code generatio: config db path: C:\ST\STM32CubeIDE_1.15.1\STM32CubeIDE\plugins\com.st.stm32cube.common.mx_6.15.0.202507011659\\db\
2025-10-07 20:07:25,120 [INFO] CodeEngine:265 - oldGeneratedFile, C:\Users\lucas\Documents\Github\STM3205P\3.Firmware\STM3205P\MXTmpFiles\license.tmp_save
2025-10-07 20:07:25,213 [INFO] CodeEngine:289 - Generated code: C:\Users\lucas\Documents\Github\STM3205P\3.Firmware\STM3205P\MXTmpFiles\license.tmp
2025-10-07 20:07:25,252 [INFO] CodeEngine:265 - oldGeneratedFile, C:\Users\lucas\Documents\Github\STM3205P\3.Firmware\STM3205P\MXTmpFiles\gpio.tmp_save
2025-10-07 20:07:25,332 [INFO] CodeEngine:289 - Generated code: C:\Users\lucas\Documents\Github\STM3205P\3.Firmware\STM3205P\MXTmpFiles\gpio.tmp
2025-10-07 20:07:25,481 [INFO] CodeEngine:265 - oldGeneratedFile, C:\Users\lucas\Documents\Github\STM3205P\3.Firmware\STM3205P\Core\Src\stm32f1xx_it.c_save
2025-10-07 20:07:25,644 [INFO] CodeEngine:289 - Generated code: C:\Users\lucas\Documents\Github\STM3205P\3.Firmware\STM3205P\Core\Src\stm32f1xx_it.c
2025-10-07 20:07:25,656 [INFO] CodeEngine:265 - oldGeneratedFile, C:\Users\lucas\Documents\Github\STM3205P\3.Firmware\STM3205P\Core\Inc\stm32f1xx_it.h_save
2025-10-07 20:07:25,717 [INFO] CodeEngine:289 - Generated code: C:\Users\lucas\Documents\Github\STM3205P\3.Firmware\STM3205P\Core\Inc\stm32f1xx_it.h
2025-10-07 20:07:25,737 [INFO] CodeEngine:265 - oldGeneratedFile, C:\Users\lucas\Documents\Github\STM3205P\3.Firmware\STM3205P\Core\Src\stm32f1xx_hal_msp.c_save
2025-10-07 20:07:25,851 [INFO] CodeEngine:289 - Generated code: C:\Users\lucas\Documents\Github\STM3205P\3.Firmware\STM3205P\Core\Src\stm32f1xx_hal_msp.c
2025-10-07 20:07:25,859 [INFO] CodeEngine:265 - oldGeneratedFile, C:\Users\lucas\Documents\Github\STM3205P\3.Firmware\STM3205P\MXTmpFiles\system.tmp_save
2025-10-07 20:07:25,912 [INFO] CodeEngine:289 - Generated code: C:\Users\lucas\Documents\Github\STM3205P\3.Firmware\STM3205P\MXTmpFiles\system.tmp
2025-10-07 20:07:25,927 [INFO] CodeEngine:321 - oldGeneratedFile, C:\Users\lucas\Documents\Github\STM3205P\3.Firmware\STM3205P\Core\Inc\stm32f1xx_hal_conf.h_save
2025-10-07 20:07:25,993 [INFO] CodeEngine:345 - Generated code: C:\Users\lucas\Documents\Github\STM3205P\3.Firmware\STM3205P\Core\Inc\stm32f1xx_hal_conf.h
2025-10-07 20:07:26,021 [INFO] ApiDbMcu:532 - Load IP Config File for TIM3
2025-10-07 20:07:26,022 [WARN] IPConfigManager:3811 - IP not found : TIM
2025-10-07 20:07:26,023 [WARN] CodeGenerator:4259 - IP not found : null
2025-10-07 20:07:26,037 [INFO] CodeEngine:265 - oldGeneratedFile, C:\Users\lucas\Documents\Github\STM3205P\3.Firmware\STM3205P\Core\Inc\main.h_save
2025-10-07 20:07:26,122 [INFO] CodeEngine:289 - Generated code: C:\Users\lucas\Documents\Github\STM3205P\3.Firmware\STM3205P\Core\Inc\main.h
2025-10-07 20:07:26,134 [INFO] CodeEngine:265 - oldGeneratedFile, C:\Users\lucas\Documents\Github\STM3205P\3.Firmware\STM3205P\Core\Src\main.c_save
2025-10-07 20:07:26,248 [INFO] CodeEngine:289 - Generated code: C:\Users\lucas\Documents\Github\STM3205P\3.Firmware\STM3205P\Core\Src\main.c
2025-10-07 20:07:26,576 [INFO] ProjectBuilder:3606 - Time for Copy HAL[1] : 173mS.
2025-10-07 20:07:26,581 [INFO] ProjectBuilder:5216 - Project Generator version: 4.7.0-B52
2025-10-07 20:07:26,648 [INFO] ConfigFileManager:1595 - The Die is : DIE412
2025-10-07 20:07:27,446 [INFO] ProjectBuilder:5496 - Time for Generating toolchain IDE Files: 865mS.
2025-10-07 20:07:27,447 [INFO] ProjectBuilder:3463 - Time for Copy CMSIS : 1mS.
2025-10-07 20:07:27,453 [INFO] ProjectBuilder:3463 - Time for Copy CMSIS : 0mS.
2025-10-07 20:14:01,236 [INFO] NvicIntPanel:101 - NVIC parent = com.st.microxplorer.plugins.ip.nvic.MultiNvicIntPanel[,0,0,0x0,invalid,layout=javax.swing.BoxLayout,alignmentX=0.0,alignmentY=0.0,border=,flags=9,maximumSize=,minimumSize=,preferredSize=]
2025-10-07 20:14:01,252 [INFO] ADCParametersView:116 -                Rank 1 : true
2025-10-07 20:14:01,253 [INFO] ADCParametersView:116 -                Rank 1 : true
2025-10-07 20:14:01,253 [INFO] ADCParametersView:116 -                Rank 1 : true
2025-10-07 20:14:01,253 [INFO] ADCParametersView:116 -                Rank 1 : true
2025-10-07 20:14:01,253 [INFO] ADCParametersView:116 -                Rank 1 : true
2025-10-07 20:14:01,253 [INFO] ADCParametersView:116 -                Rank 1 : true
2025-10-07 20:14:01,253 [INFO] ADCParametersView:116 -                Rank 1 : true
2025-10-07 20:14:01,253 [INFO] ADCParametersView:116 -                Rank 1 : true
2025-10-07 20:14:01,255 [INFO] ADCParametersView:116 -                Rank 1 : true
2025-10-07 20:14:01,255 [INFO] ADCParametersView:116 -                Rank 1 : true
2025-10-07 20:14:01,257 [INFO] ADCParametersView:116 -                Rank 1 : true
2025-10-07 20:14:03,911 [INFO] ADCParametersView:116 -                Rank 1 : false
2025-10-07 20:14:03,919 [INFO] ADCParametersView:116 -                Rank 1 : false
2025-10-07 20:14:03,919 [INFO] ADCParametersView:116 -                Rank 1 : false
2025-10-07 20:14:03,919 [INFO] ADCParametersView:116 -                Rank 1 : false
2025-10-07 20:14:03,919 [INFO] ADCParametersView:116 -                Rank 1 : false
2025-10-07 20:14:03,919 [INFO] ADCParametersView:116 -                Rank 1 : false
2025-10-07 20:14:03,919 [INFO] ADCParametersView:116 -                Rank 1 : false
2025-10-07 20:14:03,919 [INFO] ADCParametersView:116 -                Rank 1 : false
2025-10-07 20:14:03,919 [INFO] ADCParametersView:116 -                Rank 1 : false
2025-10-07 20:14:03,919 [INFO] ADCParametersView:116 -                Rank 1 : false
2025-10-07 20:14:03,920 [INFO] ADCParametersView:116 -                Rank 1 : false
2025-10-07 20:14:03,921 [INFO] ADCParametersView:116 -                Rank 1 : false
2025-10-07 20:14:16,465 [INFO] NvicIntPanel:101 - NVIC parent = com.st.microxplorer.plugins.ip.nvic.MultiNvicIntPanel[,0,0,0x0,invalid,layout=javax.swing.BoxLayout,alignmentX=0.0,alignmentY=0.0,border=,flags=9,maximumSize=,minimumSize=,preferredSize=]
2025-10-07 20:14:16,479 [INFO] ADCParametersView:116 -                Rank 1 : false
2025-10-07 20:14:16,480 [INFO] ADCParametersView:116 -                Rank 1 : false
2025-10-07 20:14:16,480 [INFO] ADCParametersView:116 -                Rank 1 : false
2025-10-07 20:14:16,480 [INFO] ADCParametersView:116 -                Rank 1 : false
2025-10-07 20:14:16,480 [INFO] ADCParametersView:116 -                Rank 1 : false
2025-10-07 20:14:16,480 [INFO] ADCParametersView:116 -                Rank 1 : false
2025-10-07 20:14:16,480 [INFO] ADCParametersView:116 -                Rank 1 : false
2025-10-07 20:14:16,480 [INFO] ADCParametersView:116 -                Rank 1 : false
2025-10-07 20:14:16,480 [INFO] ADCParametersView:116 -                Rank 1 : false
2025-10-07 20:14:16,480 [INFO] ADCParametersView:116 -                Rank 1 : false
2025-10-07 20:14:16,482 [INFO] ADCParametersView:116 -                Rank 1 : false
2025-10-07 20:14:21,747 [INFO] ADCParametersView:116 -                Rank 1 : true
2025-10-07 20:14:21,748 [INFO] ADCParametersView:116 -                Rank 1 : true
2025-10-07 20:14:21,748 [INFO] ADCParametersView:116 -                Rank 1 : true
2025-10-07 20:14:21,748 [INFO] ADCParametersView:116 -                Rank 1 : true
2025-10-07 20:14:21,748 [INFO] ADCParametersView:116 -                Rank 1 : true
2025-10-07 20:14:21,748 [INFO] ADCParametersView:116 -                Rank 1 : true
2025-10-07 20:14:21,748 [INFO] ADCParametersView:116 -                Rank 1 : true
2025-10-07 20:14:21,748 [INFO] ADCParametersView:116 -                Rank 1 : true
2025-10-07 20:14:21,748 [INFO] ADCParametersView:116 -                Rank 1 : true
2025-10-07 20:14:21,748 [INFO] ADCParametersView:116 -                Rank 1 : true
2025-10-07 20:14:21,750 [INFO] ADCParametersView:116 -                Rank 1 : true
2025-10-07 20:14:21,758 [INFO] ADCParametersView:116 -                Rank 1 : true
2025-10-07 20:14:21,759 [INFO] ADCParametersView:116 -                Rank 1 : true
2025-10-07 20:14:21,759 [INFO] ADCParametersView:116 -                Rank 1 : true
2025-10-07 20:14:21,759 [INFO] ADCParametersView:116 -                Rank 1 : true
2025-10-07 20:14:21,759 [INFO] ADCParametersView:116 -                Rank 1 : true
2025-10-07 20:14:21,759 [INFO] ADCParametersView:116 -                Rank 1 : true
2025-10-07 20:14:21,759 [INFO] ADCParametersView:116 -                Rank 1 : true
2025-10-07 20:14:21,759 [INFO] ADCParametersView:116 -                Rank 1 : true
2025-10-07 20:14:21,759 [INFO] ADCParametersView:116 -                Rank 1 : true
2025-10-07 20:14:21,759 [INFO] ADCParametersView:116 -                Rank 1 : true
2025-10-07 20:14:21,761 [INFO] ADCParametersView:116 -                Rank 1 : true
2025-10-07 20:14:26,212 [INFO] ADCParametersView:116 -                Rank 1 : false
2025-10-07 20:14:26,213 [INFO] ADCParametersView:116 -                Rank 1 : false
2025-10-07 20:14:26,213 [INFO] ADCParametersView:116 -                Rank 1 : false
2025-10-07 20:14:26,213 [INFO] ADCParametersView:116 -                Rank 1 : false
2025-10-07 20:14:26,214 [INFO] ADCParametersView:116 -                Rank 1 : false
2025-10-07 20:14:26,214 [INFO] ADCParametersView:116 -                Rank 1 : false
2025-10-07 20:14:26,214 [INFO] ADCParametersView:116 -                Rank 1 : false
2025-10-07 20:14:26,214 [INFO] ADCParametersView:116 -                Rank 1 : false
2025-10-07 20:14:26,214 [INFO] ADCParametersView:116 -                Rank 1 : false
2025-10-07 20:14:26,214 [INFO] ADCParametersView:116 -                Rank 1 : false
2025-10-07 20:14:26,216 [INFO] ADCParametersView:116 -                Rank 1 : false
2025-10-07 20:14:26,225 [INFO] ADCParametersView:116 -                Rank 1 : false
2025-10-07 20:14:26,225 [INFO] ADCParametersView:116 -                Rank 1 : false
2025-10-07 20:14:26,225 [INFO] ADCParametersView:116 -                Rank 1 : false
2025-10-07 20:14:26,225 [INFO] ADCParametersView:116 -                Rank 1 : false
2025-10-07 20:14:26,226 [INFO] ADCParametersView:116 -                Rank 1 : false
2025-10-07 20:14:26,226 [INFO] ADCParametersView:116 -                Rank 1 : false
2025-10-07 20:14:26,226 [INFO] ADCParametersView:116 -                Rank 1 : false
2025-10-07 20:14:26,226 [INFO] ADCParametersView:116 -                Rank 1 : false
2025-10-07 20:14:26,226 [INFO] ADCParametersView:116 -                Rank 1 : false
2025-10-07 20:14:26,226 [INFO] ADCParametersView:116 -                Rank 1 : false
2025-10-07 20:14:26,228 [INFO] ADCParametersView:116 -                Rank 1 : false
2025-10-07 20:14:27,698 [INFO] ADCParametersView:116 -                Rank 1 : true
2025-10-07 20:14:29,448 [INFO] ADCParametersView:116 -                Rank 1 : false
2025-10-07 20:14:57,233 [INFO] NvicIntPanel:101 - NVIC parent = com.st.microxplorer.plugins.ip.nvic.MultiNvicIntPanel[,0,0,675x369,layout=javax.swing.BoxLayout,alignmentX=0.0,alignmentY=0.0,border=,flags=9,maximumSize=,minimumSize=,preferredSize=]
2025-10-07 20:14:58,958 [INFO] ADCParametersView:116 -                Rank 1 : false
2025-10-07 20:14:58,959 [INFO] ADCParametersView:116 -                Rank 1 : false
2025-10-07 20:14:58,959 [INFO] ADCParametersView:116 -                Rank 1 : false
2025-10-07 20:14:58,959 [INFO] ADCParametersView:116 -                Rank 1 : false
2025-10-07 20:14:58,959 [INFO] ADCParametersView:116 -                Rank 1 : false
2025-10-07 20:14:58,959 [INFO] ADCParametersView:116 -                Rank 1 : false
2025-10-07 20:14:58,959 [INFO] ADCParametersView:116 -                Rank 1 : false
2025-10-07 20:14:58,959 [INFO] ADCParametersView:116 -                Rank 1 : false
2025-10-07 20:14:58,959 [INFO] ADCParametersView:116 -                Rank 1 : false
2025-10-07 20:14:58,959 [INFO] ADCParametersView:116 -                Rank 1 : false
2025-10-07 20:14:58,961 [INFO] ADCParametersView:116 -                Rank 1 : false
2025-10-07 20:15:33,556 [INFO] UtilMem:75 - End SaveConfig() Used Memory: 482268800 Bytes (883949568)
2025-10-07 20:15:33,621 [INFO] UtilMem:75 - End SaveConfig() Used Memory: 491705984 Bytes (883949568)
2025-10-07 20:15:34,262 [INFO] UtilMem:75 - End SaveConfig() Used Memory: 622777984 Bytes (883949568)
2025-10-07 20:15:34,600 [INFO] BlockDiagram:2775 - set Specific Code input for plugin: SPI
2025-10-07 20:15:34,600 [INFO] BlockDiagram:2775 - set Specific Code input for plugin: NVIC
2025-10-07 20:15:34,600 [INFO] BlockDiagram:2775 - set Specific Code input for plugin: ADC
2025-10-07 20:15:34,600 [INFO] BlockDiagram:2775 - set Specific Code input for plugin: SYS
2025-10-07 20:15:34,600 [INFO] BlockDiagram:2775 - set Specific Code input for plugin: GPIO
2025-10-07 20:15:34,600 [INFO] BlockDiagram:2775 - set Specific Code input for plugin: ADC
2025-10-07 20:15:34,600 [INFO] BlockDiagram:2775 - set Specific Code input for plugin: RCC
2025-10-07 20:15:34,600 [INFO] BlockDiagram:2775 - set Specific Code input for plugin: TIM1_8F1
2025-10-07 20:15:34,602 [INFO] CodeGenerator:892 - code generatio: config db path: C:\ST\STM32CubeIDE_1.15.1\STM32CubeIDE\plugins\com.st.stm32cube.common.mx_6.15.0.202507011659\\db\
2025-10-07 20:15:34,667 [INFO] CodeEngine:265 - oldGeneratedFile, C:\Users\lucas\Documents\Github\STM3205P\3.Firmware\STM3205P\MXTmpFiles\license.tmp_save
2025-10-07 20:15:34,723 [INFO] CodeEngine:289 - Generated code: C:\Users\lucas\Documents\Github\STM3205P\3.Firmware\STM3205P\MXTmpFiles\license.tmp
2025-10-07 20:15:34,773 [INFO] CodeEngine:265 - oldGeneratedFile, C:\Users\lucas\Documents\Github\STM3205P\3.Firmware\STM3205P\MXTmpFiles\gpio.tmp_save
2025-10-07 20:15:34,835 [INFO] CodeEngine:289 - Generated code: C:\Users\lucas\Documents\Github\STM3205P\3.Firmware\STM3205P\MXTmpFiles\gpio.tmp
2025-10-07 20:15:34,973 [INFO] CodeEngine:265 - oldGeneratedFile, C:\Users\lucas\Documents\Github\STM3205P\3.Firmware\STM3205P\Core\Src\stm32f1xx_it.c_save
2025-10-07 20:15:35,046 [INFO] CodeEngine:289 - Generated code: C:\Users\lucas\Documents\Github\STM3205P\3.Firmware\STM3205P\Core\Src\stm32f1xx_it.c
2025-10-07 20:15:35,056 [INFO] CodeEngine:265 - oldGeneratedFile, C:\Users\lucas\Documents\Github\STM3205P\3.Firmware\STM3205P\Core\Inc\stm32f1xx_it.h_save
2025-10-07 20:15:35,110 [INFO] CodeEngine:289 - Generated code: C:\Users\lucas\Documents\Github\STM3205P\3.Firmware\STM3205P\Core\Inc\stm32f1xx_it.h
2025-10-07 20:15:35,128 [INFO] CodeEngine:265 - oldGeneratedFile, C:\Users\lucas\Documents\Github\STM3205P\3.Firmware\STM3205P\Core\Src\stm32f1xx_hal_msp.c_save
2025-10-07 20:15:35,209 [INFO] CodeEngine:289 - Generated code: C:\Users\lucas\Documents\Github\STM3205P\3.Firmware\STM3205P\Core\Src\stm32f1xx_hal_msp.c
2025-10-07 20:15:35,215 [INFO] CodeEngine:265 - oldGeneratedFile, C:\Users\lucas\Documents\Github\STM3205P\3.Firmware\STM3205P\MXTmpFiles\system.tmp_save
2025-10-07 20:15:35,265 [INFO] CodeEngine:289 - Generated code: C:\Users\lucas\Documents\Github\STM3205P\3.Firmware\STM3205P\MXTmpFiles\system.tmp
2025-10-07 20:15:35,278 [INFO] CodeEngine:321 - oldGeneratedFile, C:\Users\lucas\Documents\Github\STM3205P\3.Firmware\STM3205P\Core\Inc\stm32f1xx_hal_conf.h_save
2025-10-07 20:15:35,343 [INFO] CodeEngine:345 - Generated code: C:\Users\lucas\Documents\Github\STM3205P\3.Firmware\STM3205P\Core\Inc\stm32f1xx_hal_conf.h
2025-10-07 20:15:35,357 [WARN] IPConfigManager:3811 - IP not found : TIM
2025-10-07 20:15:35,357 [WARN] CodeGenerator:4259 - IP not found : null
2025-10-07 20:15:35,367 [INFO] CodeEngine:265 - oldGeneratedFile, C:\Users\lucas\Documents\Github\STM3205P\3.Firmware\STM3205P\Core\Inc\main.h_save
2025-10-07 20:15:35,432 [INFO] CodeEngine:289 - Generated code: C:\Users\lucas\Documents\Github\STM3205P\3.Firmware\STM3205P\Core\Inc\main.h
2025-10-07 20:15:35,442 [INFO] CodeEngine:265 - oldGeneratedFile, C:\Users\lucas\Documents\Github\STM3205P\3.Firmware\STM3205P\Core\Src\main.c_save
2025-10-07 20:15:35,535 [INFO] CodeEngine:289 - Generated code: C:\Users\lucas\Documents\Github\STM3205P\3.Firmware\STM3205P\Core\Src\main.c
2025-10-07 20:15:35,850 [INFO] ProjectBuilder:3606 - Time for Copy HAL[1] : 154mS.
2025-10-07 20:15:35,853 [INFO] ProjectBuilder:5216 - Project Generator version: 4.7.0-B52
2025-10-07 20:15:35,917 [INFO] ConfigFileManager:1595 - The Die is : DIE412
2025-10-07 20:15:36,613 [INFO] ProjectBuilder:5496 - Time for Generating toolchain IDE Files: 760mS.
2025-10-07 20:15:36,613 [INFO] ProjectBuilder:3463 - Time for Copy CMSIS : 0mS.
2025-10-07 20:15:36,618 [INFO] ProjectBuilder:3463 - Time for Copy CMSIS : 0mS.
2025-10-07 20:17:09,162 [INFO] ADCParametersView:116 -                Rank 1 : true
2025-10-07 20:17:09,163 [INFO] ADCParametersView:116 -                Rank 1 : true
2025-10-07 20:17:09,163 [INFO] ADCParametersView:116 -                Rank 1 : true
2025-10-07 20:17:09,163 [INFO] ADCParametersView:116 -                Rank 1 : true
2025-10-07 20:17:09,163 [INFO] ADCParametersView:116 -                Rank 1 : true
2025-10-07 20:17:09,163 [INFO] ADCParametersView:116 -                Rank 1 : true
2025-10-07 20:17:09,163 [INFO] ADCParametersView:116 -                Rank 1 : true
2025-10-07 20:17:09,163 [INFO] ADCParametersView:116 -                Rank 1 : true
2025-10-07 20:17:09,163 [INFO] ADCParametersView:116 -                Rank 1 : true
2025-10-07 20:17:09,163 [INFO] ADCParametersView:116 -                Rank 1 : true
2025-10-07 20:17:09,166 [INFO] ADCParametersView:116 -                Rank 1 : true
2025-10-07 20:17:09,177 [INFO] ADCParametersView:116 -                Rank 1 : true
2025-10-07 20:17:09,178 [INFO] ADCParametersView:116 -                Rank 1 : true
2025-10-07 20:17:09,178 [INFO] ADCParametersView:116 -                Rank 1 : true
2025-10-07 20:17:09,178 [INFO] ADCParametersView:116 -                Rank 1 : true
2025-10-07 20:17:09,178 [INFO] ADCParametersView:116 -                Rank 1 : true
2025-10-07 20:17:09,178 [INFO] ADCParametersView:116 -                Rank 1 : true
2025-10-07 20:17:09,178 [INFO] ADCParametersView:116 -                Rank 1 : true
2025-10-07 20:17:09,178 [INFO] ADCParametersView:116 -                Rank 1 : true
2025-10-07 20:17:09,178 [INFO] ADCParametersView:116 -                Rank 1 : true
2025-10-07 20:17:09,178 [INFO] ADCParametersView:116 -                Rank 1 : true
2025-10-07 20:17:09,180 [INFO] ADCParametersView:116 -                Rank 1 : true
2025-10-07 20:17:12,755 [INFO] ADCParametersView:116 -                Rank 1 : false
2025-10-07 20:17:12,755 [INFO] ADCParametersView:116 -                Rank 1 : false
2025-10-07 20:17:12,755 [INFO] ADCParametersView:116 -                Rank 1 : false
2025-10-07 20:17:12,756 [INFO] ADCParametersView:116 -                Rank 1 : false
2025-10-07 20:17:12,756 [INFO] ADCParametersView:116 -                Rank 1 : false
2025-10-07 20:17:12,756 [INFO] ADCParametersView:116 -                Rank 1 : false
2025-10-07 20:17:12,756 [INFO] ADCParametersView:116 -                Rank 1 : false
2025-10-07 20:17:12,756 [INFO] ADCParametersView:116 -                Rank 1 : false
2025-10-07 20:17:12,756 [INFO] ADCParametersView:116 -                Rank 1 : false
2025-10-07 20:17:12,756 [INFO] ADCParametersView:116 -                Rank 1 : false
2025-10-07 20:17:12,759 [INFO] ADCParametersView:116 -                Rank 1 : false
2025-10-07 20:17:12,767 [INFO] ADCParametersView:116 -                Rank 1 : false
2025-10-07 20:17:12,767 [INFO] ADCParametersView:116 -                Rank 1 : false
2025-10-07 20:17:12,767 [INFO] ADCParametersView:116 -                Rank 1 : false
2025-10-07 20:17:12,767 [INFO] ADCParametersView:116 -                Rank 1 : false
2025-10-07 20:17:12,767 [INFO] ADCParametersView:116 -                Rank 1 : false
2025-10-07 20:17:12,767 [INFO] ADCParametersView:116 -                Rank 1 : false
2025-10-07 20:17:12,767 [INFO] ADCParametersView:116 -                Rank 1 : false
2025-10-07 20:17:12,767 [INFO] ADCParametersView:116 -                Rank 1 : false
2025-10-07 20:17:12,768 [INFO] ADCParametersView:116 -                Rank 1 : false
2025-10-07 20:17:12,768 [INFO] ADCParametersView:116 -                Rank 1 : false
2025-10-07 20:17:12,769 [INFO] ADCParametersView:116 -                Rank 1 : false
2025-10-07 20:17:17,220 [INFO] NvicIntPanel:101 - NVIC parent = com.st.microxplorer.plugins.ip.nvic.MultiNvicIntPanel[,0,0,675x369,layout=javax.swing.BoxLayout,alignmentX=0.0,alignmentY=0.0,border=,flags=9,maximumSize=,minimumSize=,preferredSize=]
2025-10-07 20:17:25,796 [INFO] Gpio:278 - dependency for GPIO [ADC1, ADC2, RCC, SPI1, SYS]
2025-10-07 20:17:31,361 [INFO] ADCParametersView:116 -                Rank 1 : true
2025-10-07 20:17:31,361 [INFO] ADCParametersView:116 -                Rank 1 : true
2025-10-07 20:17:31,362 [INFO] ADCParametersView:116 -                Rank 1 : true
2025-10-07 20:17:31,362 [INFO] ADCParametersView:116 -                Rank 1 : true
2025-10-07 20:17:31,362 [INFO] ADCParametersView:116 -                Rank 1 : true
2025-10-07 20:17:31,362 [INFO] ADCParametersView:116 -                Rank 1 : true
2025-10-07 20:17:31,362 [INFO] ADCParametersView:116 -                Rank 1 : true
2025-10-07 20:17:31,362 [INFO] ADCParametersView:116 -                Rank 1 : true
2025-10-07 20:17:31,362 [INFO] ADCParametersView:116 -                Rank 1 : true
2025-10-07 20:17:31,362 [INFO] ADCParametersView:116 -                Rank 1 : true
2025-10-07 20:17:31,364 [INFO] ADCParametersView:116 -                Rank 1 : true
2025-10-07 20:17:31,371 [INFO] ADCParametersView:116 -                Rank 1 : true
2025-10-07 20:17:31,372 [INFO] ADCParametersView:116 -                Rank 1 : true
2025-10-07 20:17:31,372 [INFO] ADCParametersView:116 -                Rank 1 : true
2025-10-07 20:17:31,372 [INFO] ADCParametersView:116 -                Rank 1 : true
2025-10-07 20:17:31,372 [INFO] ADCParametersView:116 -                Rank 1 : true
2025-10-07 20:17:31,372 [INFO] ADCParametersView:116 -                Rank 1 : true
2025-10-07 20:17:31,372 [INFO] ADCParametersView:116 -                Rank 1 : true
2025-10-07 20:17:31,372 [INFO] ADCParametersView:116 -                Rank 1 : true
2025-10-07 20:17:31,372 [INFO] ADCParametersView:116 -                Rank 1 : true
2025-10-07 20:17:31,372 [INFO] ADCParametersView:116 -                Rank 1 : true
2025-10-07 20:17:31,373 [INFO] ADCParametersView:116 -                Rank 1 : true
2025-10-07 20:17:33,785 [INFO] NvicIntPanel:101 - NVIC parent = com.st.microxplorer.plugins.ip.nvic.MultiNvicIntPanel[,0,0,0x0,invalid,layout=javax.swing.BoxLayout,alignmentX=0.0,alignmentY=0.0,border=,flags=9,maximumSize=,minimumSize=,preferredSize=]
2025-10-07 20:17:33,803 [INFO] ADCParametersView:116 -                Rank 1 : true
2025-10-07 20:17:33,804 [INFO] ADCParametersView:116 -                Rank 1 : true
2025-10-07 20:17:33,804 [INFO] ADCParametersView:116 -                Rank 1 : true
2025-10-07 20:17:33,804 [INFO] ADCParametersView:116 -                Rank 1 : true
2025-10-07 20:17:33,804 [INFO] ADCParametersView:116 -                Rank 1 : true
2025-10-07 20:17:33,804 [INFO] ADCParametersView:116 -                Rank 1 : true
2025-10-07 20:17:33,804 [INFO] ADCParametersView:116 -                Rank 1 : true
2025-10-07 20:17:33,804 [INFO] ADCParametersView:116 -                Rank 1 : true
2025-10-07 20:17:33,804 [INFO] ADCParametersView:116 -                Rank 1 : true
2025-10-07 20:17:33,804 [INFO] ADCParametersView:116 -                Rank 1 : true
2025-10-07 20:17:33,806 [INFO] ADCParametersView:116 -                Rank 1 : true
2025-10-07 20:17:33,813 [INFO] ADCParametersView:116 -                Rank 1 : true
2025-10-07 20:17:33,813 [INFO] ADCParametersView:116 -                Rank 1 : true
2025-10-07 20:17:33,815 [INFO] ADCParametersView:116 -                Rank 1 : true
2025-10-07 20:17:33,815 [INFO] ADCParametersView:116 -                Rank 1 : true
2025-10-07 20:17:33,815 [INFO] ADCParametersView:116 -                Rank 1 : true
2025-10-07 20:17:33,815 [INFO] ADCParametersView:116 -                Rank 1 : true
2025-10-07 20:17:33,815 [INFO] ADCParametersView:116 -                Rank 1 : true
2025-10-07 20:17:33,815 [INFO] ADCParametersView:116 -                Rank 1 : true
2025-10-07 20:17:33,815 [INFO] ADCParametersView:116 -                Rank 1 : true
2025-10-07 20:17:33,815 [INFO] ADCParametersView:116 -                Rank 1 : true
2025-10-07 20:17:33,817 [INFO] ADCParametersView:116 -                Rank 1 : true
2025-10-07 20:17:33,850 [INFO] ADCParametersView:116 -                Rank 1 : true
2025-10-07 20:17:33,851 [INFO] ADCParametersView:116 -                Rank 1 : true
2025-10-07 20:17:33,851 [INFO] ADCParametersView:116 -                Rank 1 : true
2025-10-07 20:17:33,851 [INFO] ADCParametersView:116 -                Rank 1 : true
2025-10-07 20:17:33,851 [INFO] ADCParametersView:116 -                Rank 1 : true
2025-10-07 20:17:33,851 [INFO] ADCParametersView:116 -                Rank 1 : true
2025-10-07 20:17:33,851 [INFO] ADCParametersView:116 -                Rank 1 : true
2025-10-07 20:17:33,851 [INFO] ADCParametersView:116 -                Rank 1 : true
2025-10-07 20:17:33,851 [INFO] ADCParametersView:116 -                Rank 1 : true
2025-10-07 20:17:33,851 [INFO] ADCParametersView:116 -                Rank 1 : true
2025-10-07 20:17:33,853 [INFO] ADCParametersView:116 -                Rank 1 : true
2025-10-07 20:17:33,862 [INFO] ADCParametersView:116 -                Rank 1 : true
2025-10-07 20:17:33,862 [INFO] ADCParametersView:116 -                Rank 1 : true
2025-10-07 20:17:33,862 [INFO] ADCParametersView:116 -                Rank 1 : true
2025-10-07 20:17:33,862 [INFO] ADCParametersView:116 -                Rank 1 : true
2025-10-07 20:17:33,862 [INFO] ADCParametersView:116 -                Rank 1 : true
2025-10-07 20:17:33,862 [INFO] ADCParametersView:116 -                Rank 1 : true
2025-10-07 20:17:33,862 [INFO] ADCParametersView:116 -                Rank 1 : true
2025-10-07 20:17:33,862 [INFO] ADCParametersView:116 -                Rank 1 : true
2025-10-07 20:17:33,862 [INFO] ADCParametersView:116 -                Rank 1 : true
2025-10-07 20:17:33,862 [INFO] ADCParametersView:116 -                Rank 1 : true
2025-10-07 20:17:33,865 [INFO] ADCParametersView:116 -                Rank 1 : true
2025-10-07 20:17:34,303 [INFO] ADCParametersView:116 -                Rank 1 : true
2025-10-07 20:17:34,305 [INFO] ADCParametersView:116 -                Rank 1 : true
2025-10-07 20:17:34,305 [INFO] ADCParametersView:116 -                Rank 1 : true
2025-10-07 20:17:34,305 [INFO] ADCParametersView:116 -                Rank 1 : true
2025-10-07 20:17:34,305 [INFO] ADCParametersView:116 -                Rank 1 : true
2025-10-07 20:17:34,305 [INFO] ADCParametersView:116 -                Rank 1 : true
2025-10-07 20:17:34,305 [INFO] ADCParametersView:116 -                Rank 1 : true
2025-10-07 20:17:34,305 [INFO] ADCParametersView:116 -                Rank 1 : true
2025-10-07 20:17:34,305 [INFO] ADCParametersView:116 -                Rank 1 : true
2025-10-07 20:17:34,305 [INFO] ADCParametersView:116 -                Rank 1 : true
2025-10-07 20:17:34,308 [INFO] ADCParametersView:116 -                Rank 1 : true
2025-10-07 20:17:34,316 [INFO] ADCParametersView:116 -                Rank 1 : true
2025-10-07 20:17:34,317 [INFO] ADCParametersView:116 -                Rank 1 : true
2025-10-07 20:17:34,317 [INFO] ADCParametersView:116 -                Rank 1 : true
2025-10-07 20:17:34,317 [INFO] ADCParametersView:116 -                Rank 1 : true
2025-10-07 20:17:34,317 [INFO] ADCParametersView:116 -                Rank 1 : true
2025-10-07 20:17:34,317 [INFO] ADCParametersView:116 -                Rank 1 : true
2025-10-07 20:17:34,317 [INFO] ADCParametersView:116 -                Rank 1 : true
2025-10-07 20:17:34,317 [INFO] ADCParametersView:116 -                Rank 1 : true
2025-10-07 20:17:34,317 [INFO] ADCParametersView:116 -                Rank 1 : true
2025-10-07 20:17:34,317 [INFO] ADCParametersView:116 -                Rank 1 : true
2025-10-07 20:17:34,319 [INFO] ADCParametersView:116 -                Rank 1 : true
2025-10-07 20:17:34,338 [INFO] ADCParametersView:116 -                Rank 1 : true
2025-10-07 20:17:34,339 [INFO] ADCParametersView:116 -                Rank 1 : true
2025-10-07 20:17:34,339 [INFO] ADCParametersView:116 -                Rank 1 : true
2025-10-07 20:17:34,339 [INFO] ADCParametersView:116 -                Rank 1 : true
2025-10-07 20:17:34,339 [INFO] ADCParametersView:116 -                Rank 1 : true
2025-10-07 20:17:34,339 [INFO] ADCParametersView:116 -                Rank 1 : true
2025-10-07 20:17:34,339 [INFO] ADCParametersView:116 -                Rank 1 : true
2025-10-07 20:17:34,339 [INFO] ADCParametersView:116 -                Rank 1 : true
2025-10-07 20:17:34,339 [INFO] ADCParametersView:116 -                Rank 1 : true
2025-10-07 20:17:34,339 [INFO] ADCParametersView:116 -                Rank 1 : true
2025-10-07 20:17:34,341 [INFO] ADCParametersView:116 -                Rank 1 : true
2025-10-07 20:17:34,349 [INFO] ADCParametersView:116 -                Rank 1 : true
2025-10-07 20:17:34,349 [INFO] ADCParametersView:116 -                Rank 1 : true
2025-10-07 20:17:34,349 [INFO] ADCParametersView:116 -                Rank 1 : true
2025-10-07 20:17:34,349 [INFO] ADCParametersView:116 -                Rank 1 : true
2025-10-07 20:17:34,349 [INFO] ADCParametersView:116 -                Rank 1 : true
2025-10-07 20:17:34,349 [INFO] ADCParametersView:116 -                Rank 1 : true
2025-10-07 20:17:34,349 [INFO] ADCParametersView:116 -                Rank 1 : true
2025-10-07 20:17:34,349 [INFO] ADCParametersView:116 -                Rank 1 : true
2025-10-07 20:17:34,349 [INFO] ADCParametersView:116 -                Rank 1 : true
2025-10-07 20:17:34,349 [INFO] ADCParametersView:116 -                Rank 1 : true
2025-10-07 20:17:34,351 [INFO] ADCParametersView:116 -                Rank 1 : true
2025-10-07 20:17:34,389 [INFO] ADCParametersView:116 -                Rank 1 : true
2025-10-07 20:17:34,390 [INFO] ADCParametersView:116 -                Rank 1 : true
2025-10-07 20:17:34,390 [INFO] ADCParametersView:116 -                Rank 1 : true
2025-10-07 20:17:34,390 [INFO] ADCParametersView:116 -                Rank 1 : true
2025-10-07 20:17:34,390 [INFO] ADCParametersView:116 -                Rank 1 : true
2025-10-07 20:17:34,390 [INFO] ADCParametersView:116 -                Rank 1 : true
2025-10-07 20:17:34,390 [INFO] ADCParametersView:116 -                Rank 1 : true
2025-10-07 20:17:34,390 [INFO] ADCParametersView:116 -                Rank 1 : true
2025-10-07 20:17:34,390 [INFO] ADCParametersView:116 -                Rank 1 : true
2025-10-07 20:17:34,390 [INFO] ADCParametersView:116 -                Rank 1 : true
2025-10-07 20:17:34,392 [INFO] ADCParametersView:116 -                Rank 1 : true
2025-10-07 20:17:34,401 [INFO] ADCParametersView:116 -                Rank 1 : true
2025-10-07 20:17:34,402 [INFO] ADCParametersView:116 -                Rank 1 : true
2025-10-07 20:17:34,402 [INFO] ADCParametersView:116 -                Rank 1 : true
2025-10-07 20:17:34,402 [INFO] ADCParametersView:116 -                Rank 1 : true
2025-10-07 20:17:34,402 [INFO] ADCParametersView:116 -                Rank 1 : true
2025-10-07 20:17:34,402 [INFO] ADCParametersView:116 -                Rank 1 : true
2025-10-07 20:17:34,402 [INFO] ADCParametersView:116 -                Rank 1 : true
2025-10-07 20:17:34,402 [INFO] ADCParametersView:116 -                Rank 1 : true
2025-10-07 20:17:34,402 [INFO] ADCParametersView:116 -                Rank 1 : true
2025-10-07 20:17:34,402 [INFO] ADCParametersView:116 -                Rank 1 : true
2025-10-07 20:17:34,406 [INFO] ADCParametersView:116 -                Rank 1 : true
2025-10-07 20:17:38,678 [INFO] UtilMem:75 - End SaveConfig() Used Memory: 736800648 Bytes (883949568)
2025-10-07 20:17:38,746 [INFO] UtilMem:75 - End SaveConfig() Used Memory: 746224064 Bytes (883949568)
2025-10-07 20:17:39,350 [INFO] UtilMem:75 - End SaveConfig() Used Memory: 384037288 Bytes (883949568)
2025-10-07 20:17:39,637 [INFO] BlockDiagram:2775 - set Specific Code input for plugin: SPI
2025-10-07 20:17:39,637 [INFO] BlockDiagram:2775 - set Specific Code input for plugin: NVIC
2025-10-07 20:17:39,637 [INFO] BlockDiagram:2775 - set Specific Code input for plugin: ADC
2025-10-07 20:17:39,637 [INFO] BlockDiagram:2775 - set Specific Code input for plugin: SYS
2025-10-07 20:17:39,638 [INFO] BlockDiagram:2775 - set Specific Code input for plugin: GPIO
2025-10-07 20:17:39,638 [INFO] BlockDiagram:2775 - set Specific Code input for plugin: ADC
2025-10-07 20:17:39,638 [INFO] BlockDiagram:2775 - set Specific Code input for plugin: RCC
2025-10-07 20:17:39,638 [INFO] BlockDiagram:2775 - set Specific Code input for plugin: TIM1_8F1
2025-10-07 20:17:39,639 [INFO] CodeGenerator:892 - code generatio: config db path: C:\ST\STM32CubeIDE_1.15.1\STM32CubeIDE\plugins\com.st.stm32cube.common.mx_6.15.0.202507011659\\db\
2025-10-07 20:17:39,700 [INFO] CodeEngine:265 - oldGeneratedFile, C:\Users\lucas\Documents\Github\STM3205P\3.Firmware\STM3205P\MXTmpFiles\license.tmp_save
2025-10-07 20:17:39,759 [INFO] CodeEngine:289 - Generated code: C:\Users\lucas\Documents\Github\STM3205P\3.Firmware\STM3205P\MXTmpFiles\license.tmp
2025-10-07 20:17:39,788 [INFO] CodeEngine:265 - oldGeneratedFile, C:\Users\lucas\Documents\Github\STM3205P\3.Firmware\STM3205P\MXTmpFiles\gpio.tmp_save
2025-10-07 20:17:39,843 [INFO] CodeEngine:289 - Generated code: C:\Users\lucas\Documents\Github\STM3205P\3.Firmware\STM3205P\MXTmpFiles\gpio.tmp
2025-10-07 20:17:39,962 [INFO] CodeEngine:265 - oldGeneratedFile, C:\Users\lucas\Documents\Github\STM3205P\3.Firmware\STM3205P\Core\Src\stm32f1xx_it.c_save
2025-10-07 20:17:40,027 [INFO] CodeEngine:289 - Generated code: C:\Users\lucas\Documents\Github\STM3205P\3.Firmware\STM3205P\Core\Src\stm32f1xx_it.c
2025-10-07 20:17:40,037 [INFO] CodeEngine:265 - oldGeneratedFile, C:\Users\lucas\Documents\Github\STM3205P\3.Firmware\STM3205P\Core\Inc\stm32f1xx_it.h_save
2025-10-07 20:17:40,092 [INFO] CodeEngine:289 - Generated code: C:\Users\lucas\Documents\Github\STM3205P\3.Firmware\STM3205P\Core\Inc\stm32f1xx_it.h
2025-10-07 20:17:40,107 [INFO] CodeEngine:265 - oldGeneratedFile, C:\Users\lucas\Documents\Github\STM3205P\3.Firmware\STM3205P\Core\Src\stm32f1xx_hal_msp.c_save
2025-10-07 20:17:40,187 [INFO] CodeEngine:289 - Generated code: C:\Users\lucas\Documents\Github\STM3205P\3.Firmware\STM3205P\Core\Src\stm32f1xx_hal_msp.c
2025-10-07 20:17:40,194 [INFO] CodeEngine:265 - oldGeneratedFile, C:\Users\lucas\Documents\Github\STM3205P\3.Firmware\STM3205P\MXTmpFiles\system.tmp_save
2025-10-07 20:17:40,242 [INFO] CodeEngine:289 - Generated code: C:\Users\lucas\Documents\Github\STM3205P\3.Firmware\STM3205P\MXTmpFiles\system.tmp
2025-10-07 20:17:40,257 [INFO] CodeEngine:321 - oldGeneratedFile, C:\Users\lucas\Documents\Github\STM3205P\3.Firmware\STM3205P\Core\Inc\stm32f1xx_hal_conf.h_save
2025-10-07 20:17:40,317 [INFO] CodeEngine:345 - Generated code: C:\Users\lucas\Documents\Github\STM3205P\3.Firmware\STM3205P\Core\Inc\stm32f1xx_hal_conf.h
2025-10-07 20:17:40,332 [WARN] IPConfigManager:3811 - IP not found : TIM
2025-10-07 20:17:40,333 [WARN] CodeGenerator:4259 - IP not found : null
2025-10-07 20:17:40,343 [INFO] CodeEngine:265 - oldGeneratedFile, C:\Users\lucas\Documents\Github\STM3205P\3.Firmware\STM3205P\Core\Inc\main.h_save
2025-10-07 20:17:40,403 [INFO] CodeEngine:289 - Generated code: C:\Users\lucas\Documents\Github\STM3205P\3.Firmware\STM3205P\Core\Inc\main.h
2025-10-07 20:17:40,414 [INFO] CodeEngine:265 - oldGeneratedFile, C:\Users\lucas\Documents\Github\STM3205P\3.Firmware\STM3205P\Core\Src\main.c_save
2025-10-07 20:17:40,499 [INFO] CodeEngine:289 - Generated code: C:\Users\lucas\Documents\Github\STM3205P\3.Firmware\STM3205P\Core\Src\main.c
2025-10-07 20:17:40,798 [INFO] ProjectBuilder:3606 - Time for Copy HAL[1] : 157mS.
2025-10-07 20:17:40,802 [INFO] ProjectBuilder:5216 - Project Generator version: 4.7.0-B52
2025-10-07 20:17:40,864 [INFO] ConfigFileManager:1595 - The Die is : DIE412
2025-10-07 20:17:41,547 [INFO] ProjectBuilder:5496 - Time for Generating toolchain IDE Files: 745mS.
2025-10-07 20:17:41,548 [INFO] ProjectBuilder:3463 - Time for Copy CMSIS : 1mS.
2025-10-07 20:17:41,552 [INFO] ProjectBuilder:3463 - Time for Copy CMSIS : 1mS.
2025-10-07 20:20:04,712 [ERROR] LogOutputStream:75 - [STDERR_REDIRECT] 
